IndicatorCode,Indicator,ValueType,ParentLocationCode,ParentLocation,Location type,SpatialDimValueCode,Location,Period type,Period,IsLatestYear,Dim1 type,Dim1,Dim1ValueCode,Dim2 type,Dim2,Dim2ValueCode,Dim3 type,Dim3,Dim3ValueCode,DataSourceDimValueCode,DataSource,FactValueNumericPrefix,FactValueNumeric,FactValueUoM,FactValueNumericLowPrefix,FactValueNumericLow,FactValueNumericHighPrefix,FactValueNumericHigh,Value,FactValueTranslationID,FactComments,Language,DateModified
GHED_OOP_pc_US_SHA2011,Out-of-pocket expenditure (OOP) per capita in US$,numeric,WPR,Western Pacific,Country,TUV,Tuvalu,Year,2023,true,,,,,,,,,,,,,0.77,,,,,,0.77,,,EN,2025-12-04T23:00:00.000Z
GHED_OOP_pc_US_SHA2011,Out-of-pocket expenditure (OOP) per capita in US$,numeric,SEAR,South-East Asia,Country,TLS,Timor-Leste,Year,2023,true,,,,,,,,,,,,,10.09,,,,,,10.09,,,EN,2025-12-04T23:00:00.000Z
GHED_OOP_pc_US_SHA2011,Out-of-pocket expenditure (OOP) per capita in US$,numeric,AFR,Africa,Country,TZA,United Republic of Tanzania,Year,2023,true,,,,,,,,,,,,,10.13,,,,,,10.13,,,EN,2025-12-04T23:00:00.000Z
GHED_OOP_pc_US_SHA2011,Out-of-pocket expenditure (OOP) per capita in US$,numeric,EUR,Europe,Country,AUT,Austria,Year,2023,true,,,,,,,,,,,,,1033,,,,,,1032.81,,,EN,2025-12-04T23:00:00.000Z
GHED_OOP_pc_US_SHA2011,Out-of-pocket expenditure (OOP) per capita in US$,numeric,EUR,Europe,Country,ISL,Iceland,Year,2023,true,,,,,,,,,,,,,1037,,,,,,1037.44,,,EN,2025-12-04T23:00:00.000Z
GHED_OOP_pc_US_SHA2011,Out-of-pocket expenditure (OOP) per capita in US$,numeric,EUR,Europe,Country,TUR,Türkiye,Year,2023,true,,,,,,,,,,,,,104.3,,,,,,104.34,,,EN,2025-12-04T23:00:00.000Z
GHED_OOP_pc_US_SHA2011,Out-of-pocket expenditure (OOP) per capita in US$,numeric,AFR,Africa,Country,DZA,Algeria,Year,2023,true,,,,,,,,,,,,,105,,,,,,105.03,,,EN,2025-12-04T23:00:00.000Z
GHED_OOP_pc_US_SHA2011,Out-of-pocket expenditure (OOP) per capita in US$,numeric,AMR,Americas,Country,JAM,Jamaica,Year,2023,true,,,,,,,,,,,,,105.3,,,,,,105.31,,,EN,2025-12-04T23:00:00.000Z
GHED_OOP_pc_US_SHA2011,Out-of-pocket expenditure (OOP) per capita in US$,numeric,WPR,Western Pacific,Country,AUS,Australia,Year,2023,true,,,,,,,,,,,,,1106,,,,,,1106.32,,,EN,2025-12-04T23:00:00.000Z
GHED_OOP_pc_US_SHA2011,Out-of-pocket expenditure (OOP) per capita in US$,numeric,EUR,Europe,Country,MLT,Malta,Year,2023,true,,,,,,,,,,,,,1121,,,,,,1120.58,,,EN,2025-12-04T23:00:00.000Z
GHED_OOP_pc_US_SHA2011,Out-of-pocket expenditure (OOP) per capita in US$,numeric,EUR,Europe,Country,NOR,Norway,Year,2023,true,,,,,,,,,,,,,1136,,,,,,1135.54,,,EN,2025-12-04T23:00:00.000Z
GHED_OOP_pc_US_SHA2011,Out-of-pocket expenditure (OOP) per capita in US$,numeric,EMR,Eastern Mediterranean,Country,IRN,Iran (Islamic Republic of),Year,2023,true,,,,,,,,,,,,,115.2,,,,,,115.22,,,EN,2025-12-04T23:00:00.000Z
GHED_OOP_pc_US_SHA2011,Out-of-pocket expenditure (OOP) per capita in US$,numeric,EMR,Eastern Mediterranean,Country,JOR,Jordan,Year,2023,true,,,,,,,,,,,,,117.9,,,,,,117.92,,,EN,2025-12-04T23:00:00.000Z
GHED_OOP_pc_US_SHA2011,Out-of-pocket expenditure (OOP) per capita in US$,numeric,WPR,Western Pacific,Country,VUT,Vanuatu,Year,2023,true,,,,,,,,,,,,,12.02,,,,,,12.02,,,EN,2025-12-04T23:00:00.000Z
GHED_OOP_pc_US_SHA2011,Out-of-pocket expenditure (OOP) per capita in US$,numeric,EMR,Eastern Mediterranean,Country,SDN,Sudan,Year,2023,true,,,,,,,,,,,,,12.09,,,,,,12.09,,,EN,2025-12-04T23:00:00.000Z
GHED_OOP_pc_US_SHA2011,Out-of-pocket expenditure (OOP) per capita in US$,numeric,WPR,Western Pacific,Country,LAO,Lao People's Democratic Republic,Year,2023,true,,,,,,,,,,,,,12.29,,,,,,12.29,,,EN,2025-12-04T23:00:00.000Z
GHED_OOP_pc_US_SHA2011,Out-of-pocket expenditure (OOP) per capita in US$,numeric,AMR,Americas,Country,PER,Peru,Year,2023,true,,,,,,,,,,,,,120.2,,,,,,120.22,,,EN,2025-12-04T23:00:00.000Z
GHED_OOP_pc_US_SHA2011,Out-of-pocket expenditure (OOP) per capita in US$,numeric,EMR,Eastern Mediterranean,Country,TUN,Tunisia,Year,2023,true,,,,,,,,,,,,,120.5,,,,,,120.54,,,EN,2025-12-04T23:00:00.000Z
GHED_OOP_pc_US_SHA2011,Out-of-pocket expenditure (OOP) per capita in US$,numeric,AMR,Americas,Country,DOM,Dominican Republic,Year,2023,true,,,,,,,,,,,,,122.5,,,,,,122.49,,,EN,2025-12-04T23:00:00.000Z
GHED_OOP_pc_US_SHA2011,Out-of-pocket expenditure (OOP) per capita in US$,numeric,EUR,Europe,Country,UZB,Uzbekistan,Year,2023,true,,,,,,,,,,,,,123.1,,,,,,123.07,,,EN,2025-12-04T23:00:00.000Z
GHED_OOP_pc_US_SHA2011,Out-of-pocket expenditure (OOP) per capita in US$,numeric,EUR,Europe,Country,MDA,Republic of Moldova,Year,2023,true,,,,,,,,,,,,,124.1,,,,,,124.09,,,EN,2025-12-04T23:00:00.000Z
GHED_OOP_pc_US_SHA2011,Out-of-pocket expenditure (OOP) per capita in US$,numeric,AMR,Americas,Country,VCT,Saint Vincent and the Grenadines,Year,2023,true,,,,,,,,,,,,,124.7,,,,,,124.69,,,EN,2025-12-04T23:00:00.000Z
GHED_OOP_pc_US_SHA2011,Out-of-pocket expenditure (OOP) per capita in US$,numeric,EUR,Europe,Country,BEL,Belgium,Year,2023,true,,,,,,,,,,,,,1276,,,,,,1275.75,,,EN,2025-12-04T23:00:00.000Z
GHED_OOP_pc_US_SHA2011,Out-of-pocket expenditure (OOP) per capita in US$,numeric,WPR,Western Pacific,Country,FSM,Micronesia (Federated States of),Year,2023,true,,,,,,,,,,,,,13.11,,,,,,13.11,,,EN,2025-12-04T23:00:00.000Z
GHED_OOP_pc_US_SHA2011,Out-of-pocket expenditure (OOP) per capita in US$,numeric,AFR,Africa,Country,NER,Niger,Year,2023,true,,,,,,,,,,,,,13.39,,,,,,13.39,,,EN,2025-12-04T23:00:00.000Z
GHED_OOP_pc_US_SHA2011,Out-of-pocket expenditure (OOP) per capita in US$,numeric,AFR,Africa,Country,ERI,Eritrea,Year,2023,true,,,,,,,,,,,,,13.71,,,,,,13.71,,,EN,2025-12-04T23:00:00.000Z
GHED_OOP_pc_US_SHA2011,Out-of-pocket expenditure (OOP) per capita in US$,numeric,AMR,Americas,Country,HND,Honduras,Year,2023,true,,,,,,,,,,,,,132.2,,,,,,132.20,,,EN,2025-12-04T23:00:00.000Z
GHED_OOP_pc_US_SHA2011,Out-of-pocket expenditure (OOP) per capita in US$,numeric,AMR,Americas,Country,GUY,Guyana,Year,2023,true,,,,,,,,,,,,,133,,,,,,132.96,,,EN,2025-12-04T23:00:00.000Z
GHED_OOP_pc_US_SHA2011,Out-of-pocket expenditure (OOP) per capita in US$,numeric,EMR,Eastern Mediterranean,Country,QAT,Qatar,Year,2023,true,,,,,,,,,,,,,134.1,,,,,,134.05,,,EN,2025-12-04T23:00:00.000Z
GHED_OOP_pc_US_SHA2011,Out-of-pocket expenditure (OOP) per capita in US$,numeric,EUR,Europe,Country,KAZ,Kazakhstan,Year,2023,true,,,,,,,,,,,,,135.4,,,,,,135.37,,,EN,2025-12-04T23:00:00.000Z
GHED_OOP_pc_US_SHA2011,Out-of-pocket expenditure (OOP) per capita in US$,numeric,AFR,Africa,Country,UGA,Uganda,Year,2023,true,,,,,,,,,,,,,14.55,,,,,,14.55,,,EN,2025-12-04T23:00:00.000Z
GHED_OOP_pc_US_SHA2011,Out-of-pocket expenditure (OOP) per capita in US$,numeric,AMR,Americas,Country,DMA,Dominica,Year,2023,true,,,,,,,,,,,,,144.4,,,,,,144.42,,,EN,2025-12-04T23:00:00.000Z
GHED_OOP_pc_US_SHA2011,Out-of-pocket expenditure (OOP) per capita in US$,numeric,EUR,Europe,Country,HRV,Croatia,Year,2023,true,,,,,,,,,,,,,145.2,,,,,,145.19,,,EN,2025-12-04T23:00:00.000Z
GHED_OOP_pc_US_SHA2011,Out-of-pocket expenditure (OOP) per capita in US$,numeric,EMR,Eastern Mediterranean,Country,PSE,"occupied Palestinian territory, including east Jerusalem",Year,2023,true,,,,,,,,,,,,,145.4,,,,,,145.43,,,EN,2025-12-04T23:00:00.000Z
GHED_OOP_pc_US_SHA2011,Out-of-pocket expenditure (OOP) per capita in US$,numeric,AMR,Americas,Country,USA,United States of America,Year,2023,true,,,,,,,,,,,,,1472,,,,,,1472.25,,,EN,2025-12-04T23:00:00.000Z
GHED_OOP_pc_US_SHA2011,Out-of-pocket expenditure (OOP) per capita in US$,numeric,AFR,Africa,Country,GNQ,Equatorial Guinea,Year,2023,true,,,,,,,,,,,,,154.2,,,,,,154.19,,,EN,2025-12-04T23:00:00.000Z
GHED_OOP_pc_US_SHA2011,Out-of-pocket expenditure (OOP) per capita in US$,numeric,AMR,Americas,Country,ECU,Ecuador,Year,2023,true,,,,,,,,,,,,,157.4,,,,,,157.38,,,EN,2025-12-04T23:00:00.000Z
GHED_OOP_pc_US_SHA2011,Out-of-pocket expenditure (OOP) per capita in US$,numeric,EUR,Europe,Country,BLR,Belarus,Year,2023,true,,,,,,,,,,,,,159,,,,,,158.99,,,EN,2025-12-04T23:00:00.000Z
GHED_OOP_pc_US_SHA2011,Out-of-pocket expenditure (OOP) per capita in US$,numeric,AFR,Africa,Country,MLI,Mali,Year,2023,true,,,,,,,,,,,,,16.05,,,,,,16.05,,,EN,2026-01-11T23:00:00.000Z
GHED_OOP_pc_US_SHA2011,Out-of-pocket expenditure (OOP) per capita in US$,numeric,AFR,Africa,Country,ETH,Ethiopia,Year,2023,true,,,,,,,,,,,,,16.1,,,,,,16.10,,,EN,2025-12-04T23:00:00.000Z
GHED_OOP_pc_US_SHA2011,Out-of-pocket expenditure (OOP) per capita in US$,numeric,EMR,Eastern Mediterranean,Country,PAK,Pakistan,Year,2023,true,,,,,,,,,,,,,16.14,,,,,,16.14,,,EN,2025-12-04T23:00:00.000Z
GHED_OOP_pc_US_SHA2011,Out-of-pocket expenditure (OOP) per capita in US$,numeric,AFR,Africa,Country,LSO,Lesotho,Year,2023,true,,,,,,,,,,,,,16.18,,,,,,16.18,,,EN,2025-12-04T23:00:00.000Z
GHED_OOP_pc_US_SHA2011,Out-of-pocket expenditure (OOP) per capita in US$,numeric,WPR,Western Pacific,Country,NRU,Nauru,Year,2023,true,,,,,,,,,,,,,16.77,,,,,,16.77,,,EN,2025-12-04T23:00:00.000Z
GHED_OOP_pc_US_SHA2011,Out-of-pocket expenditure (OOP) per capita in US$,numeric,AMR,Americas,Country,SLV,El Salvador,Year,2023,true,,,,,,,,,,,,,162.7,,,,,,162.70,,,EN,2025-12-04T23:00:00.000Z
GHED_OOP_pc_US_SHA2011,Out-of-pocket expenditure (OOP) per capita in US$,numeric,WPR,Western Pacific,Country,MYS,Malaysia,Year,2023,true,,,,,,,,,,,,,167,,,,,,167.05,,,EN,2025-12-04T23:00:00.000Z
GHED_OOP_pc_US_SHA2011,Out-of-pocket expenditure (OOP) per capita in US$,numeric,EMR,Eastern Mediterranean,Country,KWT,Kuwait,Year,2023,true,,,,,,,,,,,,,168,,,,,,167.97,,,EN,2025-12-04T23:00:00.000Z
GHED_OOP_pc_US_SHA2011,Out-of-pocket expenditure (OOP) per capita in US$,numeric,WPR,Western Pacific,Country,FJI,Fiji,Year,2023,true,,,,,,,,,,,,,17.7,,,,,,17.70,,,EN,2025-12-04T23:00:00.000Z
GHED_OOP_pc_US_SHA2011,Out-of-pocket expenditure (OOP) per capita in US$,numeric,AMR,Americas,Country,ATG,Antigua and Barbuda,Year,2023,true,,,,,,,,,,,,,175,,,,,,175.04,,,EN,2025-12-04T23:00:00.000Z
GHED_OOP_pc_US_SHA2011,Out-of-pocket expenditure (OOP) per capita in US$,numeric,WPR,Western Pacific,Country,MNG,Mongolia,Year,2023,true,,,,,,,,,,,,,175.5,,,,,,175.49,,,EN,2025-12-04T23:00:00.000Z
GHED_OOP_pc_US_SHA2011,Out-of-pocket expenditure (OOP) per capita in US$,numeric,EMR,Eastern Mediterranean,Country,IRQ,Iraq,Year,2023,true,,,,,,,,,,,,,179.9,,,,,,179.92,,,EN,2025-12-04T23:00:00.000Z
GHED_OOP_pc_US_SHA2011,Out-of-pocket expenditure (OOP) per capita in US$,numeric,AFR,Africa,Country,GHA,Ghana,Year,2023,true,,,,,,,,,,,,,18.74,,,,,,18.74,,,EN,2026-01-11T23:00:00.000Z
GHED_OOP_pc_US_SHA2011,Out-of-pocket expenditure (OOP) per capita in US$,numeric,AFR,Africa,Country,SLE,Sierra Leone,Year,2023,true,,,,,,,,,,,,,19.48,,,,,,19.48,,,EN,2025-12-04T23:00:00.000Z
GHED_OOP_pc_US_SHA2011,Out-of-pocket expenditure (OOP) per capita in US$,numeric,AFR,Africa,Country,BEN,Benin,Year,2023,true,,,,,,,,,,,,,19.73,,,,,,19.73,,,EN,2025-12-04T23:00:00.000Z
GHED_OOP_pc_US_SHA2011,Out-of-pocket expenditure (OOP) per capita in US$,numeric,AFR,Africa,Country,SSD,South Sudan,Year,2023,true,,,,,,,,,,,,,19.75,,,,,,19.75,,,EN,2025-12-04T23:00:00.000Z
GHED_OOP_pc_US_SHA2011,Out-of-pocket expenditure (OOP) per capita in US$,numeric,AMR,Americas,Country,PRY,Paraguay,Year,2023,true,,,,,,,,,,,,,191.2,,,,,,191.24,,,EN,2025-12-04T23:00:00.000Z
GHED_OOP_pc_US_SHA2011,Out-of-pocket expenditure (OOP) per capita in US$,numeric,EUR,Europe,Country,AZE,Azerbaijan,Year,2023,true,,,,,,,,,,,,,193.8,,,,,,193.77,,,EN,2025-12-04T23:00:00.000Z
GHED_OOP_pc_US_SHA2011,Out-of-pocket expenditure (OOP) per capita in US$,numeric,AFR,Africa,Country,RWA,Rwanda,Year,2023,true,,,,,,,,,,,,,2.16,,,,,,2.16,,,EN,2025-12-04T23:00:00.000Z
GHED_OOP_pc_US_SHA2011,Out-of-pocket expenditure (OOP) per capita in US$,numeric,AFR,Africa,Country,KEN,Kenya,Year,2023,true,,,,,,,,,,,,,20.6,,,,,,20.60,,,EN,2025-12-04T23:00:00.000Z
GHED_OOP_pc_US_SHA2011,Out-of-pocket expenditure (OOP) per capita in US$,numeric,AFR,Africa,Country,BWA,Botswana,Year,2023,true,,,,,,,,,,,,,20.85,,,,,,20.85,,,EN,2025-12-04T23:00:00.000Z
GHED_OOP_pc_US_SHA2011,Out-of-pocket expenditure (OOP) per capita in US$,numeric,WPR,Western Pacific,Country,TON,Tonga,Year,2023,true,,,,,,,,,,,,,20.97,,,,,,20.97,,,EN,2025-12-04T23:00:00.000Z
GHED_OOP_pc_US_SHA2011,Out-of-pocket expenditure (OOP) per capita in US$,numeric,WPR,Western Pacific,Country,PLW,Palau,Year,2023,true,,,,,,,,,,,,,203.8,,,,,,203.78,,,EN,2025-12-04T23:00:00.000Z
GHED_OOP_pc_US_SHA2011,Out-of-pocket expenditure (OOP) per capita in US$,numeric,SEAR,South-East Asia,Country,MDV,Maldives,Year,2023,true,,,,,,,,,,,,,209.2,,,,,,209.19,,,EN,2025-12-04T23:00:00.000Z
GHED_OOP_pc_US_SHA2011,Out-of-pocket expenditure (OOP) per capita in US$,numeric,AFR,Africa,Country,COG,Congo,Year,2023,true,,,,,,,,,,,,,21.13,,,,,,21.13,,,EN,2025-12-04T23:00:00.000Z
GHED_OOP_pc_US_SHA2011,Out-of-pocket expenditure (OOP) per capita in US$,numeric,AFR,Africa,Country,SYC,Seychelles,Year,2023,true,,,,,,,,,,,,,214.2,,,,,,214.25,,,EN,2025-12-04T23:00:00.000Z
GHED_OOP_pc_US_SHA2011,Out-of-pocket expenditure (OOP) per capita in US$,numeric,EMR,Eastern Mediterranean,Country,DJI,Djibouti,Year,2023,true,,,,,,,,,,,,,22.37,,,,,,22.37,,,EN,2025-12-04T23:00:00.000Z
GHED_OOP_pc_US_SHA2011,Out-of-pocket expenditure (OOP) per capita in US$,numeric,AMR,Americas,Country,GTM,Guatemala,Year,2023,true,,,,,,,,,,,,,224.2,,,,,,224.16,,,EN,2025-12-04T23:00:00.000Z
GHED_OOP_pc_US_SHA2011,Out-of-pocket expenditure (OOP) per capita in US$,numeric,EUR,Europe,Country,LIE,Liechtenstein,Year,2023,true,,,,,,,,,,,,,2266,,,,,,2266.48,,,EN,2025-12-04T23:00:00.000Z
GHED_OOP_pc_US_SHA2011,Out-of-pocket expenditure (OOP) per capita in US$,numeric,EMR,Eastern Mediterranean,Country,ARE,United Arab Emirates,Year,2023,true,,,,,,,,,,,,,232.1,,,,,,232.13,,,EN,2025-12-04T23:00:00.000Z
GHED_OOP_pc_US_SHA2011,Out-of-pocket expenditure (OOP) per capita in US$,numeric,AMR,Americas,Country,LCA,Saint Lucia,Year,2023,true,,,,,,,,,,,,,238.1,,,,,,238.13,,,EN,2025-12-04T23:00:00.000Z
GHED_OOP_pc_US_SHA2011,Out-of-pocket expenditure (OOP) per capita in US$,numeric,EUR,Europe,Country,BIH,Bosnia and Herzegovina,Year,2023,true,,,,,,,,,,,,,239.3,,,,,,239.29,,,EN,2025-12-04T23:00:00.000Z
GHED_OOP_pc_US_SHA2011,Out-of-pocket expenditure (OOP) per capita in US$,numeric,EMR,Eastern Mediterranean,Country,SYR,Syrian Arab Republic,Year,2023,true,,,,,,,,,,,,,24.14,,,,,,24.14,,,EN,2025-12-04T23:00:00.000Z
GHED_OOP_pc_US_SHA2011,Out-of-pocket expenditure (OOP) per capita in US$,numeric,AFR,Africa,Country,CAF,Central African Republic,Year,2023,true,,,,,,,,,,,,,24.23,,,,,,24.23,,,EN,2025-12-04T23:00:00.000Z
GHED_OOP_pc_US_SHA2011,Out-of-pocket expenditure (OOP) per capita in US$,numeric,AFR,Africa,Country,TCD,Chad,Year,2023,true,,,,,,,,,,,,,24.52,,,,,,24.52,,,EN,2025-12-04T23:00:00.000Z
GHED_OOP_pc_US_SHA2011,Out-of-pocket expenditure (OOP) per capita in US$,numeric,AFR,Africa,Country,AGO,Angola,Year,2023,true,,,,,,,,,,,,,24.76,,,,,,24.76,,,EN,2025-12-04T23:00:00.000Z
GHED_OOP_pc_US_SHA2011,Out-of-pocket expenditure (OOP) per capita in US$,numeric,EUR,Europe,Country,ROU,Romania,Year,2023,true,,,,,,,,,,,,,241.3,,,,,,241.32,,,EN,2025-12-04T23:00:00.000Z
GHED_OOP_pc_US_SHA2011,Out-of-pocket expenditure (OOP) per capita in US$,numeric,WPR,Western Pacific,Country,CHN,China,Year,2023,true,,,,,,,,,,,,,245.6,,,,,,245.61,,,EN,2025-12-04T23:00:00.000Z
GHED_OOP_pc_US_SHA2011,Out-of-pocket expenditure (OOP) per capita in US$,numeric,EUR,Europe,Country,POL,Poland,Year,2023,true,,,,,,,,,,,,,250.1,,,,,,250.05,,,EN,2025-12-04T23:00:00.000Z
GHED_OOP_pc_US_SHA2011,Out-of-pocket expenditure (OOP) per capita in US$,numeric,EUR,Europe,Country,MKD,North Macedonia,Year,2023,true,,,,,,,,,,,,,253,,,,,,253.03,,,EN,2025-12-04T23:00:00.000Z
GHED_OOP_pc_US_SHA2011,Out-of-pocket expenditure (OOP) per capita in US$,numeric,AMR,Americas,Country,GRD,Grenada,Year,2023,true,,,,,,,,,,,,,255.2,,,,,,255.20,,,EN,2025-12-04T23:00:00.000Z
GHED_OOP_pc_US_SHA2011,Out-of-pocket expenditure (OOP) per capita in US$,numeric,EMR,Eastern Mediterranean,Country,SAU,Saudi Arabia,Year,2023,true,,,,,,,,,,,,,257.7,,,,,,257.65,,,EN,2025-12-04T23:00:00.000Z
GHED_OOP_pc_US_SHA2011,Out-of-pocket expenditure (OOP) per capita in US$,numeric,EUR,Europe,Country,CHE,Switzerland,Year,2023,true,,,,,,,,,,,,,2596,,,,,,2595.63,,,EN,2025-12-04T23:00:00.000Z
GHED_OOP_pc_US_SHA2011,Out-of-pocket expenditure (OOP) per capita in US$,numeric,AMR,Americas,Country,BRA,Brazil,Year,2023,true,,,,,,,,,,,,,264.9,,,,,,264.89,,,EN,2025-12-04T23:00:00.000Z
GHED_OOP_pc_US_SHA2011,Out-of-pocket expenditure (OOP) per capita in US$,numeric,AFR,Africa,Country,MUS,Mauritius,Year,2023,true,,,,,,,,,,,,,278.8,,,,,,278.79,,,EN,2025-12-04T23:00:00.000Z
GHED_OOP_pc_US_SHA2011,Out-of-pocket expenditure (OOP) per capita in US$,numeric,AFR,Africa,Country,CIV,Cote d'Ivoire,Year,2023,true,,,,,,,,,,,,,28.05,,,,,,28.05,,,EN,2026-01-11T23:00:00.000Z
GHED_OOP_pc_US_SHA2011,Out-of-pocket expenditure (OOP) per capita in US$,numeric,AFR,Africa,Country,STP,Sao Tome and Principe,Year,2023,true,,,,,,,,,,,,,28.5,,,,,,28.50,,,EN,2025-12-04T23:00:00.000Z
GHED_OOP_pc_US_SHA2011,Out-of-pocket expenditure (OOP) per capita in US$,numeric,AMR,Americas,Country,HTI,Haiti,Year,2023,true,,,,,,,,,,,,,28.52,,,,,,28.52,,,EN,2025-12-04T23:00:00.000Z
GHED_OOP_pc_US_SHA2011,Out-of-pocket expenditure (OOP) per capita in US$,numeric,AMR,Americas,Country,CRI,Costa Rica,Year,2023,true,,,,,,,,,,,,,280.7,,,,,,280.66,,,EN,2025-12-04T23:00:00.000Z
GHED_OOP_pc_US_SHA2011,Out-of-pocket expenditure (OOP) per capita in US$,numeric,EUR,Europe,Country,RUS,Russian Federation,Year,2023,true,,,,,,,,,,,,,284.9,,,,,,284.89,,,EN,2025-12-04T23:00:00.000Z
GHED_OOP_pc_US_SHA2011,Out-of-pocket expenditure (OOP) per capita in US$,numeric,EUR,Europe,Country,ALB,Albania,Year,2023,true,,,,,,,,,,,,,285.1,,,,,,285.12,,,EN,2025-12-04T23:00:00.000Z
GHED_OOP_pc_US_SHA2011,Out-of-pocket expenditure (OOP) per capita in US$,numeric,AFR,Africa,Country,NAM,Namibia,Year,2023,true,,,,,,,,,,,,,29.75,,,,,,29.75,,,EN,2025-12-04T23:00:00.000Z
GHED_OOP_pc_US_SHA2011,Out-of-pocket expenditure (OOP) per capita in US$,numeric,WPR,Western Pacific,Country,SLB,Solomon Islands,Year,2023,true,,,,,,,,,,,,,3.52,,,,,,3.52,,,EN,2025-12-04T23:00:00.000Z
GHED_OOP_pc_US_SHA2011,Out-of-pocket expenditure (OOP) per capita in US$,numeric,EUR,Europe,Country,MNE,Montenegro,Year,2023,true,,,,,,,,,,,,,302.2,,,,,,302.21,,,EN,2025-12-04T23:00:00.000Z
GHED_OOP_pc_US_SHA2011,Out-of-pocket expenditure (OOP) per capita in US$,numeric,AFR,Africa,Country,BFA,Burkina Faso,Year,2023,true,,,,,,,,,,,,,31.44,,,,,,31.44,,,EN,2025-12-04T23:00:00.000Z
GHED_OOP_pc_US_SHA2011,Out-of-pocket expenditure (OOP) per capita in US$,numeric,AMR,Americas,Country,MEX,Mexico,Year,2023,true,,,,,,,,,,,,,313.8,,,,,,313.80,,,EN,2025-12-04T23:00:00.000Z
GHED_OOP_pc_US_SHA2011,Out-of-pocket expenditure (OOP) per capita in US$,numeric,EUR,Europe,Country,SRB,Serbia,Year,2023,true,,,,,,,,,,,,,316.1,,,,,,316.14,,,EN,2025-12-04T23:00:00.000Z
GHED_OOP_pc_US_SHA2011,Out-of-pocket expenditure (OOP) per capita in US$,numeric,AFR,Africa,Country,GIN,Guinea,Year,2023,true,,,,,,,,,,,,,32.28,,,,,,32.28,,,EN,2025-12-04T23:00:00.000Z
GHED_OOP_pc_US_SHA2011,Out-of-pocket expenditure (OOP) per capita in US$,numeric,SEAR,South-East Asia,Country,THA,Thailand,Year,2023,true,,,,,,,,,,,,,32.44,,,,,,32.44,,,EN,2025-12-04T23:00:00.000Z
GHED_OOP_pc_US_SHA2011,Out-of-pocket expenditure (OOP) per capita in US$,numeric,AFR,Africa,Country,SEN,Senegal,Year,2023,true,,,,,,,,,,,,,32.46,,,,,,32.46,,,EN,2026-01-11T23:00:00.000Z
GHED_OOP_pc_US_SHA2011,Out-of-pocket expenditure (OOP) per capita in US$,numeric,AFR,Africa,Country,SWZ,Eswatini,Year,2023,true,,,,,,,,,,,,,32.62,,,,,,32.62,,,EN,2025-12-04T23:00:00.000Z
GHED_OOP_pc_US_SHA2011,Out-of-pocket expenditure (OOP) per capita in US$,numeric,EUR,Europe,Country,GEO,Georgia,Year,2023,true,,,,,,,,,,,,,325.7,,,,,,325.72,,,EN,2025-12-04T23:00:00.000Z
GHED_OOP_pc_US_SHA2011,Out-of-pocket expenditure (OOP) per capita in US$,numeric,EUR,Europe,Country,HUN,Hungary,Year,2023,true,,,,,,,,,,,,,327.4,,,,,,327.42,,,EN,2025-12-04T23:00:00.000Z
GHED_OOP_pc_US_SHA2011,Out-of-pocket expenditure (OOP) per capita in US$,numeric,EMR,Eastern Mediterranean,Country,YEM,Yemen,Year,2023,true,,,,,,,,,,,,,33.03,,,,,,33.03,,,EN,2025-12-04T23:00:00.000Z
GHED_OOP_pc_US_SHA2011,Out-of-pocket expenditure (OOP) per capita in US$,numeric,EMR,Eastern Mediterranean,Country,BHR,Bahrain,Year,2023,true,,,,,,,,,,,,,336.9,,,,,,336.94,,,EN,2025-12-04T23:00:00.000Z
GHED_OOP_pc_US_SHA2011,Out-of-pocket expenditure (OOP) per capita in US$,numeric,AFR,Africa,Country,ZAF,South Africa,Year,2023,true,,,,,,,,,,,,,35.91,,,,,,35.91,,,EN,2025-12-04T23:00:00.000Z
GHED_OOP_pc_US_SHA2011,Out-of-pocket expenditure (OOP) per capita in US$,numeric,AMR,Americas,Country,URY,Uruguay,Year,2023,true,,,,,,,,,,,,,355,,,,,,354.97,,,EN,2025-12-04T23:00:00.000Z
GHED_OOP_pc_US_SHA2011,Out-of-pocket expenditure (OOP) per capita in US$,numeric,AMR,Americas,Country,ARG,Argentina,Year,2023,true,,,,,,,,,,,,,356.5,,,,,,356.52,,,EN,2025-12-04T23:00:00.000Z
GHED_OOP_pc_US_SHA2011,Out-of-pocket expenditure (OOP) per capita in US$,numeric,EUR,Europe,Country,SVK,Slovakia,Year,2023,true,,,,,,,,,,,,,365.5,,,,,,365.47,,,EN,2025-12-04T23:00:00.000Z
GHED_OOP_pc_US_SHA2011,Out-of-pocket expenditure (OOP) per capita in US$,numeric,SEAR,South-East Asia,Country,IND,India,Year,2023,true,,,,,,,,,,,,,37.16,,,,,,37.16,,,EN,2025-12-04T23:00:00.000Z
GHED_OOP_pc_US_SHA2011,Out-of-pocket expenditure (OOP) per capita in US$,numeric,EUR,Europe,Country,SVN,Slovenia,Year,2023,true,,,,,,,,,,,,,376.4,,,,,,376.44,,,EN,2025-12-04T23:00:00.000Z
GHED_OOP_pc_US_SHA2011,Out-of-pocket expenditure (OOP) per capita in US$,numeric,AFR,Africa,Country,TGO,Togo,Year,2023,true,,,,,,,,,,,,,38.35,,,,,,38.35,,,EN,2025-12-04T23:00:00.000Z
GHED_OOP_pc_US_SHA2011,Out-of-pocket expenditure (OOP) per capita in US$,numeric,EUR,Europe,Country,CZE,Czechia,Year,2023,true,,,,,,,,,,,,,389.9,,,,,,389.89,,,EN,2025-12-04T23:00:00.000Z
GHED_OOP_pc_US_SHA2011,Out-of-pocket expenditure (OOP) per capita in US$,numeric,WPR,Western Pacific,Country,WSM,Samoa,Year,2023,true,,,,,,,,,,,,,39.29,,,,,,39.29,,,EN,2025-12-04T23:00:00.000Z
GHED_OOP_pc_US_SHA2011,Out-of-pocket expenditure (OOP) per capita in US$,numeric,WPR,Western Pacific,Country,COK,Cook Islands,Year,2023,true,,,,,,,,,,,,,39.96,,,,,,39.96,,,EN,2025-12-04T23:00:00.000Z
GHED_OOP_pc_US_SHA2011,Out-of-pocket expenditure (OOP) per capita in US$,numeric,SEAR,South-East Asia,Country,MMR,Myanmar,Year,2023,true,,,,,,,,,,,,,39.96,,,,,,39.96,,,EN,2025-12-04T23:00:00.000Z
GHED_OOP_pc_US_SHA2011,Out-of-pocket expenditure (OOP) per capita in US$,numeric,AFR,Africa,Country,MDG,Madagascar,Year,2023,true,,,,,,,,,,,,,4.78,,,,,,4.78,,,EN,2025-12-04T23:00:00.000Z
GHED_OOP_pc_US_SHA2011,Out-of-pocket expenditure (OOP) per capita in US$,numeric,AFR,Africa,Country,MWI,Malawi,Year,2023,true,,,,,,,,,,,,,4.95,,,,,,4.95,,,EN,2025-12-04T23:00:00.000Z
GHED_OOP_pc_US_SHA2011,Out-of-pocket expenditure (OOP) per capita in US$,numeric,AFR,Africa,Country,MRT,Mauritania,Year,2023,true,,,,,,,,,,,,,40.32,,,,,,40.32,,,EN,2025-12-04T23:00:00.000Z
GHED_OOP_pc_US_SHA2011,Out-of-pocket expenditure (OOP) per capita in US$,numeric,EUR,Europe,Country,KGZ,Kyrgyzstan,Year,2023,true,,,,,,,,,,,,,40.85,,,,,,40.85,,,EN,2025-12-04T23:00:00.000Z
GHED_OOP_pc_US_SHA2011,Out-of-pocket expenditure (OOP) per capita in US$,numeric,WPR,Western Pacific,Country,IDN,Indonesia,Year,2023,true,,,,,,,,,,,,,40.96,,,,,,40.96,,,EN,2025-12-04T23:00:00.000Z
GHED_OOP_pc_US_SHA2011,Out-of-pocket expenditure (OOP) per capita in US$,numeric,EUR,Europe,Country,AND,Andorra,Year,2023,true,,,,,,,,,,,,,401.8,,,,,,401.83,,,EN,2025-12-04T23:00:00.000Z
GHED_OOP_pc_US_SHA2011,Out-of-pocket expenditure (OOP) per capita in US$,numeric,SEAR,South-East Asia,Country,BTN,Bhutan,Year,2023,true,,,,,,,,,,,,,41.3,,,,,,41.30,,,EN,2025-12-04T23:00:00.000Z
GHED_OOP_pc_US_SHA2011,Out-of-pocket expenditure (OOP) per capita in US$,numeric,SEAR,South-East Asia,Country,BGD,Bangladesh,Year,2023,true,,,,,,,,,,,,,42.4,,,,,,42.40,,,EN,2025-12-04T23:00:00.000Z
GHED_OOP_pc_US_SHA2011,Out-of-pocket expenditure (OOP) per capita in US$,numeric,AFR,Africa,Country,NGA,Nigeria,Year,2023,true,,,,,,,,,,,,,43.67,,,,,,43.67,,,EN,2026-01-11T23:00:00.000Z
GHED_OOP_pc_US_SHA2011,Out-of-pocket expenditure (OOP) per capita in US$,numeric,AFR,Africa,Country,GAB,Gabon,Year,2023,true,,,,,,,,,,,,,43.69,,,,,,43.69,,,EN,2025-12-04T23:00:00.000Z
GHED_OOP_pc_US_SHA2011,Out-of-pocket expenditure (OOP) per capita in US$,numeric,WPR,Western Pacific,Country,JPN,Japan,Year,2023,true,,,,,,,,,,,,,445.2,,,,,,445.16,,,EN,2025-12-04T23:00:00.000Z
GHED_OOP_pc_US_SHA2011,Out-of-pocket expenditure (OOP) per capita in US$,numeric,EUR,Europe,Country,BGR,Bulgaria,Year,2023,true,,,,,,,,,,,,,446.6,,,,,,446.60,,,EN,2025-12-04T23:00:00.000Z
GHED_OOP_pc_US_SHA2011,Out-of-pocket expenditure (OOP) per capita in US$,numeric,EUR,Europe,Country,TKM,Turkmenistan,Year,2023,true,,,,,,,,,,,,,450,,,,,,449.95,,,EN,2025-12-04T23:00:00.000Z
GHED_OOP_pc_US_SHA2011,Out-of-pocket expenditure (OOP) per capita in US$,numeric,EMR,Eastern Mediterranean,Country,AFG,Afghanistan,Year,2023,true,,,,,,,,,,,,,45.56,,,,,,45.56,,,EN,2025-12-04T23:00:00.000Z
GHED_OOP_pc_US_SHA2011,Out-of-pocket expenditure (OOP) per capita in US$,numeric,EMR,Eastern Mediterranean,Country,OMN,Oman,Year,2023,true,,,,,,,,,,,,,46.2,,,,,,46.20,,,EN,2025-12-04T23:00:00.000Z
GHED_OOP_pc_US_SHA2011,Out-of-pocket expenditure (OOP) per capita in US$,numeric,EUR,Europe,Country,FRA,France,Year,2023,true,,,,,,,,,,,,,476.8,,,,,,476.82,,,EN,2025-12-04T23:00:00.000Z
GHED_OOP_pc_US_SHA2011,Out-of-pocket expenditure (OOP) per capita in US$,numeric,SEAR,South-East Asia,Country,NPL,Nepal,Year,2023,true,,,,,,,,,,,,,49.86,,,,,,49.86,,,EN,2025-12-04T23:00:00.000Z
GHED_OOP_pc_US_SHA2011,Out-of-pocket expenditure (OOP) per capita in US$,numeric,EUR,Europe,Country,EST,Estonia,Year,2023,true,,,,,,,,,,,,,499.1,,,,,,499.12,,,EN,2025-12-04T23:00:00.000Z
GHED_OOP_pc_US_SHA2011,Out-of-pocket expenditure (OOP) per capita in US$,numeric,AFR,Africa,Country,MOZ,Mozambique,Year,2023,true,,,,,,,,,,,,,5.49,,,,,,5.49,,,EN,2025-12-04T23:00:00.000Z
GHED_OOP_pc_US_SHA2011,Out-of-pocket expenditure (OOP) per capita in US$,numeric,AFR,Africa,Country,GNB,Guinea-Bissau,Year,2023,true,,,,,,,,,,,,,50.56,,,,,,50.56,,,EN,2025-12-04T23:00:00.000Z
GHED_OOP_pc_US_SHA2011,Out-of-pocket expenditure (OOP) per capita in US$,numeric,EUR,Europe,Country,SMR,San Marino,Year,2023,true,,,,,,,,,,,,,513.7,,,,,,513.66,,,EN,2025-12-04T23:00:00.000Z
GHED_OOP_pc_US_SHA2011,Out-of-pocket expenditure (OOP) per capita in US$,numeric,EUR,Europe,Country,CYP,Cyprus,Year,2023,true,,,,,,,,,,,,,520.2,,,,,,520.23,,,EN,2025-12-04T23:00:00.000Z
GHED_OOP_pc_US_SHA2011,Out-of-pocket expenditure (OOP) per capita in US$,numeric,EUR,Europe,Country,TJK,Tajikistan,Year,2023,true,,,,,,,,,,,,,53.1,,,,,,53.10,,,EN,2025-12-04T23:00:00.000Z
GHED_OOP_pc_US_SHA2011,Out-of-pocket expenditure (OOP) per capita in US$,numeric,AFR,Africa,Country,CMR,Cameroon,Year,2023,true,,,,,,,,,,,,,53.51,,,,,,53.51,,,EN,2025-12-04T23:00:00.000Z
GHED_OOP_pc_US_SHA2011,Out-of-pocket expenditure (OOP) per capita in US$,numeric,WPR,Western Pacific,Country,BRN,Brunei Darussalam,Year,2023,true,,,,,,,,,,,,,54.33,,,,,,54.33,,,EN,2025-12-04T23:00:00.000Z
GHED_OOP_pc_US_SHA2011,Out-of-pocket expenditure (OOP) per capita in US$,numeric,AMR,Americas,Country,KNA,Saint Kitts and Nevis,Year,2023,true,,,,,,,,,,,,,541.3,,,,,,541.26,,,EN,2025-12-04T23:00:00.000Z
GHED_OOP_pc_US_SHA2011,Out-of-pocket expenditure (OOP) per capita in US$,numeric,AMR,Americas,Country,VEN,Venezuela (Bolivarian Republic of),Year,2023,true,,,,,,,,,,,,,55.21,,,,,,55.21,,,EN,2025-12-04T23:00:00.000Z
GHED_OOP_pc_US_SHA2011,Out-of-pocket expenditure (OOP) per capita in US$,numeric,AFR,Africa,Country,COM,Comoros,Year,2023,true,,,,,,,,,,,,,57.83,,,,,,57.83,,,EN,2025-12-04T23:00:00.000Z
GHED_OOP_pc_US_SHA2011,Out-of-pocket expenditure (OOP) per capita in US$,numeric,EUR,Europe,Country,LVA,Latvia,Year,2023,true,,,,,,,,,,,,,576.8,,,,,,576.84,,,EN,2025-12-04T23:00:00.000Z
GHED_OOP_pc_US_SHA2011,Out-of-pocket expenditure (OOP) per capita in US$,numeric,AMR,Americas,Country,TTO,Trinidad and Tobago,Year,2023,true,,,,,,,,,,,,,577.8,,,,,,577.85,,,EN,2025-12-04T23:00:00.000Z
GHED_OOP_pc_US_SHA2011,Out-of-pocket expenditure (OOP) per capita in US$,numeric,AMR,Americas,Country,SUR,Suriname,Year,2023,true,,,,,,,,,,,,,58.57,,,,,,58.57,,,EN,2025-12-04T23:00:00.000Z
GHED_OOP_pc_US_SHA2011,Out-of-pocket expenditure (OOP) per capita in US$,numeric,AFR,Africa,Country,ZWE,Zimbabwe,Year,2023,true,,,,,,,,,,,,,6.69,,,,,,6.69,,,EN,2025-12-04T23:00:00.000Z
GHED_OOP_pc_US_SHA2011,Out-of-pocket expenditure (OOP) per capita in US$,numeric,AFR,Africa,Country,BDI,Burundi,Year,2023,true,,,,,,,,,,,,,6.89,,,,,,6.89,,,EN,2025-12-04T23:00:00.000Z
GHED_OOP_pc_US_SHA2011,Out-of-pocket expenditure (OOP) per capita in US$,numeric,EMR,Eastern Mediterranean,Country,SOM,Somalia,Year,2023,true,,,,,,,,,,,,,6.89,,,,,,6.89,,,EN,2025-12-04T23:00:00.000Z
GHED_OOP_pc_US_SHA2011,Out-of-pocket expenditure (OOP) per capita in US$,numeric,WPR,Western Pacific,Country,KIR,Kiribati,Year,2023,true,,,,,,,,,,,,,6.93,,,,,,6.93,,,EN,2025-12-04T23:00:00.000Z
GHED_OOP_pc_US_SHA2011,Out-of-pocket expenditure (OOP) per capita in US$,numeric,AMR,Americas,Country,CHL,Chile,Year,2023,true,,,,,,,,,,,,,600.7,,,,,,600.72,,,EN,2025-12-04T23:00:00.000Z
GHED_OOP_pc_US_SHA2011,Out-of-pocket expenditure (OOP) per capita in US$,numeric,EUR,Europe,Country,ARM,Armenia,Year,2023,true,,,,,,,,,,,,,617.2,,,,,,617.19,,,EN,2025-12-04T23:00:00.000Z
GHED_OOP_pc_US_SHA2011,Out-of-pocket expenditure (OOP) per capita in US$,numeric,AMR,Americas,Country,BHS,Bahamas,Year,2023,true,,,,,,,,,,,,,621.8,,,,,,621.77,,,EN,2025-12-04T23:00:00.000Z
GHED_OOP_pc_US_SHA2011,Out-of-pocket expenditure (OOP) per capita in US$,numeric,WPR,Western Pacific,Country,NZL,New Zealand,Year,2023,true,,,,,,,,,,,,,629.4,,,,,,629.43,,,EN,2025-12-04T23:00:00.000Z
GHED_OOP_pc_US_SHA2011,Out-of-pocket expenditure (OOP) per capita in US$,numeric,AMR,Americas,Country,PAN,Panama,Year,2023,true,,,,,,,,,,,,,630.2,,,,,,630.21,,,EN,2025-12-04T23:00:00.000Z
GHED_OOP_pc_US_SHA2011,Out-of-pocket expenditure (OOP) per capita in US$,numeric,EUR,Europe,Country,LTU,Lithuania,Year,2023,true,,,,,,,,,,,,,634.1,,,,,,634.11,,,EN,2025-12-04T23:00:00.000Z
GHED_OOP_pc_US_SHA2011,Out-of-pocket expenditure (OOP) per capita in US$,numeric,AMR,Americas,Country,BRB,Barbados,Year,2023,true,,,,,,,,,,,,,636.7,,,,,,636.72,,,EN,2025-12-04T23:00:00.000Z
GHED_OOP_pc_US_SHA2011,Out-of-pocket expenditure (OOP) per capita in US$,numeric,EUR,Europe,Country,ESP,Spain,Year,2023,true,,,,,,,,,,,,,647.9,,,,,,647.90,,,EN,2025-12-04T23:00:00.000Z
GHED_OOP_pc_US_SHA2011,Out-of-pocket expenditure (OOP) per capita in US$,numeric,AFR,Africa,Country,LBR,Liberia,Year,2023,true,,,,,,,,,,,,,65.73,,,,,,65.73,,,EN,2025-12-04T23:00:00.000Z
GHED_OOP_pc_US_SHA2011,Out-of-pocket expenditure (OOP) per capita in US$,numeric,EUR,Europe,Country,LUX,Luxembourg,Year,2023,true,,,,,,,,,,,,,659,,,,,,659.01,,,EN,2025-12-04T23:00:00.000Z
GHED_OOP_pc_US_SHA2011,Out-of-pocket expenditure (OOP) per capita in US$,numeric,EUR,Europe,Country,GRC,Greece,Year,2023,true,,,,,,,,,,,,,673.2,,,,,,673.23,,,EN,2025-12-04T23:00:00.000Z
GHED_OOP_pc_US_SHA2011,Out-of-pocket expenditure (OOP) per capita in US$,numeric,EUR,Europe,Country,MCO,Monaco,Year,2023,true,,,,,,,,,,,,,676.6,,,,,,676.64,,,EN,2025-12-04T23:00:00.000Z
GHED_OOP_pc_US_SHA2011,Out-of-pocket expenditure (OOP) per capita in US$,numeric,WPR,Western Pacific,Country,KHM,Cambodia,Year,2023,true,,,,,,,,,,,,,69.43,,,,,,69.43,,,EN,2025-12-04T23:00:00.000Z
GHED_OOP_pc_US_SHA2011,Out-of-pocket expenditure (OOP) per capita in US$,numeric,AMR,Americas,Country,BOL,Bolivia (Plurinational State of),Year,2023,true,,,,,,,,,,,,,69.67,,,,,,69.67,,,EN,2025-12-04T23:00:00.000Z
GHED_OOP_pc_US_SHA2011,Out-of-pocket expenditure (OOP) per capita in US$,numeric,WPR,Western Pacific,Country,PNG,Papua New Guinea,Year,2023,true,,,,,,,,,,,,,7.28,,,,,,7.28,,,EN,2025-12-04T23:00:00.000Z
GHED_OOP_pc_US_SHA2011,Out-of-pocket expenditure (OOP) per capita in US$,numeric,EUR,Europe,Country,DEU,Germany,Year,2023,true,,,,,,,,,,,,,706.8,,,,,,706.79,,,EN,2025-12-04T23:00:00.000Z
GHED_OOP_pc_US_SHA2011,Out-of-pocket expenditure (OOP) per capita in US$,numeric,SEAR,South-East Asia,Country,LKA,Sri Lanka,Year,2023,true,,,,,,,,,,,,,73.58,,,,,,73.58,,,EN,2025-12-04T23:00:00.000Z
GHED_OOP_pc_US_SHA2011,Out-of-pocket expenditure (OOP) per capita in US$,numeric,AFR,Africa,Country,CPV,Cabo Verde,Year,2023,true,,,,,,,,,,,,,74.68,,,,,,74.68,,,EN,2025-12-04T23:00:00.000Z
GHED_OOP_pc_US_SHA2011,Out-of-pocket expenditure (OOP) per capita in US$,numeric,EUR,Europe,Country,NLD,Netherlands (Kingdom of the),Year,2023,true,,,,,,,,,,,,,766.8,,,,,,766.79,,,EN,2025-12-04T23:00:00.000Z
GHED_OOP_pc_US_SHA2011,Out-of-pocket expenditure (OOP) per capita in US$,numeric,WPR,Western Pacific,Country,VNM,Viet Nam,Year,2023,true,,,,,,,,,,,,,77.3,,,,,,77.30,,,EN,2025-12-04T23:00:00.000Z
GHED_OOP_pc_US_SHA2011,Out-of-pocket expenditure (OOP) per capita in US$,numeric,EMR,Eastern Mediterranean,Country,LBN,Lebanon,Year,2023,true,,,,,,,,,,,,,77.46,,,,,,77.46,,,EN,2025-12-04T23:00:00.000Z
GHED_OOP_pc_US_SHA2011,Out-of-pocket expenditure (OOP) per capita in US$,numeric,EUR,Europe,Country,ITA,Italy,Year,2023,true,,,,,,,,,,,,,776.4,,,,,,776.42,,,EN,2025-12-04T23:00:00.000Z
GHED_OOP_pc_US_SHA2011,Out-of-pocket expenditure (OOP) per capita in US$,numeric,EUR,Europe,Country,IRL,Ireland,Year,2023,true,,,,,,,,,,,,,777.2,,,,,,777.17,,,EN,2025-12-04T23:00:00.000Z
GHED_OOP_pc_US_SHA2011,Out-of-pocket expenditure (OOP) per capita in US$,numeric,EUR,Europe,Country,FIN,Finland,Year,2023,true,,,,,,,,,,,,,777.4,,,,,,777.39,,,EN,2025-12-04T23:00:00.000Z
GHED_OOP_pc_US_SHA2011,Out-of-pocket expenditure (OOP) per capita in US$,numeric,EUR,Europe,Country,GBR,United Kingdom of Great Britain and Northern Ireland,Year,2023,true,,,,,,,,,,,,,791,,,,,,791.03,,,EN,2025-12-04T23:00:00.000Z
GHED_OOP_pc_US_SHA2011,Out-of-pocket expenditure (OOP) per capita in US$,numeric,AFR,Africa,Country,ZMB,Zambia,Year,2023,true,,,,,,,,,,,,,8.18,,,,,,8.18,,,EN,2025-12-04T23:00:00.000Z
GHED_OOP_pc_US_SHA2011,Out-of-pocket expenditure (OOP) per capita in US$,numeric,AFR,Africa,Country,GMB,Gambia,Year,2023,true,,,,,,,,,,,,,8.7,,,,,,8.70,,,EN,2025-12-04T23:00:00.000Z
GHED_OOP_pc_US_SHA2011,Out-of-pocket expenditure (OOP) per capita in US$,numeric,AFR,Africa,Country,COD,Democratic Republic of the Congo,Year,2023,true,,,,,,,,,,,,,8.9,,,,,,8.90,,,EN,2025-12-04T23:00:00.000Z
GHED_OOP_pc_US_SHA2011,Out-of-pocket expenditure (OOP) per capita in US$,numeric,EMR,Eastern Mediterranean,Country,EGY,Egypt,Year,2023,true,,,,,,,,,,,,,80.88,,,,,,80.88,,,EN,2025-12-04T23:00:00.000Z
GHED_OOP_pc_US_SHA2011,Out-of-pocket expenditure (OOP) per capita in US$,numeric,EUR,Europe,Country,SWE,Sweden,Year,2023,true,,,,,,,,,,,,,804.2,,,,,,804.17,,,EN,2025-12-04T23:00:00.000Z
GHED_OOP_pc_US_SHA2011,Out-of-pocket expenditure (OOP) per capita in US$,numeric,EUR,Europe,Country,ISR,Israel,Year,2023,true,,,,,,,,,,,,,804.6,,,,,,804.62,,,EN,2025-12-04T23:00:00.000Z
GHED_OOP_pc_US_SHA2011,Out-of-pocket expenditure (OOP) per capita in US$,numeric,EUR,Europe,Country,PRT,Portugal,Year,2023,true,,,,,,,,,,,,,809.5,,,,,,809.53,,,EN,2025-12-04T23:00:00.000Z
GHED_OOP_pc_US_SHA2011,Out-of-pocket expenditure (OOP) per capita in US$,numeric,AMR,Americas,Country,NIC,Nicaragua,Year,2023,true,,,,,,,,,,,,,81.5,,,,,,81.50,,,EN,2025-12-04T23:00:00.000Z
GHED_OOP_pc_US_SHA2011,Out-of-pocket expenditure (OOP) per capita in US$,numeric,AMR,Americas,Country,BLZ,Belize,Year,2023,true,,,,,,,,,,,,,82.86,,,,,,82.86,,,EN,2025-12-04T23:00:00.000Z
GHED_OOP_pc_US_SHA2011,Out-of-pocket expenditure (OOP) per capita in US$,numeric,AMR,Americas,Country,COL,Colombia,Year,2023,true,,,,,,,,,,,,,83.58,,,,,,83.58,,,EN,2025-12-04T23:00:00.000Z
GHED_OOP_pc_US_SHA2011,Out-of-pocket expenditure (OOP) per capita in US$,numeric,WPR,Western Pacific,Country,PHL,Philippines,Year,2023,true,,,,,,,,,,,,,86.08,,,,,,86.08,,,EN,2025-12-04T23:00:00.000Z
GHED_OOP_pc_US_SHA2011,Out-of-pocket expenditure (OOP) per capita in US$,numeric,EMR,Eastern Mediterranean,Country,MAR,Morocco,Year,2023,true,,,,,,,,,,,,,86.52,,,,,,86.52,,,EN,2025-12-04T23:00:00.000Z
GHED_OOP_pc_US_SHA2011,Out-of-pocket expenditure (OOP) per capita in US$,numeric,WPR,Western Pacific,Country,NIU,Niue,Year,2023,true,,,,,,,,,,,,,9.04,,,,,,9.04,,,EN,2025-12-04T23:00:00.000Z
GHED_OOP_pc_US_SHA2011,Out-of-pocket expenditure (OOP) per capita in US$,numeric,WPR,Western Pacific,Country,MHL,Marshall Islands,Year,2023,true,,,,,,,,,,,,,9.42,,,,,,9.42,,,EN,2025-12-04T23:00:00.000Z
GHED_OOP_pc_US_SHA2011,Out-of-pocket expenditure (OOP) per capita in US$,numeric,EMR,Eastern Mediterranean,Country,LBY,Libya,Year,2023,true,,,,,,,,,,,,,90.21,,,,,,90.21,,,EN,2025-12-04T23:00:00.000Z
GHED_OOP_pc_US_SHA2011,Out-of-pocket expenditure (OOP) per capita in US$,numeric,EUR,Europe,Country,DNK,Denmark,Year,2023,true,,,,,,,,,,,,,910,,,,,,909.99,,,EN,2025-12-04T23:00:00.000Z
GHED_OOP_pc_US_SHA2011,Out-of-pocket expenditure (OOP) per capita in US$,numeric,AMR,Americas,Country,CAN,Canada,Year,2023,true,,,,,,,,,,,,,940.6,,,,,,940.56,,,EN,2025-12-04T23:00:00.000Z
GHED_OOP_pc_US_SHA2011,Out-of-pocket expenditure (OOP) per capita in US$,numeric,WPR,Western Pacific,Country,KOR,Republic of Korea,Year,2023,true,,,,,,,,,,,,,966.5,,,,,,966.55,,,EN,2025-12-04T23:00:00.000Z
GHED_OOP_pc_US_SHA2011,Out-of-pocket expenditure (OOP) per capita in US$,numeric,WPR,Western Pacific,Country,SGP,Singapore,Year,2023,true,,,,,,,,,,,,,996.8,,,,,,996.81,,,EN,2025-12-04T23:00:00.000Z
GHED_OOP_pc_US_SHA2011,Out-of-pocket expenditure (OOP) per capita in US$,numeric,WPR,Western Pacific,Country,TUV,Tuvalu,Year,2022,false,,,,,,,,,,,,,0.58,,,,,,0.58,,,EN,2025-12-04T23:00:00.000Z
GHED_OOP_pc_US_SHA2011,Out-of-pocket expenditure (OOP) per capita in US$,numeric,WPR,Western Pacific,Country,KIR,Kiribati,Year,2022,false,,,,,,,,,,,,,1.71,,,,,,1.71,,,EN,2025-12-04T23:00:00.000Z
GHED_OOP_pc_US_SHA2011,Out-of-pocket expenditure (OOP) per capita in US$,numeric,AFR,Africa,Country,TZA,United Republic of Tanzania,Year,2022,false,,,,,,,,,,,,,10.05,,,,,,10.05,,,EN,2025-12-04T23:00:00.000Z
GHED_OOP_pc_US_SHA2011,Out-of-pocket expenditure (OOP) per capita in US$,numeric,WPR,Western Pacific,Country,NRU,Nauru,Year,2022,false,,,,,,,,,,,,,10.59,,,,,,10.59,,,EN,2025-12-04T23:00:00.000Z
GHED_OOP_pc_US_SHA2011,Out-of-pocket expenditure (OOP) per capita in US$,numeric,AFR,Africa,Country,NER,Niger,Year,2022,false,,,,,,,,,,,,,10.69,,,,,,10.69,,,EN,2025-12-04T23:00:00.000Z
GHED_OOP_pc_US_SHA2011,Out-of-pocket expenditure (OOP) per capita in US$,numeric,EMR,Eastern Mediterranean,Country,SDN,Sudan,Year,2022,false,,,,,,,,,,,,,10.95,,,,,,10.95,,,EN,2025-12-04T23:00:00.000Z
GHED_OOP_pc_US_SHA2011,Out-of-pocket expenditure (OOP) per capita in US$,numeric,EMR,Eastern Mediterranean,Country,TUN,Tunisia,Year,2022,false,,,,,,,,,,,,,100.3,,,,,,100.33,,,EN,2025-12-04T23:00:00.000Z
GHED_OOP_pc_US_SHA2011,Out-of-pocket expenditure (OOP) per capita in US$,numeric,EUR,Europe,Country,MLT,Malta,Year,2022,false,,,,,,,,,,,,,1010,,,,,,1009.50,,,EN,2025-12-04T23:00:00.000Z
GHED_OOP_pc_US_SHA2011,Out-of-pocket expenditure (OOP) per capita in US$,numeric,EUR,Europe,Country,ISR,Israel,Year,2022,false,,,,,,,,,,,,,1014,,,,,,1014.16,,,EN,2025-12-04T23:00:00.000Z
GHED_OOP_pc_US_SHA2011,Out-of-pocket expenditure (OOP) per capita in US$,numeric,WPR,Western Pacific,Country,AUS,Australia,Year,2022,false,,,,,,,,,,,,,1018,,,,,,1017.52,,,EN,2025-12-04T23:00:00.000Z
GHED_OOP_pc_US_SHA2011,Out-of-pocket expenditure (OOP) per capita in US$,numeric,EMR,Eastern Mediterranean,Country,IRN,Iran (Islamic Republic of),Year,2022,false,,,,,,,,,,,,,104.1,,,,,,104.06,,,EN,2025-12-04T23:00:00.000Z
GHED_OOP_pc_US_SHA2011,Out-of-pocket expenditure (OOP) per capita in US$,numeric,WPR,Western Pacific,Country,VUT,Vanuatu,Year,2022,false,,,,,,,,,,,,,11.26,,,,,,11.26,,,EN,2025-12-04T23:00:00.000Z
GHED_OOP_pc_US_SHA2011,Out-of-pocket expenditure (OOP) per capita in US$,numeric,WPR,Western Pacific,Country,LAO,Lao People's Democratic Republic,Year,2022,false,,,,,,,,,,,,,11.86,,,,,,11.86,,,EN,2025-12-04T23:00:00.000Z
GHED_OOP_pc_US_SHA2011,Out-of-pocket expenditure (OOP) per capita in US$,numeric,EUR,Europe,Country,UZB,Uzbekistan,Year,2022,false,,,,,,,,,,,,,111.8,,,,,,111.84,,,EN,2025-12-04T23:00:00.000Z
GHED_OOP_pc_US_SHA2011,Out-of-pocket expenditure (OOP) per capita in US$,numeric,AMR,Americas,Country,GUY,Guyana,Year,2022,false,,,,,,,,,,,,,113.9,,,,,,113.85,,,EN,2025-12-04T23:00:00.000Z
GHED_OOP_pc_US_SHA2011,Out-of-pocket expenditure (OOP) per capita in US$,numeric,AMR,Americas,Country,DOM,Dominican Republic,Year,2022,false,,,,,,,,,,,,,117.4,,,,,,117.44,,,EN,2025-12-04T23:00:00.000Z
GHED_OOP_pc_US_SHA2011,Out-of-pocket expenditure (OOP) per capita in US$,numeric,EMR,Eastern Mediterranean,Country,PSE,"occupied Palestinian territory, including east Jerusalem",Year,2022,false,,,,,,,,,,,,,117.6,,,,,,117.65,,,EN,2025-12-04T23:00:00.000Z
GHED_OOP_pc_US_SHA2011,Out-of-pocket expenditure (OOP) per capita in US$,numeric,EUR,Europe,Country,BEL,Belgium,Year,2022,false,,,,,,,,,,,,,1175,,,,,,1174.79,,,EN,2025-12-04T23:00:00.000Z
GHED_OOP_pc_US_SHA2011,Out-of-pocket expenditure (OOP) per capita in US$,numeric,AFR,Africa,Country,ETH,Ethiopia,Year,2022,false,,,,,,,,,,,,,12.07,,,,,,12.07,,,EN,2025-12-04T23:00:00.000Z
GHED_OOP_pc_US_SHA2011,Out-of-pocket expenditure (OOP) per capita in US$,numeric,WPR,Western Pacific,Country,FSM,Micronesia (Federated States of),Year,2022,false,,,,,,,,,,,,,12.31,,,,,,12.31,,,EN,2025-12-04T23:00:00.000Z
GHED_OOP_pc_US_SHA2011,Out-of-pocket expenditure (OOP) per capita in US$,numeric,EMR,Eastern Mediterranean,Country,JOR,Jordan,Year,2022,false,,,,,,,,,,,,,120.1,,,,,,120.13,,,EN,2025-12-04T23:00:00.000Z
GHED_OOP_pc_US_SHA2011,Out-of-pocket expenditure (OOP) per capita in US$,numeric,AMR,Americas,Country,VCT,Saint Vincent and the Grenadines,Year,2022,false,,,,,,,,,,,,,120.1,,,,,,120.13,,,EN,2025-12-04T23:00:00.000Z
GHED_OOP_pc_US_SHA2011,Out-of-pocket expenditure (OOP) per capita in US$,numeric,AMR,Americas,Country,PER,Peru,Year,2022,false,,,,,,,,,,,,,120.3,,,,,,120.34,,,EN,2025-12-04T23:00:00.000Z
GHED_OOP_pc_US_SHA2011,Out-of-pocket expenditure (OOP) per capita in US$,numeric,EUR,Europe,Country,HRV,Croatia,Year,2022,false,,,,,,,,,,,,,122.1,,,,,,122.11,,,EN,2025-12-04T23:00:00.000Z
GHED_OOP_pc_US_SHA2011,Out-of-pocket expenditure (OOP) per capita in US$,numeric,EUR,Europe,Country,NOR,Norway,Year,2022,false,,,,,,,,,,,,,1224,,,,,,1223.52,,,EN,2025-12-04T23:00:00.000Z
GHED_OOP_pc_US_SHA2011,Out-of-pocket expenditure (OOP) per capita in US$,numeric,EUR,Europe,Country,MDA,Republic of Moldova,Year,2022,false,,,,,,,,,,,,,125.1,,,,,,125.07,,,EN,2025-12-04T23:00:00.000Z
GHED_OOP_pc_US_SHA2011,Out-of-pocket expenditure (OOP) per capita in US$,numeric,AMR,Americas,Country,DMA,Dominica,Year,2022,false,,,,,,,,,,,,,126.8,,,,,,126.77,,,EN,2025-12-04T23:00:00.000Z
GHED_OOP_pc_US_SHA2011,Out-of-pocket expenditure (OOP) per capita in US$,numeric,AMR,Americas,Country,HND,Honduras,Year,2022,false,,,,,,,,,,,,,128.2,,,,,,128.17,,,EN,2025-12-04T23:00:00.000Z
GHED_OOP_pc_US_SHA2011,Out-of-pocket expenditure (OOP) per capita in US$,numeric,EUR,Europe,Country,KAZ,Kazakhstan,Year,2022,false,,,,,,,,,,,,,130,,,,,,129.97,,,EN,2025-12-04T23:00:00.000Z
GHED_OOP_pc_US_SHA2011,Out-of-pocket expenditure (OOP) per capita in US$,numeric,EMR,Eastern Mediterranean,Country,QAT,Qatar,Year,2022,false,,,,,,,,,,,,,137.8,,,,,,137.77,,,EN,2025-12-04T23:00:00.000Z
GHED_OOP_pc_US_SHA2011,Out-of-pocket expenditure (OOP) per capita in US$,numeric,AMR,Americas,Country,USA,United States of America,Year,2022,false,,,,,,,,,,,,,1381,,,,,,1380.55,,,EN,2025-12-04T23:00:00.000Z
GHED_OOP_pc_US_SHA2011,Out-of-pocket expenditure (OOP) per capita in US$,numeric,AFR,Africa,Country,COG,Congo,Year,2022,false,,,,,,,,,,,,,14.3,,,,,,14.30,,,EN,2025-12-04T23:00:00.000Z
GHED_OOP_pc_US_SHA2011,Out-of-pocket expenditure (OOP) per capita in US$,numeric,AFR,Africa,Country,ERI,Eritrea,Year,2022,false,,,,,,,,,,,,,14.71,,,,,,14.71,,,EN,2025-12-04T23:00:00.000Z
GHED_OOP_pc_US_SHA2011,Out-of-pocket expenditure (OOP) per capita in US$,numeric,AFR,Africa,Country,GNQ,Equatorial Guinea,Year,2022,false,,,,,,,,,,,,,143.7,,,,,,143.66,,,EN,2025-12-04T23:00:00.000Z
GHED_OOP_pc_US_SHA2011,Out-of-pocket expenditure (OOP) per capita in US$,numeric,EUR,Europe,Country,BLR,Belarus,Year,2022,false,,,,,,,,,,,,,146.1,,,,,,146.11,,,EN,2025-12-04T23:00:00.000Z
GHED_OOP_pc_US_SHA2011,Out-of-pocket expenditure (OOP) per capita in US$,numeric,WPR,Western Pacific,Country,TON,Tonga,Year,2022,false,,,,,,,,,,,,,15.02,,,,,,15.02,,,EN,2025-12-04T23:00:00.000Z
GHED_OOP_pc_US_SHA2011,Out-of-pocket expenditure (OOP) per capita in US$,numeric,AFR,Africa,Country,UGA,Uganda,Year,2022,false,,,,,,,,,,,,,15.05,,,,,,15.05,,,EN,2025-12-04T23:00:00.000Z
GHED_OOP_pc_US_SHA2011,Out-of-pocket expenditure (OOP) per capita in US$,numeric,AFR,Africa,Country,SSD,South Sudan,Year,2022,false,,,,,,,,,,,,,15.27,,,,,,15.27,,,EN,2025-12-04T23:00:00.000Z
GHED_OOP_pc_US_SHA2011,Out-of-pocket expenditure (OOP) per capita in US$,numeric,AFR,Africa,Country,MLI,Mali,Year,2022,false,,,,,,,,,,,,,15.81,,,,,,15.81,,,EN,2025-12-04T23:00:00.000Z
GHED_OOP_pc_US_SHA2011,Out-of-pocket expenditure (OOP) per capita in US$,numeric,EMR,Eastern Mediterranean,Country,IRQ,Iraq,Year,2022,false,,,,,,,,,,,,,150.3,,,,,,150.34,,,EN,2025-12-04T23:00:00.000Z
GHED_OOP_pc_US_SHA2011,Out-of-pocket expenditure (OOP) per capita in US$,numeric,AMR,Americas,Country,ECU,Ecuador,Year,2022,false,,,,,,,,,,,,,151.9,,,,,,151.88,,,EN,2025-12-04T23:00:00.000Z
GHED_OOP_pc_US_SHA2011,Out-of-pocket expenditure (OOP) per capita in US$,numeric,AMR,Americas,Country,SLV,El Salvador,Year,2022,false,,,,,,,,,,,,,155.6,,,,,,155.55,,,EN,2025-12-04T23:00:00.000Z
GHED_OOP_pc_US_SHA2011,Out-of-pocket expenditure (OOP) per capita in US$,numeric,AMR,Americas,Country,ATG,Antigua and Barbuda,Year,2022,false,,,,,,,,,,,,,160.4,,,,,,160.42,,,EN,2025-12-04T23:00:00.000Z
GHED_OOP_pc_US_SHA2011,Out-of-pocket expenditure (OOP) per capita in US$,numeric,AFR,Africa,Country,LSO,Lesotho,Year,2022,false,,,,,,,,,,,,,17,,,,,,17.00,,,EN,2025-12-04T23:00:00.000Z
GHED_OOP_pc_US_SHA2011,Out-of-pocket expenditure (OOP) per capita in US$,numeric,WPR,Western Pacific,Country,FJI,Fiji,Year,2022,false,,,,,,,,,,,,,17.37,,,,,,17.37,,,EN,2025-12-04T23:00:00.000Z
GHED_OOP_pc_US_SHA2011,Out-of-pocket expenditure (OOP) per capita in US$,numeric,EUR,Europe,Country,AZE,Azerbaijan,Year,2022,false,,,,,,,,,,,,,173.2,,,,,,173.23,,,EN,2025-12-04T23:00:00.000Z
GHED_OOP_pc_US_SHA2011,Out-of-pocket expenditure (OOP) per capita in US$,numeric,WPR,Western Pacific,Country,MYS,Malaysia,Year,2022,false,,,,,,,,,,,,,173.5,,,,,,173.53,,,EN,2025-12-04T23:00:00.000Z
GHED_OOP_pc_US_SHA2011,Out-of-pocket expenditure (OOP) per capita in US$,numeric,WPR,Western Pacific,Country,MNG,Mongolia,Year,2022,false,,,,,,,,,,,,,174.6,,,,,,174.58,,,EN,2025-12-04T23:00:00.000Z
GHED_OOP_pc_US_SHA2011,Out-of-pocket expenditure (OOP) per capita in US$,numeric,SEAR,South-East Asia,Country,MDV,Maldives,Year,2022,false,,,,,,,,,,,,,179.2,,,,,,179.20,,,EN,2025-12-04T23:00:00.000Z
GHED_OOP_pc_US_SHA2011,Out-of-pocket expenditure (OOP) per capita in US$,numeric,EMR,Eastern Mediterranean,Country,PAK,Pakistan,Year,2022,false,,,,,,,,,,,,,18.36,,,,,,18.36,,,EN,2025-12-04T23:00:00.000Z
GHED_OOP_pc_US_SHA2011,Out-of-pocket expenditure (OOP) per capita in US$,numeric,AFR,Africa,Country,BEN,Benin,Year,2022,false,,,,,,,,,,,,,18.55,,,,,,18.55,,,EN,2025-12-04T23:00:00.000Z
GHED_OOP_pc_US_SHA2011,Out-of-pocket expenditure (OOP) per capita in US$,numeric,EMR,Eastern Mediterranean,Country,KWT,Kuwait,Year,2022,false,,,,,,,,,,,,,181,,,,,,180.99,,,EN,2025-12-04T23:00:00.000Z
GHED_OOP_pc_US_SHA2011,Out-of-pocket expenditure (OOP) per capita in US$,numeric,AMR,Americas,Country,PRY,Paraguay,Year,2022,false,,,,,,,,,,,,,186.8,,,,,,186.84,,,EN,2025-12-04T23:00:00.000Z
GHED_OOP_pc_US_SHA2011,Out-of-pocket expenditure (OOP) per capita in US$,numeric,EUR,Europe,Country,ROU,Romania,Year,2022,false,,,,,,,,,,,,,193.3,,,,,,193.28,,,EN,2025-12-04T23:00:00.000Z
GHED_OOP_pc_US_SHA2011,Out-of-pocket expenditure (OOP) per capita in US$,numeric,AFR,Africa,Country,RWA,Rwanda,Year,2022,false,,,,,,,,,,,,,2.43,,,,,,2.43,,,EN,2025-12-04T23:00:00.000Z
GHED_OOP_pc_US_SHA2011,Out-of-pocket expenditure (OOP) per capita in US$,numeric,AFR,Africa,Country,GHA,Ghana,Year,2022,false,,,,,,,,,,,,,20.61,,,,,,20.61,,,EN,2025-12-04T23:00:00.000Z
GHED_OOP_pc_US_SHA2011,Out-of-pocket expenditure (OOP) per capita in US$,numeric,AFR,Africa,Country,BWA,Botswana,Year,2022,false,,,,,,,,,,,,,20.98,,,,,,20.98,,,EN,2025-12-04T23:00:00.000Z
GHED_OOP_pc_US_SHA2011,Out-of-pocket expenditure (OOP) per capita in US$,numeric,EUR,Europe,Country,BIH,Bosnia and Herzegovina,Year,2022,false,,,,,,,,,,,,,206.1,,,,,,206.08,,,EN,2025-12-04T23:00:00.000Z
GHED_OOP_pc_US_SHA2011,Out-of-pocket expenditure (OOP) per capita in US$,numeric,EUR,Europe,Country,LIE,Liechtenstein,Year,2022,false,,,,,,,,,,,,,2072,,,,,,2072.21,,,EN,2025-12-04T23:00:00.000Z
GHED_OOP_pc_US_SHA2011,Out-of-pocket expenditure (OOP) per capita in US$,numeric,AFR,Africa,Country,STP,Sao Tome and Principe,Year,2022,false,,,,,,,,,,,,,21.14,,,,,,21.14,,,EN,2025-12-04T23:00:00.000Z
GHED_OOP_pc_US_SHA2011,Out-of-pocket expenditure (OOP) per capita in US$,numeric,AFR,Africa,Country,KEN,Kenya,Year,2022,false,,,,,,,,,,,,,21.89,,,,,,21.89,,,EN,2025-12-04T23:00:00.000Z
GHED_OOP_pc_US_SHA2011,Out-of-pocket expenditure (OOP) per capita in US$,numeric,AFR,Africa,Country,SYC,Seychelles,Year,2022,false,,,,,,,,,,,,,212,,,,,,211.95,,,EN,2025-12-04T23:00:00.000Z
GHED_OOP_pc_US_SHA2011,Out-of-pocket expenditure (OOP) per capita in US$,numeric,EMR,Eastern Mediterranean,Country,ARE,United Arab Emirates,Year,2022,false,,,,,,,,,,,,,217.8,,,,,,217.78,,,EN,2025-12-04T23:00:00.000Z
GHED_OOP_pc_US_SHA2011,Out-of-pocket expenditure (OOP) per capita in US$,numeric,AMR,Americas,Country,CRI,Costa Rica,Year,2022,false,,,,,,,,,,,,,219.6,,,,,,219.60,,,EN,2025-12-04T23:00:00.000Z
GHED_OOP_pc_US_SHA2011,Out-of-pocket expenditure (OOP) per capita in US$,numeric,AFR,Africa,Country,SLE,Sierra Leone,Year,2022,false,,,,,,,,,,,,,22.7,,,,,,22.70,,,EN,2025-12-04T23:00:00.000Z
GHED_OOP_pc_US_SHA2011,Out-of-pocket expenditure (OOP) per capita in US$,numeric,AFR,Africa,Country,CAF,Central African Republic,Year,2022,false,,,,,,,,,,,,,22.83,,,,,,22.83,,,EN,2025-12-04T23:00:00.000Z
GHED_OOP_pc_US_SHA2011,Out-of-pocket expenditure (OOP) per capita in US$,numeric,EUR,Europe,Country,POL,Poland,Year,2022,false,,,,,,,,,,,,,224.8,,,,,,224.78,,,EN,2025-12-04T23:00:00.000Z
GHED_OOP_pc_US_SHA2011,Out-of-pocket expenditure (OOP) per capita in US$,numeric,EUR,Europe,Country,MKD,North Macedonia,Year,2022,false,,,,,,,,,,,,,225.9,,,,,,225.89,,,EN,2025-12-04T23:00:00.000Z
GHED_OOP_pc_US_SHA2011,Out-of-pocket expenditure (OOP) per capita in US$,numeric,EMR,Eastern Mediterranean,Country,DJI,Djibouti,Year,2022,false,,,,,,,,,,,,,23,,,,,,23.00,,,EN,2025-12-04T23:00:00.000Z
GHED_OOP_pc_US_SHA2011,Out-of-pocket expenditure (OOP) per capita in US$,numeric,AFR,Africa,Country,TCD,Chad,Year,2022,false,,,,,,,,,,,,,23.37,,,,,,23.37,,,EN,2025-12-04T23:00:00.000Z
GHED_OOP_pc_US_SHA2011,Out-of-pocket expenditure (OOP) per capita in US$,numeric,AMR,Americas,Country,GTM,Guatemala,Year,2022,false,,,,,,,,,,,,,231.2,,,,,,231.25,,,EN,2025-12-04T23:00:00.000Z
GHED_OOP_pc_US_SHA2011,Out-of-pocket expenditure (OOP) per capita in US$,numeric,EMR,Eastern Mediterranean,Country,SAU,Saudi Arabia,Year,2022,false,,,,,,,,,,,,,234.1,,,,,,234.05,,,EN,2025-12-04T23:00:00.000Z
GHED_OOP_pc_US_SHA2011,Out-of-pocket expenditure (OOP) per capita in US$,numeric,AMR,Americas,Country,LCA,Saint Lucia,Year,2022,false,,,,,,,,,,,,,235.3,,,,,,235.30,,,EN,2025-12-04T23:00:00.000Z
GHED_OOP_pc_US_SHA2011,Out-of-pocket expenditure (OOP) per capita in US$,numeric,AMR,Americas,Country,BRA,Brazil,Year,2022,false,,,,,,,,,,,,,237.4,,,,,,237.43,,,EN,2025-12-04T23:00:00.000Z
GHED_OOP_pc_US_SHA2011,Out-of-pocket expenditure (OOP) per capita in US$,numeric,EUR,Europe,Country,CHE,Switzerland,Year,2022,false,,,,,,,,,,,,,2377,,,,,,2376.58,,,EN,2025-12-04T23:00:00.000Z
GHED_OOP_pc_US_SHA2011,Out-of-pocket expenditure (OOP) per capita in US$,numeric,WPR,Western Pacific,Country,CHN,China,Year,2022,false,,,,,,,,,,,,,238.9,,,,,,238.93,,,EN,2025-12-04T23:00:00.000Z
GHED_OOP_pc_US_SHA2011,Out-of-pocket expenditure (OOP) per capita in US$,numeric,EUR,Europe,Country,ALB,Albania,Year,2022,false,,,,,,,,,,,,,245,,,,,,245.00,,,EN,2025-12-04T23:00:00.000Z
GHED_OOP_pc_US_SHA2011,Out-of-pocket expenditure (OOP) per capita in US$,numeric,AMR,Americas,Country,MEX,Mexico,Year,2022,false,,,,,,,,,,,,,254.5,,,,,,254.46,,,EN,2025-12-04T23:00:00.000Z
GHED_OOP_pc_US_SHA2011,Out-of-pocket expenditure (OOP) per capita in US$,numeric,EUR,Europe,Country,SRB,Serbia,Year,2022,false,,,,,,,,,,,,,259.8,,,,,,259.81,,,EN,2025-12-04T23:00:00.000Z
GHED_OOP_pc_US_SHA2011,Out-of-pocket expenditure (OOP) per capita in US$,numeric,AFR,Africa,Country,MUS,Mauritius,Year,2022,false,,,,,,,,,,,,,260.1,,,,,,260.08,,,EN,2025-12-04T23:00:00.000Z
GHED_OOP_pc_US_SHA2011,Out-of-pocket expenditure (OOP) per capita in US$,numeric,EUR,Europe,Country,MNE,Montenegro,Year,2022,false,,,,,,,,,,,,,263.1,,,,,,263.08,,,EN,2025-12-04T23:00:00.000Z
GHED_OOP_pc_US_SHA2011,Out-of-pocket expenditure (OOP) per capita in US$,numeric,AMR,Americas,Country,HTI,Haiti,Year,2022,false,,,,,,,,,,,,,27.04,,,,,,27.04,,,EN,2025-12-04T23:00:00.000Z
GHED_OOP_pc_US_SHA2011,Out-of-pocket expenditure (OOP) per capita in US$,numeric,WPR,Western Pacific,Country,COK,Cook Islands,Year,2022,false,,,,,,,,,,,,,27.16,,,,,,27.16,,,EN,2025-12-04T23:00:00.000Z
GHED_OOP_pc_US_SHA2011,Out-of-pocket expenditure (OOP) per capita in US$,numeric,AFR,Africa,Country,BFA,Burkina Faso,Year,2022,false,,,,,,,,,,,,,27.23,,,,,,27.23,,,EN,2025-12-04T23:00:00.000Z
GHED_OOP_pc_US_SHA2011,Out-of-pocket expenditure (OOP) per capita in US$,numeric,AFR,Africa,Country,CIV,Cote d'Ivoire,Year,2022,false,,,,,,,,,,,,,27.63,,,,,,27.63,,,EN,2026-01-11T23:00:00.000Z
GHED_OOP_pc_US_SHA2011,Out-of-pocket expenditure (OOP) per capita in US$,numeric,AFR,Africa,Country,GIN,Guinea,Year,2022,false,,,,,,,,,,,,,28.83,,,,,,28.83,,,EN,2025-12-04T23:00:00.000Z
GHED_OOP_pc_US_SHA2011,Out-of-pocket expenditure (OOP) per capita in US$,numeric,EUR,Europe,Country,AND,Andorra,Year,2022,false,,,,,,,,,,,,,282.2,,,,,,282.17,,,EN,2025-12-04T23:00:00.000Z
GHED_OOP_pc_US_SHA2011,Out-of-pocket expenditure (OOP) per capita in US$,numeric,AMR,Americas,Country,GRD,Grenada,Year,2022,false,,,,,,,,,,,,,284.9,,,,,,284.85,,,EN,2025-12-04T23:00:00.000Z
GHED_OOP_pc_US_SHA2011,Out-of-pocket expenditure (OOP) per capita in US$,numeric,AFR,Africa,Country,SWZ,Eswatini,Year,2022,false,,,,,,,,,,,,,29.44,,,,,,29.44,,,EN,2025-12-04T23:00:00.000Z
GHED_OOP_pc_US_SHA2011,Out-of-pocket expenditure (OOP) per capita in US$,numeric,AFR,Africa,Country,SEN,Senegal,Year,2022,false,,,,,,,,,,,,,29.95,,,,,,29.95,,,EN,2026-01-11T23:00:00.000Z
GHED_OOP_pc_US_SHA2011,Out-of-pocket expenditure (OOP) per capita in US$,numeric,EUR,Europe,Country,HUN,Hungary,Year,2022,false,,,,,,,,,,,,,294.9,,,,,,294.89,,,EN,2025-12-04T23:00:00.000Z
GHED_OOP_pc_US_SHA2011,Out-of-pocket expenditure (OOP) per capita in US$,numeric,EUR,Europe,Country,RUS,Russian Federation,Year,2022,false,,,,,,,,,,,,,298.7,,,,,,298.71,,,EN,2025-12-04T23:00:00.000Z
GHED_OOP_pc_US_SHA2011,Out-of-pocket expenditure (OOP) per capita in US$,numeric,WPR,Western Pacific,Country,SLB,Solomon Islands,Year,2022,false,,,,,,,,,,,,,3.6,,,,,,3.60,,,EN,2025-12-04T23:00:00.000Z
GHED_OOP_pc_US_SHA2011,Out-of-pocket expenditure (OOP) per capita in US$,numeric,AMR,Americas,Country,URY,Uruguay,Year,2022,false,,,,,,,,,,,,,302.2,,,,,,302.18,,,EN,2025-12-04T23:00:00.000Z
GHED_OOP_pc_US_SHA2011,Out-of-pocket expenditure (OOP) per capita in US$,numeric,AFR,Africa,Country,AGO,Angola,Year,2022,false,,,,,,,,,,,,,31.22,,,,,,31.22,,,EN,2025-12-04T23:00:00.000Z
GHED_OOP_pc_US_SHA2011,Out-of-pocket expenditure (OOP) per capita in US$,numeric,AFR,Africa,Country,NAM,Namibia,Year,2022,false,,,,,,,,,,,,,31.59,,,,,,31.59,,,EN,2025-12-04T23:00:00.000Z
GHED_OOP_pc_US_SHA2011,Out-of-pocket expenditure (OOP) per capita in US$,numeric,EMR,Eastern Mediterranean,Country,SYR,Syrian Arab Republic,Year,2022,false,,,,,,,,,,,,,31.93,,,,,,31.93,,,EN,2025-12-04T23:00:00.000Z
GHED_OOP_pc_US_SHA2011,Out-of-pocket expenditure (OOP) per capita in US$,numeric,EUR,Europe,Country,GEO,Georgia,Year,2022,false,,,,,,,,,,,,,312.3,,,,,,312.35,,,EN,2025-12-04T23:00:00.000Z
GHED_OOP_pc_US_SHA2011,Out-of-pocket expenditure (OOP) per capita in US$,numeric,EUR,Europe,Country,SVK,Slovakia,Year,2022,false,,,,,,,,,,,,,316.4,,,,,,316.36,,,EN,2025-12-04T23:00:00.000Z
GHED_OOP_pc_US_SHA2011,Out-of-pocket expenditure (OOP) per capita in US$,numeric,EMR,Eastern Mediterranean,Country,BHR,Bahrain,Year,2022,false,,,,,,,,,,,,,328.8,,,,,,328.81,,,EN,2025-12-04T23:00:00.000Z
GHED_OOP_pc_US_SHA2011,Out-of-pocket expenditure (OOP) per capita in US$,numeric,WPR,Western Pacific,Country,PLW,Palau,Year,2022,false,,,,,,,,,,,,,339,,,,,,338.98,,,EN,2025-12-04T23:00:00.000Z
GHED_OOP_pc_US_SHA2011,Out-of-pocket expenditure (OOP) per capita in US$,numeric,SEAR,South-East Asia,Country,THA,Thailand,Year,2022,false,,,,,,,,,,,,,34.08,,,,,,34.08,,,EN,2025-12-04T23:00:00.000Z
GHED_OOP_pc_US_SHA2011,Out-of-pocket expenditure (OOP) per capita in US$,numeric,WPR,Western Pacific,Country,WSM,Samoa,Year,2022,false,,,,,,,,,,,,,34.41,,,,,,34.41,,,EN,2025-12-04T23:00:00.000Z
GHED_OOP_pc_US_SHA2011,Out-of-pocket expenditure (OOP) per capita in US$,numeric,EUR,Europe,Country,SVN,Slovenia,Year,2022,false,,,,,,,,,,,,,340.4,,,,,,340.37,,,EN,2025-12-04T23:00:00.000Z
GHED_OOP_pc_US_SHA2011,Out-of-pocket expenditure (OOP) per capita in US$,numeric,EUR,Europe,Country,CZE,Czechia,Year,2022,false,,,,,,,,,,,,,347.3,,,,,,347.34,,,EN,2025-12-04T23:00:00.000Z
GHED_OOP_pc_US_SHA2011,Out-of-pocket expenditure (OOP) per capita in US$,numeric,EUR,Europe,Country,KGZ,Kyrgyzstan,Year,2022,false,,,,,,,,,,,,,35.14,,,,,,35.14,,,EN,2025-12-04T23:00:00.000Z
GHED_OOP_pc_US_SHA2011,Out-of-pocket expenditure (OOP) per capita in US$,numeric,AFR,Africa,Country,TGO,Togo,Year,2022,false,,,,,,,,,,,,,35.8,,,,,,35.80,,,EN,2025-12-04T23:00:00.000Z
GHED_OOP_pc_US_SHA2011,Out-of-pocket expenditure (OOP) per capita in US$,numeric,AMR,Americas,Country,ARG,Argentina,Year,2022,false,,,,,,,,,,,,,357,,,,,,356.96,,,EN,2025-12-04T23:00:00.000Z
GHED_OOP_pc_US_SHA2011,Out-of-pocket expenditure (OOP) per capita in US$,numeric,SEAR,South-East Asia,Country,IND,India,Year,2022,false,,,,,,,,,,,,,36.31,,,,,,36.31,,,EN,2025-12-04T23:00:00.000Z
GHED_OOP_pc_US_SHA2011,Out-of-pocket expenditure (OOP) per capita in US$,numeric,SEAR,South-East Asia,Country,MMR,Myanmar,Year,2022,false,,,,,,,,,,,,,37.76,,,,,,37.76,,,EN,2025-12-04T23:00:00.000Z
GHED_OOP_pc_US_SHA2011,Out-of-pocket expenditure (OOP) per capita in US$,numeric,EUR,Europe,Country,BGR,Bulgaria,Year,2022,false,,,,,,,,,,,,,374.2,,,,,,374.15,,,EN,2025-12-04T23:00:00.000Z
GHED_OOP_pc_US_SHA2011,Out-of-pocket expenditure (OOP) per capita in US$,numeric,AFR,Africa,Country,MRT,Mauritania,Year,2022,false,,,,,,,,,,,,,38.19,,,,,,38.19,,,EN,2025-12-04T23:00:00.000Z
GHED_OOP_pc_US_SHA2011,Out-of-pocket expenditure (OOP) per capita in US$,numeric,AFR,Africa,Country,ZAF,South Africa,Year,2022,false,,,,,,,,,,,,,38.33,,,,,,38.33,,,EN,2025-12-04T23:00:00.000Z
GHED_OOP_pc_US_SHA2011,Out-of-pocket expenditure (OOP) per capita in US$,numeric,SEAR,South-East Asia,Country,BTN,Bhutan,Year,2022,false,,,,,,,,,,,,,38.66,,,,,,38.66,,,EN,2025-12-04T23:00:00.000Z
GHED_OOP_pc_US_SHA2011,Out-of-pocket expenditure (OOP) per capita in US$,numeric,EMR,Eastern Mediterranean,Country,YEM,Yemen,Year,2022,false,,,,,,,,,,,,,38.75,,,,,,38.75,,,EN,2025-12-04T23:00:00.000Z
GHED_OOP_pc_US_SHA2011,Out-of-pocket expenditure (OOP) per capita in US$,numeric,AFR,Africa,Country,MDG,Madagascar,Year,2022,false,,,,,,,,,,,,,4.82,,,,,,4.82,,,EN,2025-12-04T23:00:00.000Z
GHED_OOP_pc_US_SHA2011,Out-of-pocket expenditure (OOP) per capita in US$,numeric,AFR,Africa,Country,MOZ,Mozambique,Year,2022,false,,,,,,,,,,,,,4.96,,,,,,4.96,,,EN,2025-12-04T23:00:00.000Z
GHED_OOP_pc_US_SHA2011,Out-of-pocket expenditure (OOP) per capita in US$,numeric,WPR,Western Pacific,Country,IDN,Indonesia,Year,2022,false,,,,,,,,,,,,,42.01,,,,,,42.01,,,EN,2025-12-04T23:00:00.000Z
GHED_OOP_pc_US_SHA2011,Out-of-pocket expenditure (OOP) per capita in US$,numeric,AFR,Africa,Country,GAB,Gabon,Year,2022,false,,,,,,,,,,,,,43.55,,,,,,43.55,,,EN,2025-12-04T23:00:00.000Z
GHED_OOP_pc_US_SHA2011,Out-of-pocket expenditure (OOP) per capita in US$,numeric,SEAR,South-East Asia,Country,BGD,Bangladesh,Year,2022,false,,,,,,,,,,,,,44.31,,,,,,44.31,,,EN,2025-12-04T23:00:00.000Z
GHED_OOP_pc_US_SHA2011,Out-of-pocket expenditure (OOP) per capita in US$,numeric,EUR,Europe,Country,SMR,San Marino,Year,2022,false,,,,,,,,,,,,,443.1,,,,,,443.13,,,EN,2025-12-04T23:00:00.000Z
GHED_OOP_pc_US_SHA2011,Out-of-pocket expenditure (OOP) per capita in US$,numeric,EUR,Europe,Country,FRA,France,Year,2022,false,,,,,,,,,,,,,449.2,,,,,,449.22,,,EN,2025-12-04T23:00:00.000Z
GHED_OOP_pc_US_SHA2011,Out-of-pocket expenditure (OOP) per capita in US$,numeric,AFR,Africa,Country,GNB,Guinea-Bissau,Year,2022,false,,,,,,,,,,,,,45.07,,,,,,45.07,,,EN,2025-12-04T23:00:00.000Z
GHED_OOP_pc_US_SHA2011,Out-of-pocket expenditure (OOP) per capita in US$,numeric,EUR,Europe,Country,TKM,Turkmenistan,Year,2022,false,,,,,,,,,,,,,458.8,,,,,,458.81,,,EN,2025-12-04T23:00:00.000Z
GHED_OOP_pc_US_SHA2011,Out-of-pocket expenditure (OOP) per capita in US$,numeric,EUR,Europe,Country,EST,Estonia,Year,2022,false,,,,,,,,,,,,,462.6,,,,,,462.56,,,EN,2025-12-04T23:00:00.000Z
GHED_OOP_pc_US_SHA2011,Out-of-pocket expenditure (OOP) per capita in US$,numeric,WPR,Western Pacific,Country,JPN,Japan,Year,2022,false,,,,,,,,,,,,,468.4,,,,,,468.42,,,EN,2025-12-04T23:00:00.000Z
GHED_OOP_pc_US_SHA2011,Out-of-pocket expenditure (OOP) per capita in US$,numeric,SEAR,South-East Asia,Country,NPL,Nepal,Year,2022,false,,,,,,,,,,,,,48.41,,,,,,48.41,,,EN,2025-12-04T23:00:00.000Z
GHED_OOP_pc_US_SHA2011,Out-of-pocket expenditure (OOP) per capita in US$,numeric,AFR,Africa,Country,CMR,Cameroon,Year,2022,false,,,,,,,,,,,,,48.87,,,,,,48.87,,,EN,2025-12-04T23:00:00.000Z
GHED_OOP_pc_US_SHA2011,Out-of-pocket expenditure (OOP) per capita in US$,numeric,EMR,Eastern Mediterranean,Country,OMN,Oman,Year,2022,false,,,,,,,,,,,,,49.15,,,,,,49.15,,,EN,2025-12-04T23:00:00.000Z
GHED_OOP_pc_US_SHA2011,Out-of-pocket expenditure (OOP) per capita in US$,numeric,EUR,Europe,Country,CYP,Cyprus,Year,2022,false,,,,,,,,,,,,,496,,,,,,495.99,,,EN,2025-12-04T23:00:00.000Z
GHED_OOP_pc_US_SHA2011,Out-of-pocket expenditure (OOP) per capita in US$,numeric,AFR,Africa,Country,MWI,Malawi,Year,2022,false,,,,,,,,,,,,,5.04,,,,,,5.04,,,EN,2025-12-04T23:00:00.000Z
GHED_OOP_pc_US_SHA2011,Out-of-pocket expenditure (OOP) per capita in US$,numeric,WPR,Western Pacific,Country,BRN,Brunei Darussalam,Year,2022,false,,,,,,,,,,,,,50.99,,,,,,50.99,,,EN,2025-12-04T23:00:00.000Z
GHED_OOP_pc_US_SHA2011,Out-of-pocket expenditure (OOP) per capita in US$,numeric,AMR,Americas,Country,KNA,Saint Kitts and Nevis,Year,2022,false,,,,,,,,,,,,,503.3,,,,,,503.32,,,EN,2025-12-04T23:00:00.000Z
GHED_OOP_pc_US_SHA2011,Out-of-pocket expenditure (OOP) per capita in US$,numeric,EUR,Europe,Country,LVA,Latvia,Year,2022,false,,,,,,,,,,,,,504.9,,,,,,504.90,,,EN,2025-12-04T23:00:00.000Z
GHED_OOP_pc_US_SHA2011,Out-of-pocket expenditure (OOP) per capita in US$,numeric,EUR,Europe,Country,TJK,Tajikistan,Year,2022,false,,,,,,,,,,,,,51.24,,,,,,51.24,,,EN,2025-12-04T23:00:00.000Z
GHED_OOP_pc_US_SHA2011,Out-of-pocket expenditure (OOP) per capita in US$,numeric,AMR,Americas,Country,VEN,Venezuela (Bolivarian Republic of),Year,2022,false,,,,,,,,,,,,,51.93,,,,,,51.93,,,EN,2025-12-04T23:00:00.000Z
GHED_OOP_pc_US_SHA2011,Out-of-pocket expenditure (OOP) per capita in US$,numeric,EUR,Europe,Country,ARM,Armenia,Year,2022,false,,,,,,,,,,,,,533.7,,,,,,533.69,,,EN,2025-12-04T23:00:00.000Z
GHED_OOP_pc_US_SHA2011,Out-of-pocket expenditure (OOP) per capita in US$,numeric,AFR,Africa,Country,COM,Comoros,Year,2022,false,,,,,,,,,,,,,54.01,,,,,,54.01,,,EN,2025-12-04T23:00:00.000Z
GHED_OOP_pc_US_SHA2011,Out-of-pocket expenditure (OOP) per capita in US$,numeric,AMR,Americas,Country,CHL,Chile,Year,2022,false,,,,,,,,,,,,,548.7,,,,,,548.72,,,EN,2025-12-04T23:00:00.000Z
GHED_OOP_pc_US_SHA2011,Out-of-pocket expenditure (OOP) per capita in US$,numeric,AMR,Americas,Country,SUR,Suriname,Year,2022,false,,,,,,,,,,,,,55.49,,,,,,55.49,,,EN,2025-12-04T23:00:00.000Z
GHED_OOP_pc_US_SHA2011,Out-of-pocket expenditure (OOP) per capita in US$,numeric,AMR,Americas,Country,BHS,Bahamas,Year,2022,false,,,,,,,,,,,,,560.3,,,,,,560.31,,,EN,2025-12-04T23:00:00.000Z
GHED_OOP_pc_US_SHA2011,Out-of-pocket expenditure (OOP) per capita in US$,numeric,SEAR,South-East Asia,Country,LKA,Sri Lanka,Year,2022,false,,,,,,,,,,,,,58.92,,,,,,58.92,,,EN,2025-12-04T23:00:00.000Z
GHED_OOP_pc_US_SHA2011,Out-of-pocket expenditure (OOP) per capita in US$,numeric,EUR,Europe,Country,LTU,Lithuania,Year,2022,false,,,,,,,,,,,,,582.4,,,,,,582.39,,,EN,2025-12-04T23:00:00.000Z
GHED_OOP_pc_US_SHA2011,Out-of-pocket expenditure (OOP) per capita in US$,numeric,EUR,Europe,Country,MCO,Monaco,Year,2022,false,,,,,,,,,,,,,587.3,,,,,,587.32,,,EN,2025-12-04T23:00:00.000Z
GHED_OOP_pc_US_SHA2011,Out-of-pocket expenditure (OOP) per capita in US$,numeric,EUR,Europe,Country,GRC,Greece,Year,2022,false,,,,,,,,,,,,,593,,,,,,593.01,,,EN,2025-12-04T23:00:00.000Z
GHED_OOP_pc_US_SHA2011,Out-of-pocket expenditure (OOP) per capita in US$,numeric,AFR,Africa,Country,ZWE,Zimbabwe,Year,2022,false,,,,,,,,,,,,,6.01,,,,,,6.01,,,EN,2025-12-04T23:00:00.000Z
GHED_OOP_pc_US_SHA2011,Out-of-pocket expenditure (OOP) per capita in US$,numeric,AFR,Africa,Country,BDI,Burundi,Year,2022,false,,,,,,,,,,,,,6.43,,,,,,6.43,,,EN,2025-12-04T23:00:00.000Z
GHED_OOP_pc_US_SHA2011,Out-of-pocket expenditure (OOP) per capita in US$,numeric,EMR,Eastern Mediterranean,Country,SOM,Somalia,Year,2022,false,,,,,,,,,,,,,6.65,,,,,,6.65,,,EN,2025-12-04T23:00:00.000Z
GHED_OOP_pc_US_SHA2011,Out-of-pocket expenditure (OOP) per capita in US$,numeric,AFR,Africa,Country,ZMB,Zambia,Year,2022,false,,,,,,,,,,,,,6.72,,,,,,6.72,,,EN,2025-12-04T23:00:00.000Z
GHED_OOP_pc_US_SHA2011,Out-of-pocket expenditure (OOP) per capita in US$,numeric,AMR,Americas,Country,BRB,Barbados,Year,2022,false,,,,,,,,,,,,,608.6,,,,,,608.63,,,EN,2025-12-04T23:00:00.000Z
GHED_OOP_pc_US_SHA2011,Out-of-pocket expenditure (OOP) per capita in US$,numeric,EUR,Europe,Country,LUX,Luxembourg,Year,2022,false,,,,,,,,,,,,,608.7,,,,,,608.71,,,EN,2025-12-04T23:00:00.000Z
GHED_OOP_pc_US_SHA2011,Out-of-pocket expenditure (OOP) per capita in US$,numeric,AFR,Africa,Country,NGA,Nigeria,Year,2022,false,,,,,,,,,,,,,61.71,,,,,,61.71,,,EN,2026-01-11T23:00:00.000Z
GHED_OOP_pc_US_SHA2011,Out-of-pocket expenditure (OOP) per capita in US$,numeric,AMR,Americas,Country,TTO,Trinidad and Tobago,Year,2022,false,,,,,,,,,,,,,610.4,,,,,,610.38,,,EN,2025-12-04T23:00:00.000Z
GHED_OOP_pc_US_SHA2011,Out-of-pocket expenditure (OOP) per capita in US$,numeric,WPR,Western Pacific,Country,NZL,New Zealand,Year,2022,false,,,,,,,,,,,,,612.8,,,,,,612.81,,,EN,2025-12-04T23:00:00.000Z
GHED_OOP_pc_US_SHA2011,Out-of-pocket expenditure (OOP) per capita in US$,numeric,AFR,Africa,Country,LBR,Liberia,Year,2022,false,,,,,,,,,,,,,62.6,,,,,,62.60,,,EN,2025-12-04T23:00:00.000Z
GHED_OOP_pc_US_SHA2011,Out-of-pocket expenditure (OOP) per capita in US$,numeric,EMR,Eastern Mediterranean,Country,AFG,Afghanistan,Year,2022,false,,,,,,,,,,,,,62.86,,,,,,62.86,,,EN,2025-12-04T23:00:00.000Z
GHED_OOP_pc_US_SHA2011,Out-of-pocket expenditure (OOP) per capita in US$,numeric,EUR,Europe,Country,ESP,Spain,Year,2022,false,,,,,,,,,,,,,620,,,,,,620.02,,,EN,2025-12-04T23:00:00.000Z
GHED_OOP_pc_US_SHA2011,Out-of-pocket expenditure (OOP) per capita in US$,numeric,WPR,Western Pacific,Country,KHM,Cambodia,Year,2022,false,,,,,,,,,,,,,63.35,,,,,,63.35,,,EN,2025-12-04T23:00:00.000Z
GHED_OOP_pc_US_SHA2011,Out-of-pocket expenditure (OOP) per capita in US$,numeric,AMR,Americas,Country,PAN,Panama,Year,2022,false,,,,,,,,,,,,,642.9,,,,,,642.91,,,EN,2025-12-04T23:00:00.000Z
GHED_OOP_pc_US_SHA2011,Out-of-pocket expenditure (OOP) per capita in US$,numeric,EUR,Europe,Country,DEU,Germany,Year,2022,false,,,,,,,,,,,,,649.5,,,,,,649.51,,,EN,2025-12-04T23:00:00.000Z
GHED_OOP_pc_US_SHA2011,Out-of-pocket expenditure (OOP) per capita in US$,numeric,AFR,Africa,Country,CPV,Cabo Verde,Year,2022,false,,,,,,,,,,,,,65.56,,,,,,65.56,,,EN,2025-12-04T23:00:00.000Z
GHED_OOP_pc_US_SHA2011,Out-of-pocket expenditure (OOP) per capita in US$,numeric,AMR,Americas,Country,BOL,Bolivia (Plurinational State of),Year,2022,false,,,,,,,,,,,,,67.19,,,,,,67.19,,,EN,2025-12-04T23:00:00.000Z
GHED_OOP_pc_US_SHA2011,Out-of-pocket expenditure (OOP) per capita in US$,numeric,WPR,Western Pacific,Country,PNG,Papua New Guinea,Year,2022,false,,,,,,,,,,,,,7.51,,,,,,7.51,,,EN,2025-12-04T23:00:00.000Z
GHED_OOP_pc_US_SHA2011,Out-of-pocket expenditure (OOP) per capita in US$,numeric,EUR,Europe,Country,NLD,Netherlands (Kingdom of the),Year,2022,false,,,,,,,,,,,,,712.3,,,,,,712.26,,,EN,2025-12-04T23:00:00.000Z
GHED_OOP_pc_US_SHA2011,Out-of-pocket expenditure (OOP) per capita in US$,numeric,AMR,Americas,Country,COL,Colombia,Year,2022,false,,,,,,,,,,,,,72.89,,,,,,72.89,,,EN,2025-12-04T23:00:00.000Z
GHED_OOP_pc_US_SHA2011,Out-of-pocket expenditure (OOP) per capita in US$,numeric,EUR,Europe,Country,GBR,United Kingdom of Great Britain and Northern Ireland,Year,2022,false,,,,,,,,,,,,,735.1,,,,,,735.15,,,EN,2025-12-04T23:00:00.000Z
GHED_OOP_pc_US_SHA2011,Out-of-pocket expenditure (OOP) per capita in US$,numeric,EUR,Europe,Country,ITA,Italy,Year,2022,false,,,,,,,,,,,,,735.7,,,,,,735.67,,,EN,2025-12-04T23:00:00.000Z
GHED_OOP_pc_US_SHA2011,Out-of-pocket expenditure (OOP) per capita in US$,numeric,AMR,Americas,Country,NIC,Nicaragua,Year,2022,false,,,,,,,,,,,,,74.43,,,,,,74.43,,,EN,2025-12-04T23:00:00.000Z
GHED_OOP_pc_US_SHA2011,Out-of-pocket expenditure (OOP) per capita in US$,numeric,WPR,Western Pacific,Country,VNM,Viet Nam,Year,2022,false,,,,,,,,,,,,,74.59,,,,,,74.59,,,EN,2025-12-04T23:00:00.000Z
GHED_OOP_pc_US_SHA2011,Out-of-pocket expenditure (OOP) per capita in US$,numeric,EMR,Eastern Mediterranean,Country,LBN,Lebanon,Year,2022,false,,,,,,,,,,,,,74.72,,,,,,74.72,,,EN,2025-12-04T23:00:00.000Z
GHED_OOP_pc_US_SHA2011,Out-of-pocket expenditure (OOP) per capita in US$,numeric,EUR,Europe,Country,IRL,Ireland,Year,2022,false,,,,,,,,,,,,,740.2,,,,,,740.18,,,EN,2025-12-04T23:00:00.000Z
GHED_OOP_pc_US_SHA2011,Out-of-pocket expenditure (OOP) per capita in US$,numeric,EUR,Europe,Country,TUR,Türkiye,Year,2022,false,,,,,,,,,,,,,75.16,,,,,,75.16,,,EN,2025-12-04T23:00:00.000Z
GHED_OOP_pc_US_SHA2011,Out-of-pocket expenditure (OOP) per capita in US$,numeric,EUR,Europe,Country,PRT,Portugal,Year,2022,false,,,,,,,,,,,,,757.7,,,,,,757.69,,,EN,2025-12-04T23:00:00.000Z
GHED_OOP_pc_US_SHA2011,Out-of-pocket expenditure (OOP) per capita in US$,numeric,EUR,Europe,Country,FIN,Finland,Year,2022,false,,,,,,,,,,,,,789.1,,,,,,789.14,,,EN,2025-12-04T23:00:00.000Z
GHED_OOP_pc_US_SHA2011,Out-of-pocket expenditure (OOP) per capita in US$,numeric,AMR,Americas,Country,BLZ,Belize,Year,2022,false,,,,,,,,,,,,,79.92,,,,,,79.92,,,EN,2025-12-04T23:00:00.000Z
GHED_OOP_pc_US_SHA2011,Out-of-pocket expenditure (OOP) per capita in US$,numeric,EUR,Europe,Country,SWE,Sweden,Year,2022,false,,,,,,,,,,,,,790.7,,,,,,790.74,,,EN,2025-12-04T23:00:00.000Z
GHED_OOP_pc_US_SHA2011,Out-of-pocket expenditure (OOP) per capita in US$,numeric,AFR,Africa,Country,GMB,Gambia,Year,2022,false,,,,,,,,,,,,,8.71,,,,,,8.71,,,EN,2025-12-04T23:00:00.000Z
GHED_OOP_pc_US_SHA2011,Out-of-pocket expenditure (OOP) per capita in US$,numeric,WPR,Western Pacific,Country,MHL,Marshall Islands,Year,2022,false,,,,,,,,,,,,,8.9,,,,,,8.90,,,EN,2025-12-04T23:00:00.000Z
GHED_OOP_pc_US_SHA2011,Out-of-pocket expenditure (OOP) per capita in US$,numeric,WPR,Western Pacific,Country,PHL,Philippines,Year,2022,false,,,,,,,,,,,,,81.65,,,,,,81.65,,,EN,2025-12-04T23:00:00.000Z
GHED_OOP_pc_US_SHA2011,Out-of-pocket expenditure (OOP) per capita in US$,numeric,EMR,Eastern Mediterranean,Country,MAR,Morocco,Year,2022,false,,,,,,,,,,,,,81.82,,,,,,81.82,,,EN,2025-12-04T23:00:00.000Z
GHED_OOP_pc_US_SHA2011,Out-of-pocket expenditure (OOP) per capita in US$,numeric,EUR,Europe,Country,DNK,Denmark,Year,2022,false,,,,,,,,,,,,,850.8,,,,,,850.76,,,EN,2025-12-04T23:00:00.000Z
GHED_OOP_pc_US_SHA2011,Out-of-pocket expenditure (OOP) per capita in US$,numeric,AFR,Africa,Country,COD,Democratic Republic of the Congo,Year,2022,false,,,,,,,,,,,,,9.04,,,,,,9.04,,,EN,2025-12-04T23:00:00.000Z
GHED_OOP_pc_US_SHA2011,Out-of-pocket expenditure (OOP) per capita in US$,numeric,WPR,Western Pacific,Country,NIU,Niue,Year,2022,false,,,,,,,,,,,,,9.4,,,,,,9.40,,,EN,2025-12-04T23:00:00.000Z
GHED_OOP_pc_US_SHA2011,Out-of-pocket expenditure (OOP) per capita in US$,numeric,SEAR,South-East Asia,Country,TLS,Timor-Leste,Year,2022,false,,,,,,,,,,,,,9.58,,,,,,9.58,,,EN,2025-12-04T23:00:00.000Z
GHED_OOP_pc_US_SHA2011,Out-of-pocket expenditure (OOP) per capita in US$,numeric,AFR,Africa,Country,DZA,Algeria,Year,2022,false,,,,,,,,,,,,,90.4,,,,,,90.40,,,EN,2025-12-04T23:00:00.000Z
GHED_OOP_pc_US_SHA2011,Out-of-pocket expenditure (OOP) per capita in US$,numeric,EMR,Eastern Mediterranean,Country,LBY,Libya,Year,2022,false,,,,,,,,,,,,,90.46,,,,,,90.46,,,EN,2025-12-04T23:00:00.000Z
GHED_OOP_pc_US_SHA2011,Out-of-pocket expenditure (OOP) per capita in US$,numeric,WPR,Western Pacific,Country,KOR,Republic of Korea,Year,2022,false,,,,,,,,,,,,,901.3,,,,,,901.25,,,EN,2025-12-04T23:00:00.000Z
GHED_OOP_pc_US_SHA2011,Out-of-pocket expenditure (OOP) per capita in US$,numeric,WPR,Western Pacific,Country,SGP,Singapore,Year,2022,false,,,,,,,,,,,,,916.4,,,,,,916.38,,,EN,2025-12-04T23:00:00.000Z
GHED_OOP_pc_US_SHA2011,Out-of-pocket expenditure (OOP) per capita in US$,numeric,EMR,Eastern Mediterranean,Country,EGY,Egypt,Year,2022,false,,,,,,,,,,,,,92.24,,,,,,92.24,,,EN,2025-12-04T23:00:00.000Z
GHED_OOP_pc_US_SHA2011,Out-of-pocket expenditure (OOP) per capita in US$,numeric,AMR,Americas,Country,CAN,Canada,Year,2022,false,,,,,,,,,,,,,935.4,,,,,,935.39,,,EN,2025-12-04T23:00:00.000Z
GHED_OOP_pc_US_SHA2011,Out-of-pocket expenditure (OOP) per capita in US$,numeric,EUR,Europe,Country,ISL,Iceland,Year,2022,false,,,,,,,,,,,,,936.9,,,,,,936.86,,,EN,2025-12-04T23:00:00.000Z
GHED_OOP_pc_US_SHA2011,Out-of-pocket expenditure (OOP) per capita in US$,numeric,EUR,Europe,Country,AUT,Austria,Year,2022,false,,,,,,,,,,,,,960.8,,,,,,960.85,,,EN,2025-12-04T23:00:00.000Z
GHED_OOP_pc_US_SHA2011,Out-of-pocket expenditure (OOP) per capita in US$,numeric,AMR,Americas,Country,JAM,Jamaica,Year,2022,false,,,,,,,,,,,,,99.16,,,,,,99.16,,,EN,2025-12-04T23:00:00.000Z
GHED_OOP_pc_US_SHA2011,Out-of-pocket expenditure (OOP) per capita in US$,numeric,WPR,Western Pacific,Country,KIR,Kiribati,Year,2021,false,,,,,,,,,,,,,1.76,,,,,,1.76,,,EN,2025-12-04T23:00:00.000Z
GHED_OOP_pc_US_SHA2011,Out-of-pocket expenditure (OOP) per capita in US$,numeric,WPR,Western Pacific,Country,TUV,Tuvalu,Year,2021,false,,,,,,,,,,,,,1.91,,,,,,1.91,,,EN,2025-12-04T23:00:00.000Z
GHED_OOP_pc_US_SHA2011,Out-of-pocket expenditure (OOP) per capita in US$,numeric,WPR,Western Pacific,Country,NIU,Niue,Year,2021,false,,,,,,,,,,,,,10.43,,,,,,10.43,,,EN,2025-12-04T23:00:00.000Z
GHED_OOP_pc_US_SHA2011,Out-of-pocket expenditure (OOP) per capita in US$,numeric,AFR,Africa,Country,SSD,South Sudan,Year,2021,false,,,,,,,,,,,,,10.74,,,,,,10.74,,,EN,2025-12-04T23:00:00.000Z
GHED_OOP_pc_US_SHA2011,Out-of-pocket expenditure (OOP) per capita in US$,numeric,AMR,Americas,Country,DOM,Dominican Republic,Year,2021,false,,,,,,,,,,,,,101.1,,,,,,101.15,,,EN,2025-12-04T23:00:00.000Z
GHED_OOP_pc_US_SHA2011,Out-of-pocket expenditure (OOP) per capita in US$,numeric,WPR,Western Pacific,Country,MNG,Mongolia,Year,2021,false,,,,,,,,,,,,,101.9,,,,,,101.88,,,EN,2025-12-04T23:00:00.000Z
GHED_OOP_pc_US_SHA2011,Out-of-pocket expenditure (OOP) per capita in US$,numeric,WPR,Western Pacific,Country,AUS,Australia,Year,2021,false,,,,,,,,,,,,,1026,,,,,,1025.58,,,EN,2025-12-04T23:00:00.000Z
GHED_OOP_pc_US_SHA2011,Out-of-pocket expenditure (OOP) per capita in US$,numeric,EUR,Europe,Country,AUT,Austria,Year,2021,false,,,,,,,,,,,,,1050,,,,,,1050.34,,,EN,2025-12-04T23:00:00.000Z
GHED_OOP_pc_US_SHA2011,Out-of-pocket expenditure (OOP) per capita in US$,numeric,EUR,Europe,Country,BLR,Belarus,Year,2021,false,,,,,,,,,,,,,106.1,,,,,,106.14,,,EN,2025-12-04T23:00:00.000Z
GHED_OOP_pc_US_SHA2011,Out-of-pocket expenditure (OOP) per capita in US$,numeric,EMR,Eastern Mediterranean,Country,TUN,Tunisia,Year,2021,false,,,,,,,,,,,,,106.2,,,,,,106.16,,,EN,2025-12-04T23:00:00.000Z
GHED_OOP_pc_US_SHA2011,Out-of-pocket expenditure (OOP) per capita in US$,numeric,EUR,Europe,Country,MLT,Malta,Year,2021,false,,,,,,,,,,,,,1080,,,,,,1080.25,,,EN,2025-12-04T23:00:00.000Z
GHED_OOP_pc_US_SHA2011,Out-of-pocket expenditure (OOP) per capita in US$,numeric,WPR,Western Pacific,Country,NRU,Nauru,Year,2021,false,,,,,,,,,,,,,11.1,,,,,,11.10,,,EN,2025-12-04T23:00:00.000Z
GHED_OOP_pc_US_SHA2011,Out-of-pocket expenditure (OOP) per capita in US$,numeric,WPR,Western Pacific,Country,VUT,Vanuatu,Year,2021,false,,,,,,,,,,,,,11.13,,,,,,11.13,,,EN,2025-12-04T23:00:00.000Z
GHED_OOP_pc_US_SHA2011,Out-of-pocket expenditure (OOP) per capita in US$,numeric,WPR,Western Pacific,Country,FSM,Micronesia (Federated States of),Year,2021,false,,,,,,,,,,,,,11.22,,,,,,11.22,,,EN,2025-12-04T23:00:00.000Z
GHED_OOP_pc_US_SHA2011,Out-of-pocket expenditure (OOP) per capita in US$,numeric,AMR,Americas,Country,PER,Peru,Year,2021,false,,,,,,,,,,,,,114.3,,,,,,114.33,,,EN,2025-12-04T23:00:00.000Z
GHED_OOP_pc_US_SHA2011,Out-of-pocket expenditure (OOP) per capita in US$,numeric,EMR,Eastern Mediterranean,Country,JOR,Jordan,Year,2021,false,,,,,,,,,,,,,115.2,,,,,,115.22,,,EN,2025-12-04T23:00:00.000Z
GHED_OOP_pc_US_SHA2011,Out-of-pocket expenditure (OOP) per capita in US$,numeric,EUR,Europe,Country,MDA,Republic of Moldova,Year,2021,false,,,,,,,,,,,,,118.8,,,,,,118.80,,,EN,2025-12-04T23:00:00.000Z
GHED_OOP_pc_US_SHA2011,Out-of-pocket expenditure (OOP) per capita in US$,numeric,EUR,Europe,Country,BEL,Belgium,Year,2021,false,,,,,,,,,,,,,1190,,,,,,1189.53,,,EN,2025-12-04T23:00:00.000Z
GHED_OOP_pc_US_SHA2011,Out-of-pocket expenditure (OOP) per capita in US$,numeric,AMR,Americas,Country,VCT,Saint Vincent and the Grenadines,Year,2021,false,,,,,,,,,,,,,119.1,,,,,,119.13,,,EN,2025-12-04T23:00:00.000Z
GHED_OOP_pc_US_SHA2011,Out-of-pocket expenditure (OOP) per capita in US$,numeric,EMR,Eastern Mediterranean,Country,SDN,Sudan,Year,2021,false,,,,,,,,,,,,,12.63,,,,,,12.63,,,EN,2025-12-04T23:00:00.000Z
GHED_OOP_pc_US_SHA2011,Out-of-pocket expenditure (OOP) per capita in US$,numeric,EMR,Eastern Mediterranean,Country,QAT,Qatar,Year,2021,false,,,,,,,,,,,,,121.1,,,,,,121.12,,,EN,2025-12-04T23:00:00.000Z
GHED_OOP_pc_US_SHA2011,Out-of-pocket expenditure (OOP) per capita in US$,numeric,EMR,Eastern Mediterranean,Country,PSE,"occupied Palestinian territory, including east Jerusalem",Year,2021,false,,,,,,,,,,,,,121.7,,,,,,121.69,,,EN,2025-12-04T23:00:00.000Z
GHED_OOP_pc_US_SHA2011,Out-of-pocket expenditure (OOP) per capita in US$,numeric,AMR,Americas,Country,DMA,Dominica,Year,2021,false,,,,,,,,,,,,,125.1,,,,,,125.09,,,EN,2025-12-04T23:00:00.000Z
GHED_OOP_pc_US_SHA2011,Out-of-pocket expenditure (OOP) per capita in US$,numeric,EMR,Eastern Mediterranean,Country,IRQ,Iraq,Year,2021,false,,,,,,,,,,,,,125.6,,,,,,125.57,,,EN,2025-12-04T23:00:00.000Z
GHED_OOP_pc_US_SHA2011,Out-of-pocket expenditure (OOP) per capita in US$,numeric,AMR,Americas,Country,GUY,Guyana,Year,2021,false,,,,,,,,,,,,,126.8,,,,,,126.77,,,EN,2025-12-04T23:00:00.000Z
GHED_OOP_pc_US_SHA2011,Out-of-pocket expenditure (OOP) per capita in US$,numeric,EUR,Europe,Country,NOR,Norway,Year,2021,false,,,,,,,,,,,,,1269,,,,,,1269.33,,,EN,2025-12-04T23:00:00.000Z
GHED_OOP_pc_US_SHA2011,Out-of-pocket expenditure (OOP) per capita in US$,numeric,AMR,Americas,Country,USA,United States of America,Year,2021,false,,,,,,,,,,,,,1296,,,,,,1296.15,,,EN,2025-12-04T23:00:00.000Z
GHED_OOP_pc_US_SHA2011,Out-of-pocket expenditure (OOP) per capita in US$,numeric,AFR,Africa,Country,MLI,Mali,Year,2021,false,,,,,,,,,,,,,13.47,,,,,,13.47,,,EN,2025-12-04T23:00:00.000Z
GHED_OOP_pc_US_SHA2011,Out-of-pocket expenditure (OOP) per capita in US$,numeric,AFR,Africa,Country,ERI,Eritrea,Year,2021,false,,,,,,,,,,,,,13.7,,,,,,13.70,,,EN,2025-12-04T23:00:00.000Z
GHED_OOP_pc_US_SHA2011,Out-of-pocket expenditure (OOP) per capita in US$,numeric,AFR,Africa,Country,UGA,Uganda,Year,2021,false,,,,,,,,,,,,,13.96,,,,,,13.96,,,EN,2025-12-04T23:00:00.000Z
GHED_OOP_pc_US_SHA2011,Out-of-pocket expenditure (OOP) per capita in US$,numeric,AMR,Americas,Country,HND,Honduras,Year,2021,false,,,,,,,,,,,,,131.1,,,,,,131.14,,,EN,2025-12-04T23:00:00.000Z
GHED_OOP_pc_US_SHA2011,Out-of-pocket expenditure (OOP) per capita in US$,numeric,EUR,Europe,Country,HRV,Croatia,Year,2021,false,,,,,,,,,,,,,133.8,,,,,,133.80,,,EN,2025-12-04T23:00:00.000Z
GHED_OOP_pc_US_SHA2011,Out-of-pocket expenditure (OOP) per capita in US$,numeric,AMR,Americas,Country,SLV,El Salvador,Year,2021,false,,,,,,,,,,,,,143.4,,,,,,143.43,,,EN,2025-12-04T23:00:00.000Z
GHED_OOP_pc_US_SHA2011,Out-of-pocket expenditure (OOP) per capita in US$,numeric,AMR,Americas,Country,ECU,Ecuador,Year,2021,false,,,,,,,,,,,,,149.4,,,,,,149.39,,,EN,2025-12-04T23:00:00.000Z
GHED_OOP_pc_US_SHA2011,Out-of-pocket expenditure (OOP) per capita in US$,numeric,AFR,Africa,Country,NER,Niger,Year,2021,false,,,,,,,,,,,,,15.05,,,,,,15.05,,,EN,2025-12-04T23:00:00.000Z
GHED_OOP_pc_US_SHA2011,Out-of-pocket expenditure (OOP) per capita in US$,numeric,WPR,Western Pacific,Country,MYS,Malaysia,Year,2021,false,,,,,,,,,,,,,153,,,,,,153.01,,,EN,2025-12-04T23:00:00.000Z
GHED_OOP_pc_US_SHA2011,Out-of-pocket expenditure (OOP) per capita in US$,numeric,SEAR,South-East Asia,Country,MDV,Maldives,Year,2021,false,,,,,,,,,,,,,154.2,,,,,,154.22,,,EN,2025-12-04T23:00:00.000Z
GHED_OOP_pc_US_SHA2011,Out-of-pocket expenditure (OOP) per capita in US$,numeric,AFR,Africa,Country,GNQ,Equatorial Guinea,Year,2021,false,,,,,,,,,,,,,158.2,,,,,,158.22,,,EN,2025-12-04T23:00:00.000Z
GHED_OOP_pc_US_SHA2011,Out-of-pocket expenditure (OOP) per capita in US$,numeric,AFR,Africa,Country,LSO,Lesotho,Year,2021,false,,,,,,,,,,,,,16.99,,,,,,16.99,,,EN,2025-12-04T23:00:00.000Z
GHED_OOP_pc_US_SHA2011,Out-of-pocket expenditure (OOP) per capita in US$,numeric,EUR,Europe,Country,AZE,Azerbaijan,Year,2021,false,,,,,,,,,,,,,165.7,,,,,,165.73,,,EN,2025-12-04T23:00:00.000Z
GHED_OOP_pc_US_SHA2011,Out-of-pocket expenditure (OOP) per capita in US$,numeric,EUR,Europe,Country,UKR,Ukraine,Year,2021,true,,,,,,,,,,,,,167.5,,,,,,167.54,,,EN,2025-12-04T23:00:00.000Z
GHED_OOP_pc_US_SHA2011,Out-of-pocket expenditure (OOP) per capita in US$,numeric,EMR,Eastern Mediterranean,Country,SAU,Saudi Arabia,Year,2021,false,,,,,,,,,,,,,168.1,,,,,,168.06,,,EN,2025-12-04T23:00:00.000Z
GHED_OOP_pc_US_SHA2011,Out-of-pocket expenditure (OOP) per capita in US$,numeric,AFR,Africa,Country,SYC,Seychelles,Year,2021,false,,,,,,,,,,,,,169.7,,,,,,169.73,,,EN,2025-12-04T23:00:00.000Z
GHED_OOP_pc_US_SHA2011,Out-of-pocket expenditure (OOP) per capita in US$,numeric,AFR,Africa,Country,AGO,Angola,Year,2021,false,,,,,,,,,,,,,17.48,,,,,,17.48,,,EN,2025-12-04T23:00:00.000Z
GHED_OOP_pc_US_SHA2011,Out-of-pocket expenditure (OOP) per capita in US$,numeric,WPR,Western Pacific,Country,TON,Tonga,Year,2021,false,,,,,,,,,,,,,17.75,,,,,,17.75,,,EN,2025-12-04T23:00:00.000Z
GHED_OOP_pc_US_SHA2011,Out-of-pocket expenditure (OOP) per capita in US$,numeric,AMR,Americas,Country,ATG,Antigua and Barbuda,Year,2021,false,,,,,,,,,,,,,172.2,,,,,,172.18,,,EN,2025-12-04T23:00:00.000Z
GHED_OOP_pc_US_SHA2011,Out-of-pocket expenditure (OOP) per capita in US$,numeric,AMR,Americas,Country,PRY,Paraguay,Year,2021,false,,,,,,,,,,,,,172.5,,,,,,172.54,,,EN,2025-12-04T23:00:00.000Z
GHED_OOP_pc_US_SHA2011,Out-of-pocket expenditure (OOP) per capita in US$,numeric,AFR,Africa,Country,COG,Congo,Year,2021,false,,,,,,,,,,,,,18.53,,,,,,18.53,,,EN,2025-12-04T23:00:00.000Z
GHED_OOP_pc_US_SHA2011,Out-of-pocket expenditure (OOP) per capita in US$,numeric,EMR,Eastern Mediterranean,Country,KWT,Kuwait,Year,2021,false,,,,,,,,,,,,,182.9,,,,,,182.87,,,EN,2025-12-04T23:00:00.000Z
GHED_OOP_pc_US_SHA2011,Out-of-pocket expenditure (OOP) per capita in US$,numeric,WPR,Western Pacific,Country,COK,Cook Islands,Year,2021,false,,,,,,,,,,,,,19.65,,,,,,19.65,,,EN,2025-12-04T23:00:00.000Z
GHED_OOP_pc_US_SHA2011,Out-of-pocket expenditure (OOP) per capita in US$,numeric,AMR,Americas,Country,BRA,Brazil,Year,2021,false,,,,,,,,,,,,,194.1,,,,,,194.13,,,EN,2025-12-04T23:00:00.000Z
GHED_OOP_pc_US_SHA2011,Out-of-pocket expenditure (OOP) per capita in US$,numeric,AFR,Africa,Country,RWA,Rwanda,Year,2021,false,,,,,,,,,,,,,2.58,,,,,,2.58,,,EN,2025-12-04T23:00:00.000Z
GHED_OOP_pc_US_SHA2011,Out-of-pocket expenditure (OOP) per capita in US$,numeric,AFR,Africa,Country,BWA,Botswana,Year,2021,false,,,,,,,,,,,,,20.99,,,,,,20.99,,,EN,2025-12-04T23:00:00.000Z
GHED_OOP_pc_US_SHA2011,Out-of-pocket expenditure (OOP) per capita in US$,numeric,AMR,Americas,Country,CRI,Costa Rica,Year,2021,false,,,,,,,,,,,,,200.5,,,,,,200.48,,,EN,2025-12-04T23:00:00.000Z
GHED_OOP_pc_US_SHA2011,Out-of-pocket expenditure (OOP) per capita in US$,numeric,EUR,Europe,Country,ROU,Romania,Year,2021,false,,,,,,,,,,,,,201.7,,,,,,201.68,,,EN,2025-12-04T23:00:00.000Z
GHED_OOP_pc_US_SHA2011,Out-of-pocket expenditure (OOP) per capita in US$,numeric,EUR,Europe,Country,LIE,Liechtenstein,Year,2021,false,,,,,,,,,,,,,2086,,,,,,2086.06,,,EN,2025-12-04T23:00:00.000Z
GHED_OOP_pc_US_SHA2011,Out-of-pocket expenditure (OOP) per capita in US$,numeric,WPR,Western Pacific,Country,LAO,Lao People's Democratic Republic,Year,2021,false,,,,,,,,,,,,,21.07,,,,,,21.07,,,EN,2025-12-04T23:00:00.000Z
GHED_OOP_pc_US_SHA2011,Out-of-pocket expenditure (OOP) per capita in US$,numeric,AFR,Africa,Country,BEN,Benin,Year,2021,false,,,,,,,,,,,,,21.29,,,,,,21.29,,,EN,2025-12-04T23:00:00.000Z
GHED_OOP_pc_US_SHA2011,Out-of-pocket expenditure (OOP) per capita in US$,numeric,AFR,Africa,Country,KEN,Kenya,Year,2021,false,,,,,,,,,,,,,21.34,,,,,,21.34,,,EN,2025-12-04T23:00:00.000Z
GHED_OOP_pc_US_SHA2011,Out-of-pocket expenditure (OOP) per capita in US$,numeric,EMR,Eastern Mediterranean,Country,PAK,Pakistan,Year,2021,false,,,,,,,,,,,,,21.69,,,,,,21.69,,,EN,2025-12-04T23:00:00.000Z
GHED_OOP_pc_US_SHA2011,Out-of-pocket expenditure (OOP) per capita in US$,numeric,AFR,Africa,Country,STP,Sao Tome and Principe,Year,2021,false,,,,,,,,,,,,,21.8,,,,,,21.80,,,EN,2025-12-04T23:00:00.000Z
GHED_OOP_pc_US_SHA2011,Out-of-pocket expenditure (OOP) per capita in US$,numeric,AMR,Americas,Country,GTM,Guatemala,Year,2021,false,,,,,,,,,,,,,211.3,,,,,,211.29,,,EN,2025-12-04T23:00:00.000Z
GHED_OOP_pc_US_SHA2011,Out-of-pocket expenditure (OOP) per capita in US$,numeric,EUR,Europe,Country,BIH,Bosnia and Herzegovina,Year,2021,false,,,,,,,,,,,,,214.1,,,,,,214.10,,,EN,2025-12-04T23:00:00.000Z
GHED_OOP_pc_US_SHA2011,Out-of-pocket expenditure (OOP) per capita in US$,numeric,AMR,Americas,Country,LCA,Saint Lucia,Year,2021,false,,,,,,,,,,,,,219,,,,,,218.99,,,EN,2025-12-04T23:00:00.000Z
GHED_OOP_pc_US_SHA2011,Out-of-pocket expenditure (OOP) per capita in US$,numeric,AFR,Africa,Country,CAF,Central African Republic,Year,2021,false,,,,,,,,,,,,,22.93,,,,,,22.93,,,EN,2025-12-04T23:00:00.000Z
GHED_OOP_pc_US_SHA2011,Out-of-pocket expenditure (OOP) per capita in US$,numeric,AFR,Africa,Country,SLE,Sierra Leone,Year,2021,false,,,,,,,,,,,,,23.08,,,,,,23.08,,,EN,2025-12-04T23:00:00.000Z
GHED_OOP_pc_US_SHA2011,Out-of-pocket expenditure (OOP) per capita in US$,numeric,AFR,Africa,Country,GIN,Guinea,Year,2021,false,,,,,,,,,,,,,23.58,,,,,,23.58,,,EN,2025-12-04T23:00:00.000Z
GHED_OOP_pc_US_SHA2011,Out-of-pocket expenditure (OOP) per capita in US$,numeric,EMR,Eastern Mediterranean,Country,DJI,Djibouti,Year,2021,false,,,,,,,,,,,,,23.75,,,,,,23.75,,,EN,2025-12-04T23:00:00.000Z
GHED_OOP_pc_US_SHA2011,Out-of-pocket expenditure (OOP) per capita in US$,numeric,WPR,Western Pacific,Country,CHN,China,Year,2021,false,,,,,,,,,,,,,230.5,,,,,,230.53,,,EN,2025-12-04T23:00:00.000Z
GHED_OOP_pc_US_SHA2011,Out-of-pocket expenditure (OOP) per capita in US$,numeric,EUR,Europe,Country,POL,Poland,Year,2021,false,,,,,,,,,,,,,234.9,,,,,,234.86,,,EN,2025-12-04T23:00:00.000Z
GHED_OOP_pc_US_SHA2011,Out-of-pocket expenditure (OOP) per capita in US$,numeric,EMR,Eastern Mediterranean,Country,ARE,United Arab Emirates,Year,2021,false,,,,,,,,,,,,,235.5,,,,,,235.52,,,EN,2025-12-04T23:00:00.000Z
GHED_OOP_pc_US_SHA2011,Out-of-pocket expenditure (OOP) per capita in US$,numeric,AFR,Africa,Country,MUS,Mauritius,Year,2021,false,,,,,,,,,,,,,240,,,,,,239.99,,,EN,2025-12-04T23:00:00.000Z
GHED_OOP_pc_US_SHA2011,Out-of-pocket expenditure (OOP) per capita in US$,numeric,EUR,Europe,Country,CHE,Switzerland,Year,2021,false,,,,,,,,,,,,,2392,,,,,,2391.74,,,EN,2025-12-04T23:00:00.000Z
GHED_OOP_pc_US_SHA2011,Out-of-pocket expenditure (OOP) per capita in US$,numeric,AFR,Africa,Country,GHA,Ghana,Year,2021,false,,,,,,,,,,,,,25.02,,,,,,25.02,,,EN,2025-12-04T23:00:00.000Z
GHED_OOP_pc_US_SHA2011,Out-of-pocket expenditure (OOP) per capita in US$,numeric,AMR,Americas,Country,MEX,Mexico,Year,2021,false,,,,,,,,,,,,,250.8,,,,,,250.76,,,EN,2025-12-04T23:00:00.000Z
GHED_OOP_pc_US_SHA2011,Out-of-pocket expenditure (OOP) per capita in US$,numeric,AMR,Americas,Country,URY,Uruguay,Year,2021,false,,,,,,,,,,,,,252.2,,,,,,252.23,,,EN,2025-12-04T23:00:00.000Z
GHED_OOP_pc_US_SHA2011,Out-of-pocket expenditure (OOP) per capita in US$,numeric,EUR,Europe,Country,RUS,Russian Federation,Year,2021,false,,,,,,,,,,,,,253.4,,,,,,253.39,,,EN,2025-12-04T23:00:00.000Z
GHED_OOP_pc_US_SHA2011,Out-of-pocket expenditure (OOP) per capita in US$,numeric,AFR,Africa,Country,TCD,Chad,Year,2021,false,,,,,,,,,,,,,26.12,,,,,,26.12,,,EN,2025-12-04T23:00:00.000Z
GHED_OOP_pc_US_SHA2011,Out-of-pocket expenditure (OOP) per capita in US$,numeric,AFR,Africa,Country,BFA,Burkina Faso,Year,2021,false,,,,,,,,,,,,,26.19,,,,,,26.19,,,EN,2025-12-04T23:00:00.000Z
GHED_OOP_pc_US_SHA2011,Out-of-pocket expenditure (OOP) per capita in US$,numeric,AFR,Africa,Country,CIV,Cote d'Ivoire,Year,2021,false,,,,,,,,,,,,,26.21,,,,,,26.21,,,EN,2025-12-04T23:00:00.000Z
GHED_OOP_pc_US_SHA2011,Out-of-pocket expenditure (OOP) per capita in US$,numeric,AMR,Americas,Country,GRD,Grenada,Year,2021,false,,,,,,,,,,,,,261.7,,,,,,261.70,,,EN,2025-12-04T23:00:00.000Z
GHED_OOP_pc_US_SHA2011,Out-of-pocket expenditure (OOP) per capita in US$,numeric,EUR,Europe,Country,MKD,North Macedonia,Year,2021,false,,,,,,,,,,,,,265.7,,,,,,265.74,,,EN,2025-12-04T23:00:00.000Z
GHED_OOP_pc_US_SHA2011,Out-of-pocket expenditure (OOP) per capita in US$,numeric,AMR,Americas,Country,HTI,Haiti,Year,2021,false,,,,,,,,,,,,,27.22,,,,,,27.22,,,EN,2025-12-04T23:00:00.000Z
GHED_OOP_pc_US_SHA2011,Out-of-pocket expenditure (OOP) per capita in US$,numeric,EUR,Europe,Country,GEO,Georgia,Year,2021,false,,,,,,,,,,,,,272.1,,,,,,272.12,,,EN,2025-12-04T23:00:00.000Z
GHED_OOP_pc_US_SHA2011,Out-of-pocket expenditure (OOP) per capita in US$,numeric,EUR,Europe,Country,ALB,Albania,Year,2021,false,,,,,,,,,,,,,278,,,,,,277.97,,,EN,2025-12-04T23:00:00.000Z
GHED_OOP_pc_US_SHA2011,Out-of-pocket expenditure (OOP) per capita in US$,numeric,EUR,Europe,Country,KGZ,Kyrgyzstan,Year,2021,false,,,,,,,,,,,,,28.35,,,,,,28.35,,,EN,2025-12-04T23:00:00.000Z
GHED_OOP_pc_US_SHA2011,Out-of-pocket expenditure (OOP) per capita in US$,numeric,EUR,Europe,Country,SRB,Serbia,Year,2021,false,,,,,,,,,,,,,292.8,,,,,,292.75,,,EN,2025-12-04T23:00:00.000Z
GHED_OOP_pc_US_SHA2011,Out-of-pocket expenditure (OOP) per capita in US$,numeric,WPR,Western Pacific,Country,SLB,Solomon Islands,Year,2021,false,,,,,,,,,,,,,3.59,,,,,,3.59,,,EN,2025-12-04T23:00:00.000Z
GHED_OOP_pc_US_SHA2011,Out-of-pocket expenditure (OOP) per capita in US$,numeric,AMR,Americas,Country,ARG,Argentina,Year,2021,false,,,,,,,,,,,,,302.6,,,,,,302.62,,,EN,2025-12-04T23:00:00.000Z
GHED_OOP_pc_US_SHA2011,Out-of-pocket expenditure (OOP) per capita in US$,numeric,EMR,Eastern Mediterranean,Country,BHR,Bahrain,Year,2021,false,,,,,,,,,,,,,303.3,,,,,,303.25,,,EN,2025-12-04T23:00:00.000Z
GHED_OOP_pc_US_SHA2011,Out-of-pocket expenditure (OOP) per capita in US$,numeric,EMR,Eastern Mediterranean,Country,SYR,Syrian Arab Republic,Year,2021,false,,,,,,,,,,,,,31.8,,,,,,31.80,,,EN,2025-12-04T23:00:00.000Z
GHED_OOP_pc_US_SHA2011,Out-of-pocket expenditure (OOP) per capita in US$,numeric,WPR,Western Pacific,Country,PLW,Palau,Year,2021,false,,,,,,,,,,,,,310.6,,,,,,310.56,,,EN,2025-12-04T23:00:00.000Z
GHED_OOP_pc_US_SHA2011,Out-of-pocket expenditure (OOP) per capita in US$,numeric,EUR,Europe,Country,CZE,Czechia,Year,2021,false,,,,,,,,,,,,,316.8,,,,,,316.79,,,EN,2025-12-04T23:00:00.000Z
GHED_OOP_pc_US_SHA2011,Out-of-pocket expenditure (OOP) per capita in US$,numeric,AFR,Africa,Country,SWZ,Eswatini,Year,2021,false,,,,,,,,,,,,,32.06,,,,,,32.06,,,EN,2025-12-04T23:00:00.000Z
GHED_OOP_pc_US_SHA2011,Out-of-pocket expenditure (OOP) per capita in US$,numeric,AFR,Africa,Country,NAM,Namibia,Year,2021,false,,,,,,,,,,,,,32.76,,,,,,32.76,,,EN,2025-12-04T23:00:00.000Z
GHED_OOP_pc_US_SHA2011,Out-of-pocket expenditure (OOP) per capita in US$,numeric,SEAR,South-East Asia,Country,THA,Thailand,Year,2021,false,,,,,,,,,,,,,32.9,,,,,,32.90,,,EN,2025-12-04T23:00:00.000Z
GHED_OOP_pc_US_SHA2011,Out-of-pocket expenditure (OOP) per capita in US$,numeric,EUR,Europe,Country,SVK,Slovakia,Year,2021,false,,,,,,,,,,,,,326.9,,,,,,326.87,,,EN,2025-12-04T23:00:00.000Z
GHED_OOP_pc_US_SHA2011,Out-of-pocket expenditure (OOP) per capita in US$,numeric,AFR,Africa,Country,SEN,Senegal,Year,2021,false,,,,,,,,,,,,,33.34,,,,,,33.34,,,EN,2025-12-04T23:00:00.000Z
GHED_OOP_pc_US_SHA2011,Out-of-pocket expenditure (OOP) per capita in US$,numeric,EMR,Eastern Mediterranean,Country,YEM,Yemen,Year,2021,false,,,,,,,,,,,,,33.93,,,,,,33.93,,,EN,2025-12-04T23:00:00.000Z
GHED_OOP_pc_US_SHA2011,Out-of-pocket expenditure (OOP) per capita in US$,numeric,SEAR,South-East Asia,Country,IND,India,Year,2021,false,,,,,,,,,,,,,34.08,,,,,,34.08,,,EN,2025-12-04T23:00:00.000Z
GHED_OOP_pc_US_SHA2011,Out-of-pocket expenditure (OOP) per capita in US$,numeric,EUR,Europe,Country,HUN,Hungary,Year,2021,false,,,,,,,,,,,,,343.2,,,,,,343.23,,,EN,2025-12-04T23:00:00.000Z
GHED_OOP_pc_US_SHA2011,Out-of-pocket expenditure (OOP) per capita in US$,numeric,WPR,Western Pacific,Country,WSM,Samoa,Year,2021,false,,,,,,,,,,,,,35.25,,,,,,35.25,,,EN,2025-12-04T23:00:00.000Z
GHED_OOP_pc_US_SHA2011,Out-of-pocket expenditure (OOP) per capita in US$,numeric,AFR,Africa,Country,MRT,Mauritania,Year,2021,false,,,,,,,,,,,,,35.48,,,,,,35.48,,,EN,2025-12-04T23:00:00.000Z
GHED_OOP_pc_US_SHA2011,Out-of-pocket expenditure (OOP) per capita in US$,numeric,EUR,Europe,Country,SVN,Slovenia,Year,2021,false,,,,,,,,,,,,,357.9,,,,,,357.90,,,EN,2025-12-04T23:00:00.000Z
GHED_OOP_pc_US_SHA2011,Out-of-pocket expenditure (OOP) per capita in US$,numeric,AFR,Africa,Country,TGO,Togo,Year,2021,false,,,,,,,,,,,,,36.38,,,,,,36.38,,,EN,2025-12-04T23:00:00.000Z
GHED_OOP_pc_US_SHA2011,Out-of-pocket expenditure (OOP) per capita in US$,numeric,SEAR,South-East Asia,Country,NPL,Nepal,Year,2021,false,,,,,,,,,,,,,36.76,,,,,,36.76,,,EN,2025-12-04T23:00:00.000Z
GHED_OOP_pc_US_SHA2011,Out-of-pocket expenditure (OOP) per capita in US$,numeric,EUR,Europe,Country,TKM,Turkmenistan,Year,2021,false,,,,,,,,,,,,,365.6,,,,,,365.58,,,EN,2025-12-04T23:00:00.000Z
GHED_OOP_pc_US_SHA2011,Out-of-pocket expenditure (OOP) per capita in US$,numeric,EUR,Europe,Country,BGR,Bulgaria,Year,2021,false,,,,,,,,,,,,,374.1,,,,,,374.09,,,EN,2025-12-04T23:00:00.000Z
GHED_OOP_pc_US_SHA2011,Out-of-pocket expenditure (OOP) per capita in US$,numeric,AFR,Africa,Country,ZAF,South Africa,Year,2021,false,,,,,,,,,,,,,39.19,,,,,,39.19,,,EN,2025-12-04T23:00:00.000Z
GHED_OOP_pc_US_SHA2011,Out-of-pocket expenditure (OOP) per capita in US$,numeric,EUR,Europe,Country,MNE,Montenegro,Year,2021,false,,,,,,,,,,,,,390.1,,,,,,390.08,,,EN,2025-12-04T23:00:00.000Z
GHED_OOP_pc_US_SHA2011,Out-of-pocket expenditure (OOP) per capita in US$,numeric,AFR,Africa,Country,MOZ,Mozambique,Year,2021,false,,,,,,,,,,,,,4.17,,,,,,4.17,,,EN,2025-12-04T23:00:00.000Z
GHED_OOP_pc_US_SHA2011,Out-of-pocket expenditure (OOP) per capita in US$,numeric,EUR,Europe,Country,AND,Andorra,Year,2021,false,,,,,,,,,,,,,414.6,,,,,,414.63,,,EN,2025-12-04T23:00:00.000Z
GHED_OOP_pc_US_SHA2011,Out-of-pocket expenditure (OOP) per capita in US$,numeric,SEAR,South-East Asia,Country,BGD,Bangladesh,Year,2021,false,,,,,,,,,,,,,42.72,,,,,,42.72,,,EN,2025-12-04T23:00:00.000Z
GHED_OOP_pc_US_SHA2011,Out-of-pocket expenditure (OOP) per capita in US$,numeric,AFR,Africa,Country,GNB,Guinea-Bissau,Year,2021,false,,,,,,,,,,,,,42.84,,,,,,42.84,,,EN,2025-12-04T23:00:00.000Z
GHED_OOP_pc_US_SHA2011,Out-of-pocket expenditure (OOP) per capita in US$,numeric,WPR,Western Pacific,Country,IDN,Indonesia,Year,2021,false,,,,,,,,,,,,,43.17,,,,,,43.17,,,EN,2025-12-04T23:00:00.000Z
GHED_OOP_pc_US_SHA2011,Out-of-pocket expenditure (OOP) per capita in US$,numeric,AMR,Americas,Country,KNA,Saint Kitts and Nevis,Year,2021,false,,,,,,,,,,,,,439.5,,,,,,439.52,,,EN,2025-12-04T23:00:00.000Z
GHED_OOP_pc_US_SHA2011,Out-of-pocket expenditure (OOP) per capita in US$,numeric,AMR,Americas,Country,VEN,Venezuela (Bolivarian Republic of),Year,2021,false,,,,,,,,,,,,,45.57,,,,,,45.57,,,EN,2025-12-04T23:00:00.000Z
GHED_OOP_pc_US_SHA2011,Out-of-pocket expenditure (OOP) per capita in US$,numeric,SEAR,South-East Asia,Country,BTN,Bhutan,Year,2021,false,,,,,,,,,,,,,46.06,,,,,,46.06,,,EN,2025-12-04T23:00:00.000Z
GHED_OOP_pc_US_SHA2011,Out-of-pocket expenditure (OOP) per capita in US$,numeric,EMR,Eastern Mediterranean,Country,OMN,Oman,Year,2021,false,,,,,,,,,,,,,46.1,,,,,,46.10,,,EN,2025-12-04T23:00:00.000Z
GHED_OOP_pc_US_SHA2011,Out-of-pocket expenditure (OOP) per capita in US$,numeric,WPR,Western Pacific,Country,BRN,Brunei Darussalam,Year,2021,false,,,,,,,,,,,,,46.13,,,,,,46.13,,,EN,2025-12-04T23:00:00.000Z
GHED_OOP_pc_US_SHA2011,Out-of-pocket expenditure (OOP) per capita in US$,numeric,EUR,Europe,Country,EST,Estonia,Year,2021,false,,,,,,,,,,,,,463.3,,,,,,463.29,,,EN,2025-12-04T23:00:00.000Z
GHED_OOP_pc_US_SHA2011,Out-of-pocket expenditure (OOP) per capita in US$,numeric,EUR,Europe,Country,ARM,Armenia,Year,2021,false,,,,,,,,,,,,,468.7,,,,,,468.66,,,EN,2025-12-04T23:00:00.000Z
GHED_OOP_pc_US_SHA2011,Out-of-pocket expenditure (OOP) per capita in US$,numeric,EUR,Europe,Country,SMR,San Marino,Year,2021,false,,,,,,,,,,,,,478.2,,,,,,478.16,,,EN,2025-12-04T23:00:00.000Z
GHED_OOP_pc_US_SHA2011,Out-of-pocket expenditure (OOP) per capita in US$,numeric,EUR,Europe,Country,CYP,Cyprus,Year,2021,false,,,,,,,,,,,,,478.5,,,,,,478.46,,,EN,2025-12-04T23:00:00.000Z
GHED_OOP_pc_US_SHA2011,Out-of-pocket expenditure (OOP) per capita in US$,numeric,EUR,Europe,Country,TJK,Tajikistan,Year,2021,false,,,,,,,,,,,,,48.92,,,,,,48.92,,,EN,2025-12-04T23:00:00.000Z
GHED_OOP_pc_US_SHA2011,Out-of-pocket expenditure (OOP) per capita in US$,numeric,AFR,Africa,Country,GAB,Gabon,Year,2021,false,,,,,,,,,,,,,49.27,,,,,,49.27,,,EN,2025-12-04T23:00:00.000Z
GHED_OOP_pc_US_SHA2011,Out-of-pocket expenditure (OOP) per capita in US$,numeric,EUR,Europe,Country,FRA,France,Year,2021,false,,,,,,,,,,,,,491.9,,,,,,491.92,,,EN,2025-12-04T23:00:00.000Z
GHED_OOP_pc_US_SHA2011,Out-of-pocket expenditure (OOP) per capita in US$,numeric,AFR,Africa,Country,ZMB,Zambia,Year,2021,false,,,,,,,,,,,,,5.3,,,,,,5.30,,,EN,2025-12-04T23:00:00.000Z
GHED_OOP_pc_US_SHA2011,Out-of-pocket expenditure (OOP) per capita in US$,numeric,AFR,Africa,Country,MWI,Malawi,Year,2021,false,,,,,,,,,,,,,5.35,,,,,,5.35,,,EN,2025-12-04T23:00:00.000Z
GHED_OOP_pc_US_SHA2011,Out-of-pocket expenditure (OOP) per capita in US$,numeric,AFR,Africa,Country,ZWE,Zimbabwe,Year,2021,false,,,,,,,,,,,,,5.41,,,,,,5.41,,,EN,2025-12-04T23:00:00.000Z
GHED_OOP_pc_US_SHA2011,Out-of-pocket expenditure (OOP) per capita in US$,numeric,AFR,Africa,Country,BDI,Burundi,Year,2021,false,,,,,,,,,,,,,5.61,,,,,,5.61,,,EN,2025-12-04T23:00:00.000Z
GHED_OOP_pc_US_SHA2011,Out-of-pocket expenditure (OOP) per capita in US$,numeric,AFR,Africa,Country,MDG,Madagascar,Year,2021,false,,,,,,,,,,,,,5.62,,,,,,5.62,,,EN,2025-12-04T23:00:00.000Z
GHED_OOP_pc_US_SHA2011,Out-of-pocket expenditure (OOP) per capita in US$,numeric,AMR,Americas,Country,SUR,Suriname,Year,2021,false,,,,,,,,,,,,,50.99,,,,,,50.99,,,EN,2025-12-04T23:00:00.000Z
GHED_OOP_pc_US_SHA2011,Out-of-pocket expenditure (OOP) per capita in US$,numeric,AFR,Africa,Country,CMR,Cameroon,Year,2021,false,,,,,,,,,,,,,51.28,,,,,,51.28,,,EN,2025-12-04T23:00:00.000Z
GHED_OOP_pc_US_SHA2011,Out-of-pocket expenditure (OOP) per capita in US$,numeric,EUR,Europe,Country,LVA,Latvia,Year,2021,false,,,,,,,,,,,,,512.1,,,,,,512.11,,,EN,2025-12-04T23:00:00.000Z
GHED_OOP_pc_US_SHA2011,Out-of-pocket expenditure (OOP) per capita in US$,numeric,AMR,Americas,Country,CHL,Chile,Year,2021,false,,,,,,,,,,,,,514.5,,,,,,514.55,,,EN,2025-12-04T23:00:00.000Z
GHED_OOP_pc_US_SHA2011,Out-of-pocket expenditure (OOP) per capita in US$,numeric,SEAR,South-East Asia,Country,MMR,Myanmar,Year,2021,false,,,,,,,,,,,,,52.4,,,,,,52.40,,,EN,2025-12-04T23:00:00.000Z
GHED_OOP_pc_US_SHA2011,Out-of-pocket expenditure (OOP) per capita in US$,numeric,AMR,Americas,Country,BHS,Bahamas,Year,2021,false,,,,,,,,,,,,,521.4,,,,,,521.35,,,EN,2025-12-04T23:00:00.000Z
GHED_OOP_pc_US_SHA2011,Out-of-pocket expenditure (OOP) per capita in US$,numeric,WPR,Western Pacific,Country,JPN,Japan,Year,2021,false,,,,,,,,,,,,,524.1,,,,,,524.10,,,EN,2025-12-04T23:00:00.000Z
GHED_OOP_pc_US_SHA2011,Out-of-pocket expenditure (OOP) per capita in US$,numeric,AMR,Americas,Country,PAN,Panama,Year,2021,false,,,,,,,,,,,,,529,,,,,,529.05,,,EN,2025-12-04T23:00:00.000Z
GHED_OOP_pc_US_SHA2011,Out-of-pocket expenditure (OOP) per capita in US$,numeric,AMR,Americas,Country,BRB,Barbados,Year,2021,false,,,,,,,,,,,,,539.5,,,,,,539.54,,,EN,2025-12-04T23:00:00.000Z
GHED_OOP_pc_US_SHA2011,Out-of-pocket expenditure (OOP) per capita in US$,numeric,AFR,Africa,Country,LBR,Liberia,Year,2021,false,,,,,,,,,,,,,54.61,,,,,,54.61,,,EN,2025-12-04T23:00:00.000Z
GHED_OOP_pc_US_SHA2011,Out-of-pocket expenditure (OOP) per capita in US$,numeric,AMR,Americas,Country,TTO,Trinidad and Tobago,Year,2021,false,,,,,,,,,,,,,547.3,,,,,,547.35,,,EN,2025-12-04T23:00:00.000Z
GHED_OOP_pc_US_SHA2011,Out-of-pocket expenditure (OOP) per capita in US$,numeric,AFR,Africa,Country,COM,Comoros,Year,2021,false,,,,,,,,,,,,,55.83,,,,,,55.83,,,EN,2025-12-04T23:00:00.000Z
GHED_OOP_pc_US_SHA2011,Out-of-pocket expenditure (OOP) per capita in US$,numeric,EUR,Europe,Country,LTU,Lithuania,Year,2021,false,,,,,,,,,,,,,552,,,,,,552.03,,,EN,2025-12-04T23:00:00.000Z
GHED_OOP_pc_US_SHA2011,Out-of-pocket expenditure (OOP) per capita in US$,numeric,EUR,Europe,Country,MCO,Monaco,Year,2021,false,,,,,,,,,,,,,569.1,,,,,,569.06,,,EN,2025-12-04T23:00:00.000Z
GHED_OOP_pc_US_SHA2011,Out-of-pocket expenditure (OOP) per capita in US$,numeric,WPR,Western Pacific,Country,KHM,Cambodia,Year,2021,false,,,,,,,,,,,,,57.25,,,,,,57.25,,,EN,2025-12-04T23:00:00.000Z
GHED_OOP_pc_US_SHA2011,Out-of-pocket expenditure (OOP) per capita in US$,numeric,EMR,Eastern Mediterranean,Country,SOM,Somalia,Year,2021,false,,,,,,,,,,,,,6.23,,,,,,6.23,,,EN,2025-12-04T23:00:00.000Z
GHED_OOP_pc_US_SHA2011,Out-of-pocket expenditure (OOP) per capita in US$,numeric,WPR,Western Pacific,Country,PNG,Papua New Guinea,Year,2021,false,,,,,,,,,,,,,6.32,,,,,,6.32,,,EN,2025-12-04T23:00:00.000Z
GHED_OOP_pc_US_SHA2011,Out-of-pocket expenditure (OOP) per capita in US$,numeric,AFR,Africa,Country,CPV,Cabo Verde,Year,2021,false,,,,,,,,,,,,,60.38,,,,,,60.38,,,EN,2025-12-04T23:00:00.000Z
GHED_OOP_pc_US_SHA2011,Out-of-pocket expenditure (OOP) per capita in US$,numeric,EMR,Eastern Mediterranean,Country,LBN,Lebanon,Year,2021,false,,,,,,,,,,,,,61.44,,,,,,61.44,,,EN,2025-12-04T23:00:00.000Z
GHED_OOP_pc_US_SHA2011,Out-of-pocket expenditure (OOP) per capita in US$,numeric,EUR,Europe,Country,GRC,Greece,Year,2021,false,,,,,,,,,,,,,615.2,,,,,,615.19,,,EN,2025-12-04T23:00:00.000Z
GHED_OOP_pc_US_SHA2011,Out-of-pocket expenditure (OOP) per capita in US$,numeric,AFR,Africa,Country,NGA,Nigeria,Year,2021,false,,,,,,,,,,,,,62.42,,,,,,62.42,,,EN,2025-12-04T23:00:00.000Z
GHED_OOP_pc_US_SHA2011,Out-of-pocket expenditure (OOP) per capita in US$,numeric,AMR,Americas,Country,BOL,Bolivia (Plurinational State of),Year,2021,false,,,,,,,,,,,,,62.8,,,,,,62.80,,,EN,2025-12-04T23:00:00.000Z
GHED_OOP_pc_US_SHA2011,Out-of-pocket expenditure (OOP) per capita in US$,numeric,AMR,Americas,Country,NIC,Nicaragua,Year,2021,false,,,,,,,,,,,,,62.93,,,,,,62.93,,,EN,2025-12-04T23:00:00.000Z
GHED_OOP_pc_US_SHA2011,Out-of-pocket expenditure (OOP) per capita in US$,numeric,EMR,Eastern Mediterranean,Country,AFG,Afghanistan,Year,2021,false,,,,,,,,,,,,,62.95,,,,,,62.95,,,EN,2025-12-04T23:00:00.000Z
GHED_OOP_pc_US_SHA2011,Out-of-pocket expenditure (OOP) per capita in US$,numeric,WPR,Western Pacific,Country,NZL,New Zealand,Year,2021,false,,,,,,,,,,,,,644.2,,,,,,644.23,,,EN,2025-12-04T23:00:00.000Z
GHED_OOP_pc_US_SHA2011,Out-of-pocket expenditure (OOP) per capita in US$,numeric,EUR,Europe,Country,LUX,Luxembourg,Year,2021,false,,,,,,,,,,,,,671.5,,,,,,671.54,,,EN,2025-12-04T23:00:00.000Z
GHED_OOP_pc_US_SHA2011,Out-of-pocket expenditure (OOP) per capita in US$,numeric,EUR,Europe,Country,ESP,Spain,Year,2021,false,,,,,,,,,,,,,679.3,,,,,,679.34,,,EN,2025-12-04T23:00:00.000Z
GHED_OOP_pc_US_SHA2011,Out-of-pocket expenditure (OOP) per capita in US$,numeric,WPR,Western Pacific,Country,VNM,Viet Nam,Year,2021,false,,,,,,,,,,,,,68.02,,,,,,68.02,,,EN,2025-12-04T23:00:00.000Z
GHED_OOP_pc_US_SHA2011,Out-of-pocket expenditure (OOP) per capita in US$,numeric,AMR,Americas,Country,BLZ,Belize,Year,2021,false,,,,,,,,,,,,,68.05,,,,,,68.05,,,EN,2025-12-04T23:00:00.000Z
GHED_OOP_pc_US_SHA2011,Out-of-pocket expenditure (OOP) per capita in US$,numeric,SEAR,South-East Asia,Country,TLS,Timor-Leste,Year,2021,false,,,,,,,,,,,,,7.78,,,,,,7.78,,,EN,2025-12-04T23:00:00.000Z
GHED_OOP_pc_US_SHA2011,Out-of-pocket expenditure (OOP) per capita in US$,numeric,EUR,Europe,Country,TUR,Türkiye,Year,2021,false,,,,,,,,,,,,,70.18,,,,,,70.18,,,EN,2025-12-04T23:00:00.000Z
GHED_OOP_pc_US_SHA2011,Out-of-pocket expenditure (OOP) per capita in US$,numeric,EMR,Eastern Mediterranean,Country,LBY,Libya,Year,2021,false,,,,,,,,,,,,,72.89,,,,,,72.89,,,EN,2025-12-04T23:00:00.000Z
GHED_OOP_pc_US_SHA2011,Out-of-pocket expenditure (OOP) per capita in US$,numeric,EUR,Europe,Country,NLD,Netherlands (Kingdom of the),Year,2021,false,,,,,,,,,,,,,732.9,,,,,,732.91,,,EN,2025-12-04T23:00:00.000Z
GHED_OOP_pc_US_SHA2011,Out-of-pocket expenditure (OOP) per capita in US$,numeric,EUR,Europe,Country,GBR,United Kingdom of Great Britain and Northern Ireland,Year,2021,false,,,,,,,,,,,,,735.2,,,,,,735.19,,,EN,2025-12-04T23:00:00.000Z
GHED_OOP_pc_US_SHA2011,Out-of-pocket expenditure (OOP) per capita in US$,numeric,EUR,Europe,Country,ISR,Israel,Year,2021,false,,,,,,,,,,,,,750.3,,,,,,750.33,,,EN,2025-12-04T23:00:00.000Z
GHED_OOP_pc_US_SHA2011,Out-of-pocket expenditure (OOP) per capita in US$,numeric,EUR,Europe,Country,DEU,Germany,Year,2021,false,,,,,,,,,,,,,756.1,,,,,,756.07,,,EN,2025-12-04T23:00:00.000Z
GHED_OOP_pc_US_SHA2011,Out-of-pocket expenditure (OOP) per capita in US$,numeric,AMR,Americas,Country,COL,Colombia,Year,2021,false,,,,,,,,,,,,,77.89,,,,,,77.89,,,EN,2025-12-04T23:00:00.000Z
GHED_OOP_pc_US_SHA2011,Out-of-pocket expenditure (OOP) per capita in US$,numeric,EUR,Europe,Country,IRL,Ireland,Year,2021,false,,,,,,,,,,,,,778.5,,,,,,778.45,,,EN,2025-12-04T23:00:00.000Z
GHED_OOP_pc_US_SHA2011,Out-of-pocket expenditure (OOP) per capita in US$,numeric,EUR,Europe,Country,ITA,Italy,Year,2021,false,,,,,,,,,,,,,779,,,,,,778.99,,,EN,2025-12-04T23:00:00.000Z
GHED_OOP_pc_US_SHA2011,Out-of-pocket expenditure (OOP) per capita in US$,numeric,AFR,Africa,Country,GMB,Gambia,Year,2021,false,,,,,,,,,,,,,8.22,,,,,,8.22,,,EN,2025-12-04T23:00:00.000Z
GHED_OOP_pc_US_SHA2011,Out-of-pocket expenditure (OOP) per capita in US$,numeric,AFR,Africa,Country,COD,Democratic Republic of the Congo,Year,2021,false,,,,,,,,,,,,,8.45,,,,,,8.45,,,EN,2025-12-04T23:00:00.000Z
GHED_OOP_pc_US_SHA2011,Out-of-pocket expenditure (OOP) per capita in US$,numeric,EUR,Europe,Country,PRT,Portugal,Year,2021,false,,,,,,,,,,,,,804.8,,,,,,804.85,,,EN,2025-12-04T23:00:00.000Z
GHED_OOP_pc_US_SHA2011,Out-of-pocket expenditure (OOP) per capita in US$,numeric,WPR,Western Pacific,Country,FJI,Fiji,Year,2021,false,,,,,,,,,,,,,81.93,,,,,,81.93,,,EN,2025-12-04T23:00:00.000Z
GHED_OOP_pc_US_SHA2011,Out-of-pocket expenditure (OOP) per capita in US$,numeric,EMR,Eastern Mediterranean,Country,IRN,Iran (Islamic Republic of),Year,2021,false,,,,,,,,,,,,,82.01,,,,,,82.01,,,EN,2025-12-04T23:00:00.000Z
GHED_OOP_pc_US_SHA2011,Out-of-pocket expenditure (OOP) per capita in US$,numeric,SEAR,South-East Asia,Country,LKA,Sri Lanka,Year,2021,false,,,,,,,,,,,,,82.6,,,,,,82.60,,,EN,2025-12-04T23:00:00.000Z
GHED_OOP_pc_US_SHA2011,Out-of-pocket expenditure (OOP) per capita in US$,numeric,AFR,Africa,Country,DZA,Algeria,Year,2021,false,,,,,,,,,,,,,84.62,,,,,,84.62,,,EN,2025-12-04T23:00:00.000Z
GHED_OOP_pc_US_SHA2011,Out-of-pocket expenditure (OOP) per capita in US$,numeric,WPR,Western Pacific,Country,PHL,Philippines,Year,2021,false,,,,,,,,,,,,,85.81,,,,,,85.81,,,EN,2025-12-04T23:00:00.000Z
GHED_OOP_pc_US_SHA2011,Out-of-pocket expenditure (OOP) per capita in US$,numeric,EMR,Eastern Mediterranean,Country,MAR,Morocco,Year,2021,false,,,,,,,,,,,,,87.59,,,,,,87.59,,,EN,2025-12-04T23:00:00.000Z
GHED_OOP_pc_US_SHA2011,Out-of-pocket expenditure (OOP) per capita in US$,numeric,EUR,Europe,Country,FIN,Finland,Year,2021,false,,,,,,,,,,,,,876.8,,,,,,876.79,,,EN,2025-12-04T23:00:00.000Z
GHED_OOP_pc_US_SHA2011,Out-of-pocket expenditure (OOP) per capita in US$,numeric,WPR,Western Pacific,Country,MHL,Marshall Islands,Year,2021,false,,,,,,,,,,,,,9.33,,,,,,9.33,,,EN,2025-12-04T23:00:00.000Z
GHED_OOP_pc_US_SHA2011,Out-of-pocket expenditure (OOP) per capita in US$,numeric,AFR,Africa,Country,TZA,United Republic of Tanzania,Year,2021,false,,,,,,,,,,,,,9.55,,,,,,9.55,,,EN,2025-12-04T23:00:00.000Z
GHED_OOP_pc_US_SHA2011,Out-of-pocket expenditure (OOP) per capita in US$,numeric,AFR,Africa,Country,ETH,Ethiopia,Year,2021,false,,,,,,,,,,,,,9.65,,,,,,9.65,,,EN,2025-12-04T23:00:00.000Z
GHED_OOP_pc_US_SHA2011,Out-of-pocket expenditure (OOP) per capita in US$,numeric,AMR,Americas,Country,JAM,Jamaica,Year,2021,false,,,,,,,,,,,,,90.77,,,,,,90.77,,,EN,2025-12-04T23:00:00.000Z
GHED_OOP_pc_US_SHA2011,Out-of-pocket expenditure (OOP) per capita in US$,numeric,EUR,Europe,Country,SWE,Sweden,Year,2021,false,,,,,,,,,,,,,902.6,,,,,,902.64,,,EN,2025-12-04T23:00:00.000Z
GHED_OOP_pc_US_SHA2011,Out-of-pocket expenditure (OOP) per capita in US$,numeric,AMR,Americas,Country,CAN,Canada,Year,2021,false,,,,,,,,,,,,,926.2,,,,,,926.21,,,EN,2025-12-04T23:00:00.000Z
GHED_OOP_pc_US_SHA2011,Out-of-pocket expenditure (OOP) per capita in US$,numeric,WPR,Western Pacific,Country,KOR,Republic of Korea,Year,2021,false,,,,,,,,,,,,,928.9,,,,,,928.92,,,EN,2025-12-04T23:00:00.000Z
GHED_OOP_pc_US_SHA2011,Out-of-pocket expenditure (OOP) per capita in US$,numeric,EUR,Europe,Country,UZB,Uzbekistan,Year,2021,false,,,,,,,,,,,,,94.36,,,,,,94.36,,,EN,2025-12-04T23:00:00.000Z
GHED_OOP_pc_US_SHA2011,Out-of-pocket expenditure (OOP) per capita in US$,numeric,WPR,Western Pacific,Country,SGP,Singapore,Year,2021,false,,,,,,,,,,,,,950.7,,,,,,950.70,,,EN,2025-12-04T23:00:00.000Z
GHED_OOP_pc_US_SHA2011,Out-of-pocket expenditure (OOP) per capita in US$,numeric,EMR,Eastern Mediterranean,Country,EGY,Egypt,Year,2021,false,,,,,,,,,,,,,97.14,,,,,,97.14,,,EN,2025-12-04T23:00:00.000Z
GHED_OOP_pc_US_SHA2011,Out-of-pocket expenditure (OOP) per capita in US$,numeric,EUR,Europe,Country,ISL,Iceland,Year,2021,false,,,,,,,,,,,,,977.7,,,,,,977.66,,,EN,2025-12-04T23:00:00.000Z
GHED_OOP_pc_US_SHA2011,Out-of-pocket expenditure (OOP) per capita in US$,numeric,EUR,Europe,Country,KAZ,Kazakhstan,Year,2021,false,,,,,,,,,,,,,98.07,,,,,,98.07,,,EN,2025-12-04T23:00:00.000Z
GHED_OOP_pc_US_SHA2011,Out-of-pocket expenditure (OOP) per capita in US$,numeric,EUR,Europe,Country,DNK,Denmark,Year,2021,false,,,,,,,,,,,,,988.5,,,,,,988.45,,,EN,2025-12-04T23:00:00.000Z
GHED_OOP_pc_US_SHA2011,Out-of-pocket expenditure (OOP) per capita in US$,numeric,WPR,Western Pacific,Country,KIR,Kiribati,Year,2020,false,,,,,,,,,,,,,1.64,,,,,,1.64,,,EN,2025-12-04T23:00:00.000Z
GHED_OOP_pc_US_SHA2011,Out-of-pocket expenditure (OOP) per capita in US$,numeric,WPR,Western Pacific,Country,VUT,Vanuatu,Year,2020,false,,,,,,,,,,,,,10.53,,,,,,10.53,,,EN,2025-12-04T23:00:00.000Z
GHED_OOP_pc_US_SHA2011,Out-of-pocket expenditure (OOP) per capita in US$,numeric,WPR,Western Pacific,Country,FSM,Micronesia (Federated States of),Year,2020,false,,,,,,,,,,,,,10.75,,,,,,10.75,,,EN,2025-12-04T23:00:00.000Z
GHED_OOP_pc_US_SHA2011,Out-of-pocket expenditure (OOP) per capita in US$,numeric,EUR,Europe,Country,BEL,Belgium,Year,2020,false,,,,,,,,,,,,,1017,,,,,,1017.16,,,EN,2025-12-04T23:00:00.000Z
GHED_OOP_pc_US_SHA2011,Out-of-pocket expenditure (OOP) per capita in US$,numeric,EUR,Europe,Country,BLR,Belarus,Year,2020,false,,,,,,,,,,,,,104.1,,,,,,104.13,,,EN,2025-12-04T23:00:00.000Z
GHED_OOP_pc_US_SHA2011,Out-of-pocket expenditure (OOP) per capita in US$,numeric,AMR,Americas,Country,HND,Honduras,Year,2020,false,,,,,,,,,,,,,106.5,,,,,,106.46,,,EN,2025-12-04T23:00:00.000Z
GHED_OOP_pc_US_SHA2011,Out-of-pocket expenditure (OOP) per capita in US$,numeric,AMR,Americas,Country,CUB,Cuba,Year,2020,true,,,,,,,,,,,,,107,,,,,,106.98,,,EN,2025-12-04T23:00:00.000Z
GHED_OOP_pc_US_SHA2011,Out-of-pocket expenditure (OOP) per capita in US$,numeric,EMR,Eastern Mediterranean,Country,JOR,Jordan,Year,2020,false,,,,,,,,,,,,,107.5,,,,,,107.45,,,EN,2025-12-04T23:00:00.000Z
GHED_OOP_pc_US_SHA2011,Out-of-pocket expenditure (OOP) per capita in US$,numeric,EUR,Europe,Country,NOR,Norway,Year,2020,false,,,,,,,,,,,,,1079,,,,,,1078.82,,,EN,2025-12-04T23:00:00.000Z
GHED_OOP_pc_US_SHA2011,Out-of-pocket expenditure (OOP) per capita in US$,numeric,AMR,Americas,Country,VCT,Saint Vincent and the Grenadines,Year,2020,false,,,,,,,,,,,,,109.3,,,,,,109.31,,,EN,2025-12-04T23:00:00.000Z
GHED_OOP_pc_US_SHA2011,Out-of-pocket expenditure (OOP) per capita in US$,numeric,WPR,Western Pacific,Country,NIU,Niue,Year,2020,false,,,,,,,,,,,,,11.16,,,,,,11.16,,,EN,2025-12-04T23:00:00.000Z
GHED_OOP_pc_US_SHA2011,Out-of-pocket expenditure (OOP) per capita in US$,numeric,EMR,Eastern Mediterranean,Country,QAT,Qatar,Year,2020,false,,,,,,,,,,,,,116,,,,,,116.03,,,EN,2025-12-04T23:00:00.000Z
GHED_OOP_pc_US_SHA2011,Out-of-pocket expenditure (OOP) per capita in US$,numeric,EUR,Europe,Country,HRV,Croatia,Year,2020,false,,,,,,,,,,,,,117.4,,,,,,117.38,,,EN,2025-12-04T23:00:00.000Z
GHED_OOP_pc_US_SHA2011,Out-of-pocket expenditure (OOP) per capita in US$,numeric,AMR,Americas,Country,USA,United States of America,Year,2020,false,,,,,,,,,,,,,1173,,,,,,1172.96,,,EN,2025-12-04T23:00:00.000Z
GHED_OOP_pc_US_SHA2011,Out-of-pocket expenditure (OOP) per capita in US$,numeric,EMR,Eastern Mediterranean,Country,SDN,Sudan,Year,2020,false,,,,,,,,,,,,,12.14,,,,,,12.14,,,EN,2025-12-04T23:00:00.000Z
GHED_OOP_pc_US_SHA2011,Out-of-pocket expenditure (OOP) per capita in US$,numeric,AFR,Africa,Country,MLI,Mali,Year,2020,false,,,,,,,,,,,,,12.62,,,,,,12.62,,,EN,2025-12-04T23:00:00.000Z
GHED_OOP_pc_US_SHA2011,Out-of-pocket expenditure (OOP) per capita in US$,numeric,EMR,Eastern Mediterranean,Country,PSE,"occupied Palestinian territory, including east Jerusalem",Year,2020,false,,,,,,,,,,,,,120.9,,,,,,120.87,,,EN,2025-12-04T23:00:00.000Z
GHED_OOP_pc_US_SHA2011,Out-of-pocket expenditure (OOP) per capita in US$,numeric,EUR,Europe,Country,UKR,Ukraine,Year,2020,false,,,,,,,,,,,,,126.9,,,,,,126.87,,,EN,2025-12-04T23:00:00.000Z
GHED_OOP_pc_US_SHA2011,Out-of-pocket expenditure (OOP) per capita in US$,numeric,AFR,Africa,Country,UGA,Uganda,Year,2020,false,,,,,,,,,,,,,13.39,,,,,,13.39,,,EN,2025-12-04T23:00:00.000Z
GHED_OOP_pc_US_SHA2011,Out-of-pocket expenditure (OOP) per capita in US$,numeric,AFR,Africa,Country,ERI,Eritrea,Year,2020,false,,,,,,,,,,,,,13.43,,,,,,13.43,,,EN,2025-12-04T23:00:00.000Z
GHED_OOP_pc_US_SHA2011,Out-of-pocket expenditure (OOP) per capita in US$,numeric,AMR,Americas,Country,DMA,Dominica,Year,2020,false,,,,,,,,,,,,,131.3,,,,,,131.30,,,EN,2025-12-04T23:00:00.000Z
GHED_OOP_pc_US_SHA2011,Out-of-pocket expenditure (OOP) per capita in US$,numeric,EMR,Eastern Mediterranean,Country,IRQ,Iraq,Year,2020,false,,,,,,,,,,,,,135.6,,,,,,135.59,,,EN,2025-12-04T23:00:00.000Z
GHED_OOP_pc_US_SHA2011,Out-of-pocket expenditure (OOP) per capita in US$,numeric,WPR,Western Pacific,Country,MYS,Malaysia,Year,2020,false,,,,,,,,,,,,,139.2,,,,,,139.22,,,EN,2025-12-04T23:00:00.000Z
GHED_OOP_pc_US_SHA2011,Out-of-pocket expenditure (OOP) per capita in US$,numeric,AMR,Americas,Country,ECU,Ecuador,Year,2020,false,,,,,,,,,,,,,141.8,,,,,,141.79,,,EN,2025-12-04T23:00:00.000Z
GHED_OOP_pc_US_SHA2011,Out-of-pocket expenditure (OOP) per capita in US$,numeric,EUR,Europe,Country,AZE,Azerbaijan,Year,2020,false,,,,,,,,,,,,,141.8,,,,,,141.81,,,EN,2025-12-04T23:00:00.000Z
GHED_OOP_pc_US_SHA2011,Out-of-pocket expenditure (OOP) per capita in US$,numeric,SEAR,South-East Asia,Country,MDV,Maldives,Year,2020,false,,,,,,,,,,,,,143,,,,,,143.01,,,EN,2025-12-04T23:00:00.000Z
GHED_OOP_pc_US_SHA2011,Out-of-pocket expenditure (OOP) per capita in US$,numeric,AFR,Africa,Country,SYC,Seychelles,Year,2020,false,,,,,,,,,,,,,144.9,,,,,,144.91,,,EN,2025-12-04T23:00:00.000Z
GHED_OOP_pc_US_SHA2011,Out-of-pocket expenditure (OOP) per capita in US$,numeric,AFR,Africa,Country,LSO,Lesotho,Year,2020,false,,,,,,,,,,,,,15.52,,,,,,15.52,,,EN,2025-12-04T23:00:00.000Z
GHED_OOP_pc_US_SHA2011,Out-of-pocket expenditure (OOP) per capita in US$,numeric,AFR,Africa,Country,NER,Niger,Year,2020,false,,,,,,,,,,,,,15.57,,,,,,15.57,,,EN,2025-12-04T23:00:00.000Z
GHED_OOP_pc_US_SHA2011,Out-of-pocket expenditure (OOP) per capita in US$,numeric,AFR,Africa,Country,GNQ,Equatorial Guinea,Year,2020,false,,,,,,,,,,,,,150.7,,,,,,150.73,,,EN,2025-12-04T23:00:00.000Z
GHED_OOP_pc_US_SHA2011,Out-of-pocket expenditure (OOP) per capita in US$,numeric,EUR,Europe,Country,ROU,Romania,Year,2020,false,,,,,,,,,,,,,154,,,,,,154.03,,,EN,2025-12-04T23:00:00.000Z
GHED_OOP_pc_US_SHA2011,Out-of-pocket expenditure (OOP) per capita in US$,numeric,AMR,Americas,Country,PRY,Paraguay,Year,2020,false,,,,,,,,,,,,,156,,,,,,155.98,,,EN,2025-12-04T23:00:00.000Z
GHED_OOP_pc_US_SHA2011,Out-of-pocket expenditure (OOP) per capita in US$,numeric,EMR,Eastern Mediterranean,Country,SAU,Saudi Arabia,Year,2020,false,,,,,,,,,,,,,158.8,,,,,,158.75,,,EN,2025-12-04T23:00:00.000Z
GHED_OOP_pc_US_SHA2011,Out-of-pocket expenditure (OOP) per capita in US$,numeric,AFR,Africa,Country,AGO,Angola,Year,2020,false,,,,,,,,,,,,,16.03,,,,,,16.03,,,EN,2025-12-04T23:00:00.000Z
GHED_OOP_pc_US_SHA2011,Out-of-pocket expenditure (OOP) per capita in US$,numeric,WPR,Western Pacific,Country,TON,Tonga,Year,2020,false,,,,,,,,,,,,,16.03,,,,,,16.03,,,EN,2025-12-04T23:00:00.000Z
GHED_OOP_pc_US_SHA2011,Out-of-pocket expenditure (OOP) per capita in US$,numeric,WPR,Western Pacific,Country,COK,Cook Islands,Year,2020,false,,,,,,,,,,,,,16.67,,,,,,16.67,,,EN,2025-12-04T23:00:00.000Z
GHED_OOP_pc_US_SHA2011,Out-of-pocket expenditure (OOP) per capita in US$,numeric,EMR,Eastern Mediterranean,Country,KWT,Kuwait,Year,2020,false,,,,,,,,,,,,,160.4,,,,,,160.43,,,EN,2025-12-04T23:00:00.000Z
GHED_OOP_pc_US_SHA2011,Out-of-pocket expenditure (OOP) per capita in US$,numeric,AMR,Americas,Country,GTM,Guatemala,Year,2020,false,,,,,,,,,,,,,162.8,,,,,,162.80,,,EN,2025-12-04T23:00:00.000Z
GHED_OOP_pc_US_SHA2011,Out-of-pocket expenditure (OOP) per capita in US$,numeric,EMR,Eastern Mediterranean,Country,SYR,Syrian Arab Republic,Year,2020,false,,,,,,,,,,,,,17.9,,,,,,17.90,,,EN,2025-12-04T23:00:00.000Z
GHED_OOP_pc_US_SHA2011,Out-of-pocket expenditure (OOP) per capita in US$,numeric,EUR,Europe,Country,BIH,Bosnia and Herzegovina,Year,2020,false,,,,,,,,,,,,,171.7,,,,,,171.69,,,EN,2025-12-04T23:00:00.000Z
GHED_OOP_pc_US_SHA2011,Out-of-pocket expenditure (OOP) per capita in US$,numeric,AMR,Americas,Country,BRA,Brazil,Year,2020,false,,,,,,,,,,,,,177.6,,,,,,177.62,,,EN,2025-12-04T23:00:00.000Z
GHED_OOP_pc_US_SHA2011,Out-of-pocket expenditure (OOP) per capita in US$,numeric,AFR,Africa,Country,SSD,South Sudan,Year,2020,false,,,,,,,,,,,,,18.71,,,,,,18.71,,,EN,2025-12-04T23:00:00.000Z
GHED_OOP_pc_US_SHA2011,Out-of-pocket expenditure (OOP) per capita in US$,numeric,AFR,Africa,Country,STP,Sao Tome and Principe,Year,2020,false,,,,,,,,,,,,,18.94,,,,,,18.94,,,EN,2025-12-04T23:00:00.000Z
GHED_OOP_pc_US_SHA2011,Out-of-pocket expenditure (OOP) per capita in US$,numeric,EUR,Europe,Country,LIE,Liechtenstein,Year,2020,false,,,,,,,,,,,,,1805,,,,,,1804.87,,,EN,2025-12-04T23:00:00.000Z
GHED_OOP_pc_US_SHA2011,Out-of-pocket expenditure (OOP) per capita in US$,numeric,AMR,Americas,Country,ATG,Antigua and Barbuda,Year,2020,false,,,,,,,,,,,,,184.1,,,,,,184.10,,,EN,2025-12-04T23:00:00.000Z
GHED_OOP_pc_US_SHA2011,Out-of-pocket expenditure (OOP) per capita in US$,numeric,AMR,Americas,Country,ARG,Argentina,Year,2020,false,,,,,,,,,,,,,189.9,,,,,,189.95,,,EN,2025-12-04T23:00:00.000Z
GHED_OOP_pc_US_SHA2011,Out-of-pocket expenditure (OOP) per capita in US$,numeric,AFR,Africa,Country,BWA,Botswana,Year,2020,false,,,,,,,,,,,,,19.13,,,,,,19.13,,,EN,2025-12-04T23:00:00.000Z
GHED_OOP_pc_US_SHA2011,Out-of-pocket expenditure (OOP) per capita in US$,numeric,AFR,Africa,Country,BEN,Benin,Year,2020,false,,,,,,,,,,,,,19.6,,,,,,19.60,,,EN,2025-12-04T23:00:00.000Z
GHED_OOP_pc_US_SHA2011,Out-of-pocket expenditure (OOP) per capita in US$,numeric,AMR,Americas,Country,CRI,Costa Rica,Year,2020,false,,,,,,,,,,,,,196.8,,,,,,196.76,,,EN,2025-12-04T23:00:00.000Z
GHED_OOP_pc_US_SHA2011,Out-of-pocket expenditure (OOP) per capita in US$,numeric,EUR,Europe,Country,MKD,North Macedonia,Year,2020,false,,,,,,,,,,,,,198.6,,,,,,198.56,,,EN,2025-12-04T23:00:00.000Z
GHED_OOP_pc_US_SHA2011,Out-of-pocket expenditure (OOP) per capita in US$,numeric,WPR,Western Pacific,Country,TUV,Tuvalu,Year,2020,false,,,,,,,,,,,,,2.49,,,,,,2.49,,,EN,2025-12-04T23:00:00.000Z
GHED_OOP_pc_US_SHA2011,Out-of-pocket expenditure (OOP) per capita in US$,numeric,AFR,Africa,Country,COG,Congo,Year,2020,false,,,,,,,,,,,,,20.18,,,,,,20.18,,,EN,2025-12-04T23:00:00.000Z
GHED_OOP_pc_US_SHA2011,Out-of-pocket expenditure (OOP) per capita in US$,numeric,AFR,Africa,Country,KEN,Kenya,Year,2020,false,,,,,,,,,,,,,20.2,,,,,,20.20,,,EN,2025-12-04T23:00:00.000Z
GHED_OOP_pc_US_SHA2011,Out-of-pocket expenditure (OOP) per capita in US$,numeric,EMR,Eastern Mediterranean,Country,PAK,Pakistan,Year,2020,false,,,,,,,,,,,,,20.39,,,,,,20.39,,,EN,2025-12-04T23:00:00.000Z
GHED_OOP_pc_US_SHA2011,Out-of-pocket expenditure (OOP) per capita in US$,numeric,SEAR,South-East Asia,Country,BTN,Bhutan,Year,2020,false,,,,,,,,,,,,,20.69,,,,,,20.69,,,EN,2025-12-04T23:00:00.000Z
GHED_OOP_pc_US_SHA2011,Out-of-pocket expenditure (OOP) per capita in US$,numeric,EUR,Europe,Country,POL,Poland,Year,2020,false,,,,,,,,,,,,,200.4,,,,,,200.43,,,EN,2025-12-04T23:00:00.000Z
GHED_OOP_pc_US_SHA2011,Out-of-pocket expenditure (OOP) per capita in US$,numeric,EUR,Europe,Country,RUS,Russian Federation,Year,2020,false,,,,,,,,,,,,,202.8,,,,,,202.80,,,EN,2025-12-04T23:00:00.000Z
GHED_OOP_pc_US_SHA2011,Out-of-pocket expenditure (OOP) per capita in US$,numeric,WPR,Western Pacific,Country,CHN,China,Year,2020,false,,,,,,,,,,,,,202.8,,,,,,202.81,,,EN,2025-12-04T23:00:00.000Z
GHED_OOP_pc_US_SHA2011,Out-of-pocket expenditure (OOP) per capita in US$,numeric,AMR,Americas,Country,LCA,Saint Lucia,Year,2020,false,,,,,,,,,,,,,206,,,,,,205.96,,,EN,2025-12-04T23:00:00.000Z
GHED_OOP_pc_US_SHA2011,Out-of-pocket expenditure (OOP) per capita in US$,numeric,AMR,Americas,Country,MEX,Mexico,Year,2020,false,,,,,,,,,,,,,207.4,,,,,,207.42,,,EN,2025-12-04T23:00:00.000Z
GHED_OOP_pc_US_SHA2011,Out-of-pocket expenditure (OOP) per capita in US$,numeric,AFR,Africa,Country,CAF,Central African Republic,Year,2020,false,,,,,,,,,,,,,21.18,,,,,,21.18,,,EN,2025-12-04T23:00:00.000Z
GHED_OOP_pc_US_SHA2011,Out-of-pocket expenditure (OOP) per capita in US$,numeric,EMR,Eastern Mediterranean,Country,DJI,Djibouti,Year,2020,false,,,,,,,,,,,,,21.25,,,,,,21.25,,,EN,2025-12-04T23:00:00.000Z
GHED_OOP_pc_US_SHA2011,Out-of-pocket expenditure (OOP) per capita in US$,numeric,WPR,Western Pacific,Country,LAO,Lao People's Democratic Republic,Year,2020,false,,,,,,,,,,,,,21.34,,,,,,21.34,,,EN,2025-12-04T23:00:00.000Z
GHED_OOP_pc_US_SHA2011,Out-of-pocket expenditure (OOP) per capita in US$,numeric,AMR,Americas,Country,HTI,Haiti,Year,2020,false,,,,,,,,,,,,,21.93,,,,,,21.93,,,EN,2025-12-04T23:00:00.000Z
GHED_OOP_pc_US_SHA2011,Out-of-pocket expenditure (OOP) per capita in US$,numeric,EUR,Europe,Country,GEO,Georgia,Year,2020,false,,,,,,,,,,,,,212.5,,,,,,212.54,,,EN,2025-12-04T23:00:00.000Z
GHED_OOP_pc_US_SHA2011,Out-of-pocket expenditure (OOP) per capita in US$,numeric,EUR,Europe,Country,CHE,Switzerland,Year,2020,false,,,,,,,,,,,,,2133,,,,,,2133.48,,,EN,2025-12-04T23:00:00.000Z
GHED_OOP_pc_US_SHA2011,Out-of-pocket expenditure (OOP) per capita in US$,numeric,AFR,Africa,Country,BFA,Burkina Faso,Year,2020,false,,,,,,,,,,,,,22.05,,,,,,22.05,,,EN,2025-12-04T23:00:00.000Z
GHED_OOP_pc_US_SHA2011,Out-of-pocket expenditure (OOP) per capita in US$,numeric,AFR,Africa,Country,GHA,Ghana,Year,2020,false,,,,,,,,,,,,,23.13,,,,,,23.13,,,EN,2025-12-04T23:00:00.000Z
GHED_OOP_pc_US_SHA2011,Out-of-pocket expenditure (OOP) per capita in US$,numeric,AFR,Africa,Country,GIN,Guinea,Year,2020,false,,,,,,,,,,,,,23.5,,,,,,23.50,,,EN,2025-12-04T23:00:00.000Z
GHED_OOP_pc_US_SHA2011,Out-of-pocket expenditure (OOP) per capita in US$,numeric,EUR,Europe,Country,CZE,Czechia,Year,2020,false,,,,,,,,,,,,,233.3,,,,,,233.30,,,EN,2025-12-04T23:00:00.000Z
GHED_OOP_pc_US_SHA2011,Out-of-pocket expenditure (OOP) per capita in US$,numeric,EUR,Europe,Country,ALB,Albania,Year,2020,false,,,,,,,,,,,,,235.3,,,,,,235.31,,,EN,2025-12-04T23:00:00.000Z
GHED_OOP_pc_US_SHA2011,Out-of-pocket expenditure (OOP) per capita in US$,numeric,AFR,Africa,Country,MUS,Mauritius,Year,2020,false,,,,,,,,,,,,,236.2,,,,,,236.21,,,EN,2025-12-04T23:00:00.000Z
GHED_OOP_pc_US_SHA2011,Out-of-pocket expenditure (OOP) per capita in US$,numeric,AMR,Americas,Country,URY,Uruguay,Year,2020,false,,,,,,,,,,,,,239.7,,,,,,239.73,,,EN,2025-12-04T23:00:00.000Z
GHED_OOP_pc_US_SHA2011,Out-of-pocket expenditure (OOP) per capita in US$,numeric,EUR,Europe,Country,SRB,Serbia,Year,2020,false,,,,,,,,,,,,,241.3,,,,,,241.35,,,EN,2025-12-04T23:00:00.000Z
GHED_OOP_pc_US_SHA2011,Out-of-pocket expenditure (OOP) per capita in US$,numeric,EMR,Eastern Mediterranean,Country,ARE,United Arab Emirates,Year,2020,false,,,,,,,,,,,,,241.5,,,,,,241.52,,,EN,2025-12-04T23:00:00.000Z
GHED_OOP_pc_US_SHA2011,Out-of-pocket expenditure (OOP) per capita in US$,numeric,AMR,Americas,Country,GRD,Grenada,Year,2020,false,,,,,,,,,,,,,248.4,,,,,,248.41,,,EN,2025-12-04T23:00:00.000Z
GHED_OOP_pc_US_SHA2011,Out-of-pocket expenditure (OOP) per capita in US$,numeric,AFR,Africa,Country,SLE,Sierra Leone,Year,2020,false,,,,,,,,,,,,,25.06,,,,,,25.06,,,EN,2025-12-04T23:00:00.000Z
GHED_OOP_pc_US_SHA2011,Out-of-pocket expenditure (OOP) per capita in US$,numeric,AFR,Africa,Country,CIV,Cote d'Ivoire,Year,2020,false,,,,,,,,,,,,,25.27,,,,,,25.27,,,EN,2025-12-04T23:00:00.000Z
GHED_OOP_pc_US_SHA2011,Out-of-pocket expenditure (OOP) per capita in US$,numeric,AFR,Africa,Country,NAM,Namibia,Year,2020,false,,,,,,,,,,,,,25.84,,,,,,25.84,,,EN,2025-12-04T23:00:00.000Z
GHED_OOP_pc_US_SHA2011,Out-of-pocket expenditure (OOP) per capita in US$,numeric,AFR,Africa,Country,TCD,Chad,Year,2020,false,,,,,,,,,,,,,26.32,,,,,,26.32,,,EN,2025-12-04T23:00:00.000Z
GHED_OOP_pc_US_SHA2011,Out-of-pocket expenditure (OOP) per capita in US$,numeric,AFR,Africa,Country,SWZ,Eswatini,Year,2020,false,,,,,,,,,,,,,26.76,,,,,,26.76,,,EN,2025-12-04T23:00:00.000Z
GHED_OOP_pc_US_SHA2011,Out-of-pocket expenditure (OOP) per capita in US$,numeric,EUR,Europe,Country,SVK,Slovakia,Year,2020,false,,,,,,,,,,,,,261.3,,,,,,261.33,,,EN,2025-12-04T23:00:00.000Z
GHED_OOP_pc_US_SHA2011,Out-of-pocket expenditure (OOP) per capita in US$,numeric,EUR,Europe,Country,KGZ,Kyrgyzstan,Year,2020,false,,,,,,,,,,,,,28.19,,,,,,28.19,,,EN,2025-12-04T23:00:00.000Z
GHED_OOP_pc_US_SHA2011,Out-of-pocket expenditure (OOP) per capita in US$,numeric,EMR,Eastern Mediterranean,Country,BHR,Bahrain,Year,2020,false,,,,,,,,,,,,,289,,,,,,288.99,,,EN,2025-12-04T23:00:00.000Z
GHED_OOP_pc_US_SHA2011,Out-of-pocket expenditure (OOP) per capita in US$,numeric,AFR,Africa,Country,RWA,Rwanda,Year,2020,false,,,,,,,,,,,,,3.25,,,,,,3.25,,,EN,2025-12-04T23:00:00.000Z
GHED_OOP_pc_US_SHA2011,Out-of-pocket expenditure (OOP) per capita in US$,numeric,WPR,Western Pacific,Country,SLB,Solomon Islands,Year,2020,false,,,,,,,,,,,,,3.46,,,,,,3.46,,,EN,2025-12-04T23:00:00.000Z
GHED_OOP_pc_US_SHA2011,Out-of-pocket expenditure (OOP) per capita in US$,numeric,AFR,Africa,Country,MOZ,Mozambique,Year,2020,false,,,,,,,,,,,,,3.6,,,,,,3.60,,,EN,2025-12-04T23:00:00.000Z
GHED_OOP_pc_US_SHA2011,Out-of-pocket expenditure (OOP) per capita in US$,numeric,EUR,Europe,Country,SVN,Slovenia,Year,2020,false,,,,,,,,,,,,,301.5,,,,,,301.53,,,EN,2025-12-04T23:00:00.000Z
GHED_OOP_pc_US_SHA2011,Out-of-pocket expenditure (OOP) per capita in US$,numeric,EUR,Europe,Country,HUN,Hungary,Year,2020,false,,,,,,,,,,,,,309.2,,,,,,309.20,,,EN,2025-12-04T23:00:00.000Z
GHED_OOP_pc_US_SHA2011,Out-of-pocket expenditure (OOP) per capita in US$,numeric,AFR,Africa,Country,SEN,Senegal,Year,2020,false,,,,,,,,,,,,,31.25,,,,,,31.25,,,EN,2025-12-04T23:00:00.000Z
GHED_OOP_pc_US_SHA2011,Out-of-pocket expenditure (OOP) per capita in US$,numeric,SEAR,South-East Asia,Country,IND,India,Year,2020,false,,,,,,,,,,,,,31.6,,,,,,31.60,,,EN,2025-12-04T23:00:00.000Z
GHED_OOP_pc_US_SHA2011,Out-of-pocket expenditure (OOP) per capita in US$,numeric,WPR,Western Pacific,Country,PLW,Palau,Year,2020,false,,,,,,,,,,,,,311.9,,,,,,311.91,,,EN,2025-12-04T23:00:00.000Z
GHED_OOP_pc_US_SHA2011,Out-of-pocket expenditure (OOP) per capita in US$,numeric,SEAR,South-East Asia,Country,NPL,Nepal,Year,2020,false,,,,,,,,,,,,,32,,,,,,32.00,,,EN,2025-12-04T23:00:00.000Z
GHED_OOP_pc_US_SHA2011,Out-of-pocket expenditure (OOP) per capita in US$,numeric,SEAR,South-East Asia,Country,THA,Thailand,Year,2020,false,,,,,,,,,,,,,32.09,,,,,,32.09,,,EN,2025-12-04T23:00:00.000Z
GHED_OOP_pc_US_SHA2011,Out-of-pocket expenditure (OOP) per capita in US$,numeric,AFR,Africa,Country,ZAF,South Africa,Year,2020,false,,,,,,,,,,,,,32.37,,,,,,32.37,,,EN,2025-12-04T23:00:00.000Z
GHED_OOP_pc_US_SHA2011,Out-of-pocket expenditure (OOP) per capita in US$,numeric,EUR,Europe,Country,TKM,Turkmenistan,Year,2020,false,,,,,,,,,,,,,320.7,,,,,,320.72,,,EN,2025-12-04T23:00:00.000Z
GHED_OOP_pc_US_SHA2011,Out-of-pocket expenditure (OOP) per capita in US$,numeric,EUR,Europe,Country,BGR,Bulgaria,Year,2020,false,,,,,,,,,,,,,322.1,,,,,,322.05,,,EN,2025-12-04T23:00:00.000Z
GHED_OOP_pc_US_SHA2011,Out-of-pocket expenditure (OOP) per capita in US$,numeric,EUR,Europe,Country,MNE,Montenegro,Year,2020,false,,,,,,,,,,,,,327.6,,,,,,327.58,,,EN,2025-12-04T23:00:00.000Z
GHED_OOP_pc_US_SHA2011,Out-of-pocket expenditure (OOP) per capita in US$,numeric,AFR,Africa,Country,MRT,Mauritania,Year,2020,false,,,,,,,,,,,,,33.16,,,,,,33.16,,,EN,2025-12-04T23:00:00.000Z
GHED_OOP_pc_US_SHA2011,Out-of-pocket expenditure (OOP) per capita in US$,numeric,WPR,Western Pacific,Country,WSM,Samoa,Year,2020,false,,,,,,,,,,,,,33.66,,,,,,33.66,,,EN,2025-12-04T23:00:00.000Z
GHED_OOP_pc_US_SHA2011,Out-of-pocket expenditure (OOP) per capita in US$,numeric,AFR,Africa,Country,TGO,Togo,Year,2020,false,,,,,,,,,,,,,33.93,,,,,,33.93,,,EN,2025-12-04T23:00:00.000Z
GHED_OOP_pc_US_SHA2011,Out-of-pocket expenditure (OOP) per capita in US$,numeric,EUR,Europe,Country,AND,Andorra,Year,2020,false,,,,,,,,,,,,,366.8,,,,,,366.75,,,EN,2025-12-04T23:00:00.000Z
GHED_OOP_pc_US_SHA2011,Out-of-pocket expenditure (OOP) per capita in US$,numeric,AMR,Americas,Country,CHL,Chile,Year,2020,false,,,,,,,,,,,,,369.1,,,,,,369.12,,,EN,2025-12-04T23:00:00.000Z
GHED_OOP_pc_US_SHA2011,Out-of-pocket expenditure (OOP) per capita in US$,numeric,SEAR,South-East Asia,Country,BGD,Bangladesh,Year,2020,false,,,,,,,,,,,,,37.75,,,,,,37.75,,,EN,2025-12-04T23:00:00.000Z
GHED_OOP_pc_US_SHA2011,Out-of-pocket expenditure (OOP) per capita in US$,numeric,WPR,Western Pacific,Country,BRN,Brunei Darussalam,Year,2020,false,,,,,,,,,,,,,38.25,,,,,,38.25,,,EN,2025-12-04T23:00:00.000Z
GHED_OOP_pc_US_SHA2011,Out-of-pocket expenditure (OOP) per capita in US$,numeric,AFR,Africa,Country,GNB,Guinea-Bissau,Year,2020,false,,,,,,,,,,,,,38.45,,,,,,38.45,,,EN,2025-12-04T23:00:00.000Z
GHED_OOP_pc_US_SHA2011,Out-of-pocket expenditure (OOP) per capita in US$,numeric,EUR,Europe,Country,EST,Estonia,Year,2020,false,,,,,,,,,,,,,383.4,,,,,,383.36,,,EN,2025-12-04T23:00:00.000Z
GHED_OOP_pc_US_SHA2011,Out-of-pocket expenditure (OOP) per capita in US$,numeric,EUR,Europe,Country,SMR,San Marino,Year,2020,false,,,,,,,,,,,,,385.5,,,,,,385.46,,,EN,2025-12-04T23:00:00.000Z
GHED_OOP_pc_US_SHA2011,Out-of-pocket expenditure (OOP) per capita in US$,numeric,AFR,Africa,Country,ZMB,Zambia,Year,2020,false,,,,,,,,,,,,,4.87,,,,,,4.87,,,EN,2025-12-04T23:00:00.000Z
GHED_OOP_pc_US_SHA2011,Out-of-pocket expenditure (OOP) per capita in US$,numeric,WPR,Western Pacific,Country,IDN,Indonesia,Year,2020,false,,,,,,,,,,,,,41.12,,,,,,41.12,,,EN,2025-12-04T23:00:00.000Z
GHED_OOP_pc_US_SHA2011,Out-of-pocket expenditure (OOP) per capita in US$,numeric,EUR,Europe,Country,ARM,Armenia,Year,2020,false,,,,,,,,,,,,,416.7,,,,,,416.70,,,EN,2025-12-04T23:00:00.000Z
GHED_OOP_pc_US_SHA2011,Out-of-pocket expenditure (OOP) per capita in US$,numeric,EUR,Europe,Country,LVA,Latvia,Year,2020,false,,,,,,,,,,,,,418.6,,,,,,418.62,,,EN,2025-12-04T23:00:00.000Z
GHED_OOP_pc_US_SHA2011,Out-of-pocket expenditure (OOP) per capita in US$,numeric,AMR,Americas,Country,BHS,Bahamas,Year,2020,false,,,,,,,,,,,,,423,,,,,,422.95,,,EN,2025-12-04T23:00:00.000Z
GHED_OOP_pc_US_SHA2011,Out-of-pocket expenditure (OOP) per capita in US$,numeric,EUR,Europe,Country,LTU,Lithuania,Year,2020,false,,,,,,,,,,,,,433.3,,,,,,433.29,,,EN,2025-12-04T23:00:00.000Z
GHED_OOP_pc_US_SHA2011,Out-of-pocket expenditure (OOP) per capita in US$,numeric,AMR,Americas,Country,VEN,Venezuela (Bolivarian Republic of),Year,2020,false,,,,,,,,,,,,,44.36,,,,,,44.36,,,EN,2025-12-04T23:00:00.000Z
GHED_OOP_pc_US_SHA2011,Out-of-pocket expenditure (OOP) per capita in US$,numeric,EMR,Eastern Mediterranean,Country,OMN,Oman,Year,2020,false,,,,,,,,,,,,,44.75,,,,,,44.75,,,EN,2025-12-04T23:00:00.000Z
GHED_OOP_pc_US_SHA2011,Out-of-pocket expenditure (OOP) per capita in US$,numeric,EUR,Europe,Country,FRA,France,Year,2020,false,,,,,,,,,,,,,448.6,,,,,,448.58,,,EN,2025-12-04T23:00:00.000Z
GHED_OOP_pc_US_SHA2011,Out-of-pocket expenditure (OOP) per capita in US$,numeric,AMR,Americas,Country,KNA,Saint Kitts and Nevis,Year,2020,false,,,,,,,,,,,,,450.3,,,,,,450.31,,,EN,2025-12-04T23:00:00.000Z
GHED_OOP_pc_US_SHA2011,Out-of-pocket expenditure (OOP) per capita in US$,numeric,EUR,Europe,Country,MCO,Monaco,Year,2020,false,,,,,,,,,,,,,456.1,,,,,,456.09,,,EN,2025-12-04T23:00:00.000Z
GHED_OOP_pc_US_SHA2011,Out-of-pocket expenditure (OOP) per capita in US$,numeric,AFR,Africa,Country,GAB,Gabon,Year,2020,false,,,,,,,,,,,,,46.29,,,,,,46.29,,,EN,2025-12-04T23:00:00.000Z
GHED_OOP_pc_US_SHA2011,Out-of-pocket expenditure (OOP) per capita in US$,numeric,AFR,Africa,Country,CMR,Cameroon,Year,2020,false,,,,,,,,,,,,,47.56,,,,,,47.56,,,EN,2025-12-04T23:00:00.000Z
GHED_OOP_pc_US_SHA2011,Out-of-pocket expenditure (OOP) per capita in US$,numeric,SEAR,South-East Asia,Country,MMR,Myanmar,Year,2020,false,,,,,,,,,,,,,47.91,,,,,,47.91,,,EN,2025-12-04T23:00:00.000Z
GHED_OOP_pc_US_SHA2011,Out-of-pocket expenditure (OOP) per capita in US$,numeric,AFR,Africa,Country,LBR,Liberia,Year,2020,false,,,,,,,,,,,,,48.12,,,,,,48.12,,,EN,2025-12-04T23:00:00.000Z
GHED_OOP_pc_US_SHA2011,Out-of-pocket expenditure (OOP) per capita in US$,numeric,AMR,Americas,Country,TTO,Trinidad and Tobago,Year,2020,false,,,,,,,,,,,,,492.5,,,,,,492.49,,,EN,2025-12-04T23:00:00.000Z
GHED_OOP_pc_US_SHA2011,Out-of-pocket expenditure (OOP) per capita in US$,numeric,AFR,Africa,Country,MDG,Madagascar,Year,2020,false,,,,,,,,,,,,,5.19,,,,,,5.19,,,EN,2025-12-04T23:00:00.000Z
GHED_OOP_pc_US_SHA2011,Out-of-pocket expenditure (OOP) per capita in US$,numeric,AFR,Africa,Country,MWI,Malawi,Year,2020,false,,,,,,,,,,,,,5.3,,,,,,5.30,,,EN,2025-12-04T23:00:00.000Z
GHED_OOP_pc_US_SHA2011,Out-of-pocket expenditure (OOP) per capita in US$,numeric,AFR,Africa,Country,ZWE,Zimbabwe,Year,2020,false,,,,,,,,,,,,,5.32,,,,,,5.32,,,EN,2025-12-04T23:00:00.000Z
GHED_OOP_pc_US_SHA2011,Out-of-pocket expenditure (OOP) per capita in US$,numeric,AFR,Africa,Country,BDI,Burundi,Year,2020,false,,,,,,,,,,,,,5.36,,,,,,5.36,,,EN,2025-12-04T23:00:00.000Z
GHED_OOP_pc_US_SHA2011,Out-of-pocket expenditure (OOP) per capita in US$,numeric,WPR,Western Pacific,Country,PNG,Papua New Guinea,Year,2020,false,,,,,,,,,,,,,5.83,,,,,,5.83,,,EN,2025-12-04T23:00:00.000Z
GHED_OOP_pc_US_SHA2011,Out-of-pocket expenditure (OOP) per capita in US$,numeric,EUR,Europe,Country,TJK,Tajikistan,Year,2020,false,,,,,,,,,,,,,50.41,,,,,,50.41,,,EN,2025-12-04T23:00:00.000Z
GHED_OOP_pc_US_SHA2011,Out-of-pocket expenditure (OOP) per capita in US$,numeric,AFR,Africa,Country,NGA,Nigeria,Year,2020,false,,,,,,,,,,,,,50.72,,,,,,50.72,,,EN,2025-12-04T23:00:00.000Z
GHED_OOP_pc_US_SHA2011,Out-of-pocket expenditure (OOP) per capita in US$,numeric,EMR,Eastern Mediterranean,Country,YEM,Yemen,Year,2020,false,,,,,,,,,,,,,51.35,,,,,,51.35,,,EN,2025-12-04T23:00:00.000Z
GHED_OOP_pc_US_SHA2011,Out-of-pocket expenditure (OOP) per capita in US$,numeric,AMR,Americas,Country,BOL,Bolivia (Plurinational State of),Year,2020,false,,,,,,,,,,,,,51.97,,,,,,51.97,,,EN,2025-12-04T23:00:00.000Z
GHED_OOP_pc_US_SHA2011,Out-of-pocket expenditure (OOP) per capita in US$,numeric,EUR,Europe,Country,CYP,Cyprus,Year,2020,false,,,,,,,,,,,,,522.1,,,,,,522.07,,,EN,2025-12-04T23:00:00.000Z
GHED_OOP_pc_US_SHA2011,Out-of-pocket expenditure (OOP) per capita in US$,numeric,WPR,Western Pacific,Country,JPN,Japan,Year,2020,false,,,,,,,,,,,,,529.6,,,,,,529.57,,,EN,2025-12-04T23:00:00.000Z
GHED_OOP_pc_US_SHA2011,Out-of-pocket expenditure (OOP) per capita in US$,numeric,AMR,Americas,Country,BRB,Barbados,Year,2020,false,,,,,,,,,,,,,529.9,,,,,,529.90,,,EN,2025-12-04T23:00:00.000Z
GHED_OOP_pc_US_SHA2011,Out-of-pocket expenditure (OOP) per capita in US$,numeric,AMR,Americas,Country,NIC,Nicaragua,Year,2020,false,,,,,,,,,,,,,53.53,,,,,,53.53,,,EN,2025-12-04T23:00:00.000Z
GHED_OOP_pc_US_SHA2011,Out-of-pocket expenditure (OOP) per capita in US$,numeric,AMR,Americas,Country,PAN,Panama,Year,2020,false,,,,,,,,,,,,,537.9,,,,,,537.93,,,EN,2025-12-04T23:00:00.000Z
GHED_OOP_pc_US_SHA2011,Out-of-pocket expenditure (OOP) per capita in US$,numeric,EUR,Europe,Country,NLD,Netherlands (Kingdom of the),Year,2020,false,,,,,,,,,,,,,544.3,,,,,,544.34,,,EN,2025-12-04T23:00:00.000Z
GHED_OOP_pc_US_SHA2011,Out-of-pocket expenditure (OOP) per capita in US$,numeric,AFR,Africa,Country,COM,Comoros,Year,2020,false,,,,,,,,,,,,,55.51,,,,,,55.51,,,EN,2025-12-04T23:00:00.000Z
GHED_OOP_pc_US_SHA2011,Out-of-pocket expenditure (OOP) per capita in US$,numeric,WPR,Western Pacific,Country,NZL,New Zealand,Year,2020,false,,,,,,,,,,,,,551.8,,,,,,551.78,,,EN,2025-12-04T23:00:00.000Z
GHED_OOP_pc_US_SHA2011,Out-of-pocket expenditure (OOP) per capita in US$,numeric,EUR,Europe,Country,GRC,Greece,Year,2020,false,,,,,,,,,,,,,560.1,,,,,,560.13,,,EN,2025-12-04T23:00:00.000Z
GHED_OOP_pc_US_SHA2011,Out-of-pocket expenditure (OOP) per capita in US$,numeric,EUR,Europe,Country,LUX,Luxembourg,Year,2020,false,,,,,,,,,,,,,569.1,,,,,,569.15,,,EN,2025-12-04T23:00:00.000Z
GHED_OOP_pc_US_SHA2011,Out-of-pocket expenditure (OOP) per capita in US$,numeric,AMR,Americas,Country,BLZ,Belize,Year,2020,false,,,,,,,,,,,,,58.09,,,,,,58.09,,,EN,2025-12-04T23:00:00.000Z
GHED_OOP_pc_US_SHA2011,Out-of-pocket expenditure (OOP) per capita in US$,numeric,WPR,Western Pacific,Country,FJI,Fiji,Year,2020,false,,,,,,,,,,,,,58.5,,,,,,58.50,,,EN,2025-12-04T23:00:00.000Z
GHED_OOP_pc_US_SHA2011,Out-of-pocket expenditure (OOP) per capita in US$,numeric,SEAR,South-East Asia,Country,LKA,Sri Lanka,Year,2020,false,,,,,,,,,,,,,59.91,,,,,,59.91,,,EN,2025-12-04T23:00:00.000Z
GHED_OOP_pc_US_SHA2011,Out-of-pocket expenditure (OOP) per capita in US$,numeric,EMR,Eastern Mediterranean,Country,AFG,Afghanistan,Year,2020,false,,,,,,,,,,,,,59.92,,,,,,59.92,,,EN,2025-12-04T23:00:00.000Z
GHED_OOP_pc_US_SHA2011,Out-of-pocket expenditure (OOP) per capita in US$,numeric,EMR,Eastern Mediterranean,Country,SOM,Somalia,Year,2020,false,,,,,,,,,,,,,6.02,,,,,,6.02,,,EN,2025-12-04T23:00:00.000Z
GHED_OOP_pc_US_SHA2011,Out-of-pocket expenditure (OOP) per capita in US$,numeric,AFR,Africa,Country,CPV,Cabo Verde,Year,2020,false,,,,,,,,,,,,,60.24,,,,,,60.24,,,EN,2025-12-04T23:00:00.000Z
GHED_OOP_pc_US_SHA2011,Out-of-pocket expenditure (OOP) per capita in US$,numeric,EUR,Europe,Country,GBR,United Kingdom of Great Britain and Northern Ireland,Year,2020,false,,,,,,,,,,,,,603.9,,,,,,603.86,,,EN,2025-12-04T23:00:00.000Z
GHED_OOP_pc_US_SHA2011,Out-of-pocket expenditure (OOP) per capita in US$,numeric,EUR,Europe,Country,TUR,Türkiye,Year,2020,false,,,,,,,,,,,,,63.46,,,,,,63.46,,,EN,2025-12-04T23:00:00.000Z
GHED_OOP_pc_US_SHA2011,Out-of-pocket expenditure (OOP) per capita in US$,numeric,EUR,Europe,Country,UZB,Uzbekistan,Year,2020,false,,,,,,,,,,,,,63.89,,,,,,63.89,,,EN,2025-12-04T23:00:00.000Z
GHED_OOP_pc_US_SHA2011,Out-of-pocket expenditure (OOP) per capita in US$,numeric,EUR,Europe,Country,ESP,Spain,Year,2020,false,,,,,,,,,,,,,637.4,,,,,,637.40,,,EN,2025-12-04T23:00:00.000Z
GHED_OOP_pc_US_SHA2011,Out-of-pocket expenditure (OOP) per capita in US$,numeric,WPR,Western Pacific,Country,KHM,Cambodia,Year,2020,false,,,,,,,,,,,,,64.34,,,,,,64.34,,,EN,2025-12-04T23:00:00.000Z
GHED_OOP_pc_US_SHA2011,Out-of-pocket expenditure (OOP) per capita in US$,numeric,WPR,Western Pacific,Country,VNM,Viet Nam,Year,2020,false,,,,,,,,,,,,,64.92,,,,,,64.92,,,EN,2025-12-04T23:00:00.000Z
GHED_OOP_pc_US_SHA2011,Out-of-pocket expenditure (OOP) per capita in US$,numeric,EUR,Europe,Country,PRT,Portugal,Year,2020,false,,,,,,,,,,,,,652.4,,,,,,652.37,,,EN,2025-12-04T23:00:00.000Z
GHED_OOP_pc_US_SHA2011,Out-of-pocket expenditure (OOP) per capita in US$,numeric,EUR,Europe,Country,ITA,Italy,Year,2020,false,,,,,,,,,,,,,657.2,,,,,,657.17,,,EN,2025-12-04T23:00:00.000Z
GHED_OOP_pc_US_SHA2011,Out-of-pocket expenditure (OOP) per capita in US$,numeric,EUR,Europe,Country,DEU,Germany,Year,2020,false,,,,,,,,,,,,,669.7,,,,,,669.72,,,EN,2025-12-04T23:00:00.000Z
GHED_OOP_pc_US_SHA2011,Out-of-pocket expenditure (OOP) per capita in US$,numeric,AMR,Americas,Country,COL,Colombia,Year,2020,false,,,,,,,,,,,,,67.41,,,,,,67.41,,,EN,2025-12-04T23:00:00.000Z
GHED_OOP_pc_US_SHA2011,Out-of-pocket expenditure (OOP) per capita in US$,numeric,EMR,Eastern Mediterranean,Country,IRN,Iran (Islamic Republic of),Year,2020,false,,,,,,,,,,,,,69.17,,,,,,69.17,,,EN,2025-12-04T23:00:00.000Z
GHED_OOP_pc_US_SHA2011,Out-of-pocket expenditure (OOP) per capita in US$,numeric,EUR,Europe,Country,IRL,Ireland,Year,2020,false,,,,,,,,,,,,,694.5,,,,,,694.49,,,EN,2025-12-04T23:00:00.000Z
GHED_OOP_pc_US_SHA2011,Out-of-pocket expenditure (OOP) per capita in US$,numeric,AFR,Africa,Country,GMB,Gambia,Year,2020,false,,,,,,,,,,,,,7.19,,,,,,7.19,,,EN,2025-12-04T23:00:00.000Z
GHED_OOP_pc_US_SHA2011,Out-of-pocket expenditure (OOP) per capita in US$,numeric,SEAR,South-East Asia,Country,TLS,Timor-Leste,Year,2020,false,,,,,,,,,,,,,7.92,,,,,,7.92,,,EN,2025-12-04T23:00:00.000Z
GHED_OOP_pc_US_SHA2011,Out-of-pocket expenditure (OOP) per capita in US$,numeric,AMR,Americas,Country,SUR,Suriname,Year,2020,false,,,,,,,,,,,,,73.59,,,,,,73.59,,,EN,2025-12-04T23:00:00.000Z
GHED_OOP_pc_US_SHA2011,Out-of-pocket expenditure (OOP) per capita in US$,numeric,EUR,Europe,Country,ISR,Israel,Year,2020,false,,,,,,,,,,,,,738.7,,,,,,738.75,,,EN,2025-12-04T23:00:00.000Z
GHED_OOP_pc_US_SHA2011,Out-of-pocket expenditure (OOP) per capita in US$,numeric,WPR,Western Pacific,Country,PHL,Philippines,Year,2020,false,,,,,,,,,,,,,74.25,,,,,,74.25,,,EN,2025-12-04T23:00:00.000Z
GHED_OOP_pc_US_SHA2011,Out-of-pocket expenditure (OOP) per capita in US$,numeric,AMR,Americas,Country,CAN,Canada,Year,2020,false,,,,,,,,,,,,,770.7,,,,,,770.73,,,EN,2025-12-04T23:00:00.000Z
GHED_OOP_pc_US_SHA2011,Out-of-pocket expenditure (OOP) per capita in US$,numeric,EUR,Europe,Country,SWE,Sweden,Year,2020,false,,,,,,,,,,,,,779.2,,,,,,779.16,,,EN,2025-12-04T23:00:00.000Z
GHED_OOP_pc_US_SHA2011,Out-of-pocket expenditure (OOP) per capita in US$,numeric,EUR,Europe,Country,FIN,Finland,Year,2020,false,,,,,,,,,,,,,779.9,,,,,,779.88,,,EN,2025-12-04T23:00:00.000Z
GHED_OOP_pc_US_SHA2011,Out-of-pocket expenditure (OOP) per capita in US$,numeric,AFR,Africa,Country,COD,Democratic Republic of the Congo,Year,2020,false,,,,,,,,,,,,,8.17,,,,,,8.17,,,EN,2025-12-04T23:00:00.000Z
GHED_OOP_pc_US_SHA2011,Out-of-pocket expenditure (OOP) per capita in US$,numeric,WPR,Western Pacific,Country,MHL,Marshall Islands,Year,2020,false,,,,,,,,,,,,,8.96,,,,,,8.96,,,EN,2025-12-04T23:00:00.000Z
GHED_OOP_pc_US_SHA2011,Out-of-pocket expenditure (OOP) per capita in US$,numeric,AMR,Americas,Country,GUY,Guyana,Year,2020,false,,,,,,,,,,,,,82.08,,,,,,82.08,,,EN,2025-12-04T23:00:00.000Z
GHED_OOP_pc_US_SHA2011,Out-of-pocket expenditure (OOP) per capita in US$,numeric,WPR,Western Pacific,Country,MNG,Mongolia,Year,2020,false,,,,,,,,,,,,,82.51,,,,,,82.51,,,EN,2025-12-04T23:00:00.000Z
GHED_OOP_pc_US_SHA2011,Out-of-pocket expenditure (OOP) per capita in US$,numeric,EMR,Eastern Mediterranean,Country,MAR,Morocco,Year,2020,false,,,,,,,,,,,,,83.36,,,,,,83.36,,,EN,2025-12-04T23:00:00.000Z
GHED_OOP_pc_US_SHA2011,Out-of-pocket expenditure (OOP) per capita in US$,numeric,AFR,Africa,Country,DZA,Algeria,Year,2020,false,,,,,,,,,,,,,83.68,,,,,,83.68,,,EN,2025-12-04T23:00:00.000Z
GHED_OOP_pc_US_SHA2011,Out-of-pocket expenditure (OOP) per capita in US$,numeric,EMR,Eastern Mediterranean,Country,TUN,Tunisia,Year,2020,false,,,,,,,,,,,,,83.74,,,,,,83.74,,,EN,2025-12-04T23:00:00.000Z
GHED_OOP_pc_US_SHA2011,Out-of-pocket expenditure (OOP) per capita in US$,numeric,EUR,Europe,Country,ISL,Iceland,Year,2020,false,,,,,,,,,,,,,846.6,,,,,,846.56,,,EN,2025-12-04T23:00:00.000Z
GHED_OOP_pc_US_SHA2011,Out-of-pocket expenditure (OOP) per capita in US$,numeric,WPR,Western Pacific,Country,KOR,Republic of Korea,Year,2020,false,,,,,,,,,,,,,858.4,,,,,,858.39,,,EN,2025-12-04T23:00:00.000Z
GHED_OOP_pc_US_SHA2011,Out-of-pocket expenditure (OOP) per capita in US$,numeric,WPR,Western Pacific,Country,SGP,Singapore,Year,2020,false,,,,,,,,,,,,,862.6,,,,,,862.61,,,EN,2025-12-04T23:00:00.000Z
GHED_OOP_pc_US_SHA2011,Out-of-pocket expenditure (OOP) per capita in US$,numeric,AMR,Americas,Country,DOM,Dominican Republic,Year,2020,false,,,,,,,,,,,,,87.26,,,,,,87.26,,,EN,2025-12-04T23:00:00.000Z
GHED_OOP_pc_US_SHA2011,Out-of-pocket expenditure (OOP) per capita in US$,numeric,EMR,Eastern Mediterranean,Country,EGY,Egypt,Year,2020,false,,,,,,,,,,,,,87.99,,,,,,87.99,,,EN,2025-12-04T23:00:00.000Z
GHED_OOP_pc_US_SHA2011,Out-of-pocket expenditure (OOP) per capita in US$,numeric,EUR,Europe,Country,DNK,Denmark,Year,2020,false,,,,,,,,,,,,,872.3,,,,,,872.27,,,EN,2025-12-04T23:00:00.000Z
GHED_OOP_pc_US_SHA2011,Out-of-pocket expenditure (OOP) per capita in US$,numeric,AMR,Americas,Country,JAM,Jamaica,Year,2020,false,,,,,,,,,,,,,89.14,,,,,,89.14,,,EN,2025-12-04T23:00:00.000Z
GHED_OOP_pc_US_SHA2011,Out-of-pocket expenditure (OOP) per capita in US$,numeric,AMR,Americas,Country,PER,Peru,Year,2020,false,,,,,,,,,,,,,89.8,,,,,,89.80,,,EN,2025-12-04T23:00:00.000Z
GHED_OOP_pc_US_SHA2011,Out-of-pocket expenditure (OOP) per capita in US$,numeric,AFR,Africa,Country,TZA,United Republic of Tanzania,Year,2020,false,,,,,,,,,,,,,9.2,,,,,,9.20,,,EN,2025-12-04T23:00:00.000Z
GHED_OOP_pc_US_SHA2011,Out-of-pocket expenditure (OOP) per capita in US$,numeric,AFR,Africa,Country,ETH,Ethiopia,Year,2020,false,,,,,,,,,,,,,9.35,,,,,,9.35,,,EN,2025-12-04T23:00:00.000Z
GHED_OOP_pc_US_SHA2011,Out-of-pocket expenditure (OOP) per capita in US$,numeric,WPR,Western Pacific,Country,NRU,Nauru,Year,2020,false,,,,,,,,,,,,,9.88,,,,,,9.88,,,EN,2025-12-04T23:00:00.000Z
GHED_OOP_pc_US_SHA2011,Out-of-pocket expenditure (OOP) per capita in US$,numeric,WPR,Western Pacific,Country,AUS,Australia,Year,2020,false,,,,,,,,,,,,,909.2,,,,,,909.22,,,EN,2025-12-04T23:00:00.000Z
GHED_OOP_pc_US_SHA2011,Out-of-pocket expenditure (OOP) per capita in US$,numeric,EUR,Europe,Country,KAZ,Kazakhstan,Year,2020,false,,,,,,,,,,,,,91.44,,,,,,91.44,,,EN,2025-12-04T23:00:00.000Z
GHED_OOP_pc_US_SHA2011,Out-of-pocket expenditure (OOP) per capita in US$,numeric,EMR,Eastern Mediterranean,Country,LBN,Lebanon,Year,2020,false,,,,,,,,,,,,,91.99,,,,,,91.99,,,EN,2025-12-04T23:00:00.000Z
GHED_OOP_pc_US_SHA2011,Out-of-pocket expenditure (OOP) per capita in US$,numeric,EUR,Europe,Country,MDA,Republic of Moldova,Year,2020,false,,,,,,,,,,,,,94.48,,,,,,94.48,,,EN,2025-12-04T23:00:00.000Z
GHED_OOP_pc_US_SHA2011,Out-of-pocket expenditure (OOP) per capita in US$,numeric,EUR,Europe,Country,MLT,Malta,Year,2020,false,,,,,,,,,,,,,951.8,,,,,,951.77,,,EN,2025-12-04T23:00:00.000Z
GHED_OOP_pc_US_SHA2011,Out-of-pocket expenditure (OOP) per capita in US$,numeric,EUR,Europe,Country,AUT,Austria,Year,2020,false,,,,,,,,,,,,,956.6,,,,,,956.56,,,EN,2025-12-04T23:00:00.000Z
GHED_OOP_pc_US_SHA2011,Out-of-pocket expenditure (OOP) per capita in US$,numeric,AMR,Americas,Country,SLV,El Salvador,Year,2020,false,,,,,,,,,,,,,98.11,,,,,,98.11,,,EN,2025-12-04T23:00:00.000Z
GHED_OOP_pc_US_SHA2011,Out-of-pocket expenditure (OOP) per capita in US$,numeric,EMR,Eastern Mediterranean,Country,LBY,Libya,Year,2020,false,,,,,,,,,,,,,99.92,,,,,,99.92,,,EN,2025-12-04T23:00:00.000Z
GHED_OOP_pc_US_SHA2011,Out-of-pocket expenditure (OOP) per capita in US$,numeric,WPR,Western Pacific,Country,KIR,Kiribati,Year,2019,false,,,,,,,,,,,,,1.12,,,,,,1.12,,,EN,2025-12-04T23:00:00.000Z
GHED_OOP_pc_US_SHA2011,Out-of-pocket expenditure (OOP) per capita in US$,numeric,EUR,Europe,Country,MLT,Malta,Year,2019,false,,,,,,,,,,,,,1006,,,,,,1005.92,,,EN,2025-12-04T23:00:00.000Z
GHED_OOP_pc_US_SHA2011,Out-of-pocket expenditure (OOP) per capita in US$,numeric,EUR,Europe,Country,MDA,Republic of Moldova,Year,2019,false,,,,,,,,,,,,,101.4,,,,,,101.36,,,EN,2025-12-04T23:00:00.000Z
GHED_OOP_pc_US_SHA2011,Out-of-pocket expenditure (OOP) per capita in US$,numeric,EUR,Europe,Country,BLR,Belarus,Year,2019,false,,,,,,,,,,,,,102.8,,,,,,102.79,,,EN,2025-12-04T23:00:00.000Z
GHED_OOP_pc_US_SHA2011,Out-of-pocket expenditure (OOP) per capita in US$,numeric,AMR,Americas,Country,PER,Peru,Year,2019,false,,,,,,,,,,,,,104.3,,,,,,104.32,,,EN,2025-12-04T23:00:00.000Z
GHED_OOP_pc_US_SHA2011,Out-of-pocket expenditure (OOP) per capita in US$,numeric,AMR,Americas,Country,VCT,Saint Vincent and the Grenadines,Year,2019,false,,,,,,,,,,,,,104.5,,,,,,104.51,,,EN,2025-12-04T23:00:00.000Z
GHED_OOP_pc_US_SHA2011,Out-of-pocket expenditure (OOP) per capita in US$,numeric,EUR,Europe,Country,BEL,Belgium,Year,2019,false,,,,,,,,,,,,,1048,,,,,,1048.00,,,EN,2025-12-04T23:00:00.000Z
GHED_OOP_pc_US_SHA2011,Out-of-pocket expenditure (OOP) per capita in US$,numeric,AMR,Americas,Country,JAM,Jamaica,Year,2019,false,,,,,,,,,,,,,105.1,,,,,,105.09,,,EN,2025-12-04T23:00:00.000Z
GHED_OOP_pc_US_SHA2011,Out-of-pocket expenditure (OOP) per capita in US$,numeric,EMR,Eastern Mediterranean,Country,JOR,Jordan,Year,2019,false,,,,,,,,,,,,,106.2,,,,,,106.17,,,EN,2025-12-04T23:00:00.000Z
GHED_OOP_pc_US_SHA2011,Out-of-pocket expenditure (OOP) per capita in US$,numeric,WPR,Western Pacific,Country,FSM,Micronesia (Federated States of),Year,2019,false,,,,,,,,,,,,,11.46,,,,,,11.46,,,EN,2025-12-04T23:00:00.000Z
GHED_OOP_pc_US_SHA2011,Out-of-pocket expenditure (OOP) per capita in US$,numeric,WPR,Western Pacific,Country,NIU,Niue,Year,2019,false,,,,,,,,,,,,,11.97,,,,,,11.97,,,EN,2025-12-04T23:00:00.000Z
GHED_OOP_pc_US_SHA2011,Out-of-pocket expenditure (OOP) per capita in US$,numeric,AMR,Americas,Country,GUY,Guyana,Year,2019,false,,,,,,,,,,,,,110,,,,,,110.01,,,EN,2025-12-04T23:00:00.000Z
GHED_OOP_pc_US_SHA2011,Out-of-pocket expenditure (OOP) per capita in US$,numeric,AMR,Americas,Country,CUB,Cuba,Year,2019,false,,,,,,,,,,,,,111,,,,,,111.04,,,EN,2025-12-04T23:00:00.000Z
GHED_OOP_pc_US_SHA2011,Out-of-pocket expenditure (OOP) per capita in US$,numeric,EUR,Europe,Country,NOR,Norway,Year,2019,false,,,,,,,,,,,,,1115,,,,,,1114.52,,,EN,2025-12-04T23:00:00.000Z
GHED_OOP_pc_US_SHA2011,Out-of-pocket expenditure (OOP) per capita in US$,numeric,AMR,Americas,Country,USA,United States of America,Year,2019,false,,,,,,,,,,,,,1193,,,,,,1193.10,,,EN,2025-12-04T23:00:00.000Z
GHED_OOP_pc_US_SHA2011,Out-of-pocket expenditure (OOP) per capita in US$,numeric,AFR,Africa,Country,UGA,Uganda,Year,2019,false,,,,,,,,,,,,,12.77,,,,,,12.77,,,EN,2025-12-04T23:00:00.000Z
GHED_OOP_pc_US_SHA2011,Out-of-pocket expenditure (OOP) per capita in US$,numeric,EMR,Eastern Mediterranean,Country,IRQ,Iraq,Year,2019,false,,,,,,,,,,,,,121.1,,,,,,121.10,,,EN,2025-12-04T23:00:00.000Z
GHED_OOP_pc_US_SHA2011,Out-of-pocket expenditure (OOP) per capita in US$,numeric,EUR,Europe,Country,HRV,Croatia,Year,2019,false,,,,,,,,,,,,,121.9,,,,,,121.93,,,EN,2025-12-04T23:00:00.000Z
GHED_OOP_pc_US_SHA2011,Out-of-pocket expenditure (OOP) per capita in US$,numeric,EMR,Eastern Mediterranean,Country,PSE,"occupied Palestinian territory, including east Jerusalem",Year,2019,false,,,,,,,,,,,,,122.8,,,,,,122.84,,,EN,2025-12-04T23:00:00.000Z
GHED_OOP_pc_US_SHA2011,Out-of-pocket expenditure (OOP) per capita in US$,numeric,EUR,Europe,Country,UKR,Ukraine,Year,2019,false,,,,,,,,,,,,,124.1,,,,,,124.12,,,EN,2025-12-04T23:00:00.000Z
GHED_OOP_pc_US_SHA2011,Out-of-pocket expenditure (OOP) per capita in US$,numeric,EMR,Eastern Mediterranean,Country,QAT,Qatar,Year,2019,false,,,,,,,,,,,,,128.3,,,,,,128.29,,,EN,2025-12-04T23:00:00.000Z
GHED_OOP_pc_US_SHA2011,Out-of-pocket expenditure (OOP) per capita in US$,numeric,AFR,Africa,Country,ERI,Eritrea,Year,2019,false,,,,,,,,,,,,,13.2,,,,,,13.20,,,EN,2025-12-04T23:00:00.000Z
GHED_OOP_pc_US_SHA2011,Out-of-pocket expenditure (OOP) per capita in US$,numeric,EUR,Europe,Country,ROU,Romania,Year,2019,false,,,,,,,,,,,,,139.4,,,,,,139.42,,,EN,2025-12-04T23:00:00.000Z
GHED_OOP_pc_US_SHA2011,Out-of-pocket expenditure (OOP) per capita in US$,numeric,AFR,Africa,Country,BFA,Burkina Faso,Year,2019,false,,,,,,,,,,,,,14.24,,,,,,14.24,,,EN,2025-12-04T23:00:00.000Z
GHED_OOP_pc_US_SHA2011,Out-of-pocket expenditure (OOP) per capita in US$,numeric,AFR,Africa,Country,NER,Niger,Year,2019,false,,,,,,,,,,,,,14.7,,,,,,14.70,,,EN,2025-12-04T23:00:00.000Z
GHED_OOP_pc_US_SHA2011,Out-of-pocket expenditure (OOP) per capita in US$,numeric,AFR,Africa,Country,SSD,South Sudan,Year,2019,false,,,,,,,,,,,,,14.84,,,,,,14.84,,,EN,2025-12-04T23:00:00.000Z
GHED_OOP_pc_US_SHA2011,Out-of-pocket expenditure (OOP) per capita in US$,numeric,AMR,Americas,Country,ECU,Ecuador,Year,2019,false,,,,,,,,,,,,,140.9,,,,,,140.88,,,EN,2025-12-04T23:00:00.000Z
GHED_OOP_pc_US_SHA2011,Out-of-pocket expenditure (OOP) per capita in US$,numeric,EUR,Europe,Country,AZE,Azerbaijan,Year,2019,false,,,,,,,,,,,,,142.2,,,,,,142.15,,,EN,2025-12-04T23:00:00.000Z
GHED_OOP_pc_US_SHA2011,Out-of-pocket expenditure (OOP) per capita in US$,numeric,AMR,Americas,Country,SLV,El Salvador,Year,2019,false,,,,,,,,,,,,,143.4,,,,,,143.35,,,EN,2025-12-04T23:00:00.000Z
GHED_OOP_pc_US_SHA2011,Out-of-pocket expenditure (OOP) per capita in US$,numeric,WPR,Western Pacific,Country,MYS,Malaysia,Year,2019,false,,,,,,,,,,,,,151.2,,,,,,151.22,,,EN,2025-12-04T23:00:00.000Z
GHED_OOP_pc_US_SHA2011,Out-of-pocket expenditure (OOP) per capita in US$,numeric,SEAR,South-East Asia,Country,MDV,Maldives,Year,2019,false,,,,,,,,,,,,,153.8,,,,,,153.82,,,EN,2025-12-04T23:00:00.000Z
GHED_OOP_pc_US_SHA2011,Out-of-pocket expenditure (OOP) per capita in US$,numeric,EMR,Eastern Mediterranean,Country,LBY,Libya,Year,2019,false,,,,,,,,,,,,,154.9,,,,,,154.86,,,EN,2025-12-04T23:00:00.000Z
GHED_OOP_pc_US_SHA2011,Out-of-pocket expenditure (OOP) per capita in US$,numeric,AMR,Americas,Country,GTM,Guatemala,Year,2019,false,,,,,,,,,,,,,156,,,,,,155.98,,,EN,2025-12-04T23:00:00.000Z
GHED_OOP_pc_US_SHA2011,Out-of-pocket expenditure (OOP) per capita in US$,numeric,AMR,Americas,Country,DMA,Dominica,Year,2019,false,,,,,,,,,,,,,157.7,,,,,,157.66,,,EN,2025-12-04T23:00:00.000Z
GHED_OOP_pc_US_SHA2011,Out-of-pocket expenditure (OOP) per capita in US$,numeric,WPR,Western Pacific,Country,TON,Tonga,Year,2019,false,,,,,,,,,,,,,16.66,,,,,,16.66,,,EN,2025-12-04T23:00:00.000Z
GHED_OOP_pc_US_SHA2011,Out-of-pocket expenditure (OOP) per capita in US$,numeric,EUR,Europe,Country,BIH,Bosnia and Herzegovina,Year,2019,false,,,,,,,,,,,,,160.4,,,,,,160.40,,,EN,2025-12-04T23:00:00.000Z
GHED_OOP_pc_US_SHA2011,Out-of-pocket expenditure (OOP) per capita in US$,numeric,AFR,Africa,Country,GNQ,Equatorial Guinea,Year,2019,false,,,,,,,,,,,,,164.6,,,,,,164.62,,,EN,2025-12-04T23:00:00.000Z
GHED_OOP_pc_US_SHA2011,Out-of-pocket expenditure (OOP) per capita in US$,numeric,AFR,Africa,Country,LSO,Lesotho,Year,2019,false,,,,,,,,,,,,,17.21,,,,,,17.21,,,EN,2025-12-04T23:00:00.000Z
GHED_OOP_pc_US_SHA2011,Out-of-pocket expenditure (OOP) per capita in US$,numeric,EMR,Eastern Mediterranean,Country,SAU,Saudi Arabia,Year,2019,false,,,,,,,,,,,,,171.6,,,,,,171.58,,,EN,2025-12-04T23:00:00.000Z
GHED_OOP_pc_US_SHA2011,Out-of-pocket expenditure (OOP) per capita in US$,numeric,AMR,Americas,Country,PRY,Paraguay,Year,2019,false,,,,,,,,,,,,,174.9,,,,,,174.94,,,EN,2025-12-04T23:00:00.000Z
GHED_OOP_pc_US_SHA2011,Out-of-pocket expenditure (OOP) per capita in US$,numeric,EMR,Eastern Mediterranean,Country,KWT,Kuwait,Year,2019,false,,,,,,,,,,,,,176.2,,,,,,176.16,,,EN,2025-12-04T23:00:00.000Z
GHED_OOP_pc_US_SHA2011,Out-of-pocket expenditure (OOP) per capita in US$,numeric,AFR,Africa,Country,SYC,Seychelles,Year,2019,false,,,,,,,,,,,,,177.5,,,,,,177.48,,,EN,2025-12-04T23:00:00.000Z
GHED_OOP_pc_US_SHA2011,Out-of-pocket expenditure (OOP) per capita in US$,numeric,AFR,Africa,Country,STP,Sao Tome and Principe,Year,2019,false,,,,,,,,,,,,,18.16,,,,,,18.16,,,EN,2025-12-04T23:00:00.000Z
GHED_OOP_pc_US_SHA2011,Out-of-pocket expenditure (OOP) per capita in US$,numeric,AFR,Africa,Country,BEN,Benin,Year,2019,false,,,,,,,,,,,,,18.57,,,,,,18.57,,,EN,2025-12-04T23:00:00.000Z
GHED_OOP_pc_US_SHA2011,Out-of-pocket expenditure (OOP) per capita in US$,numeric,EUR,Europe,Country,MKD,North Macedonia,Year,2019,false,,,,,,,,,,,,,183.5,,,,,,183.51,,,EN,2025-12-04T23:00:00.000Z
GHED_OOP_pc_US_SHA2011,Out-of-pocket expenditure (OOP) per capita in US$,numeric,WPR,Western Pacific,Country,CHN,China,Year,2019,false,,,,,,,,,,,,,189.9,,,,,,189.89,,,EN,2025-12-04T23:00:00.000Z
GHED_OOP_pc_US_SHA2011,Out-of-pocket expenditure (OOP) per capita in US$,numeric,WPR,Western Pacific,Country,COK,Cook Islands,Year,2019,false,,,,,,,,,,,,,19.16,,,,,,19.16,,,EN,2025-12-04T23:00:00.000Z
GHED_OOP_pc_US_SHA2011,Out-of-pocket expenditure (OOP) per capita in US$,numeric,AFR,Africa,Country,TCD,Chad,Year,2019,false,,,,,,,,,,,,,19.26,,,,,,19.26,,,EN,2025-12-04T23:00:00.000Z
GHED_OOP_pc_US_SHA2011,Out-of-pocket expenditure (OOP) per capita in US$,numeric,AMR,Americas,Country,HTI,Haiti,Year,2019,false,,,,,,,,,,,,,19.26,,,,,,19.26,,,EN,2025-12-04T23:00:00.000Z
GHED_OOP_pc_US_SHA2011,Out-of-pocket expenditure (OOP) per capita in US$,numeric,EMR,Eastern Mediterranean,Country,DJI,Djibouti,Year,2019,false,,,,,,,,,,,,,19.28,,,,,,19.28,,,EN,2025-12-04T23:00:00.000Z
GHED_OOP_pc_US_SHA2011,Out-of-pocket expenditure (OOP) per capita in US$,numeric,AFR,Africa,Country,BWA,Botswana,Year,2019,false,,,,,,,,,,,,,19.7,,,,,,19.70,,,EN,2025-12-04T23:00:00.000Z
GHED_OOP_pc_US_SHA2011,Out-of-pocket expenditure (OOP) per capita in US$,numeric,EUR,Europe,Country,GEO,Georgia,Year,2019,false,,,,,,,,,,,,,193.7,,,,,,193.72,,,EN,2025-12-04T23:00:00.000Z
GHED_OOP_pc_US_SHA2011,Out-of-pocket expenditure (OOP) per capita in US$,numeric,AMR,Americas,Country,ATG,Antigua and Barbuda,Year,2019,false,,,,,,,,,,,,,196.1,,,,,,196.10,,,EN,2025-12-04T23:00:00.000Z
GHED_OOP_pc_US_SHA2011,Out-of-pocket expenditure (OOP) per capita in US$,numeric,EMR,Eastern Mediterranean,Country,PAK,Pakistan,Year,2019,false,,,,,,,,,,,,,20.2,,,,,,20.20,,,EN,2025-12-04T23:00:00.000Z
GHED_OOP_pc_US_SHA2011,Out-of-pocket expenditure (OOP) per capita in US$,numeric,SEAR,South-East Asia,Country,BTN,Bhutan,Year,2019,false,,,,,,,,,,,,,20.59,,,,,,20.59,,,EN,2025-12-04T23:00:00.000Z
GHED_OOP_pc_US_SHA2011,Out-of-pocket expenditure (OOP) per capita in US$,numeric,AFR,Africa,Country,GHA,Ghana,Year,2019,false,,,,,,,,,,,,,20.62,,,,,,20.62,,,EN,2025-12-04T23:00:00.000Z
GHED_OOP_pc_US_SHA2011,Out-of-pocket expenditure (OOP) per capita in US$,numeric,AFR,Africa,Country,KEN,Kenya,Year,2019,false,,,,,,,,,,,,,20.81,,,,,,20.81,,,EN,2025-12-04T23:00:00.000Z
GHED_OOP_pc_US_SHA2011,Out-of-pocket expenditure (OOP) per capita in US$,numeric,EUR,Europe,Country,POL,Poland,Year,2019,false,,,,,,,,,,,,,203.7,,,,,,203.73,,,EN,2025-12-04T23:00:00.000Z
GHED_OOP_pc_US_SHA2011,Out-of-pocket expenditure (OOP) per capita in US$,numeric,EUR,Europe,Country,ALB,Albania,Year,2019,false,,,,,,,,,,,,,206.7,,,,,,206.66,,,EN,2025-12-04T23:00:00.000Z
GHED_OOP_pc_US_SHA2011,Out-of-pocket expenditure (OOP) per capita in US$,numeric,AMR,Americas,Country,CRI,Costa Rica,Year,2019,false,,,,,,,,,,,,,207.7,,,,,,207.72,,,EN,2025-12-04T23:00:00.000Z
GHED_OOP_pc_US_SHA2011,Out-of-pocket expenditure (OOP) per capita in US$,numeric,EUR,Europe,Country,LIE,Liechtenstein,Year,2019,false,,,,,,,,,,,,,2092,,,,,,2091.92,,,EN,2025-12-04T23:00:00.000Z
GHED_OOP_pc_US_SHA2011,Out-of-pocket expenditure (OOP) per capita in US$,numeric,AFR,Africa,Country,AGO,Angola,Year,2019,false,,,,,,,,,,,,,21.36,,,,,,21.36,,,EN,2025-12-04T23:00:00.000Z
GHED_OOP_pc_US_SHA2011,Out-of-pocket expenditure (OOP) per capita in US$,numeric,EMR,Eastern Mediterranean,Country,SDN,Sudan,Year,2019,false,,,,,,,,,,,,,21.46,,,,,,21.46,,,EN,2025-12-04T23:00:00.000Z
GHED_OOP_pc_US_SHA2011,Out-of-pocket expenditure (OOP) per capita in US$,numeric,AFR,Africa,Country,CAF,Central African Republic,Year,2019,false,,,,,,,,,,,,,21.66,,,,,,21.66,,,EN,2025-12-04T23:00:00.000Z
GHED_OOP_pc_US_SHA2011,Out-of-pocket expenditure (OOP) per capita in US$,numeric,EUR,Europe,Country,CHE,Switzerland,Year,2019,false,,,,,,,,,,,,,2104,,,,,,2104.20,,,EN,2025-12-04T23:00:00.000Z
GHED_OOP_pc_US_SHA2011,Out-of-pocket expenditure (OOP) per capita in US$,numeric,AMR,Americas,Country,LCA,Saint Lucia,Year,2019,false,,,,,,,,,,,,,211.7,,,,,,211.66,,,EN,2025-12-04T23:00:00.000Z
GHED_OOP_pc_US_SHA2011,Out-of-pocket expenditure (OOP) per capita in US$,numeric,AMR,Americas,Country,BRA,Brazil,Year,2019,false,,,,,,,,,,,,,216,,,,,,216.00,,,EN,2025-12-04T23:00:00.000Z
GHED_OOP_pc_US_SHA2011,Out-of-pocket expenditure (OOP) per capita in US$,numeric,EMR,Eastern Mediterranean,Country,SYR,Syrian Arab Republic,Year,2019,false,,,,,,,,,,,,,23.01,,,,,,23.01,,,EN,2025-12-04T23:00:00.000Z
GHED_OOP_pc_US_SHA2011,Out-of-pocket expenditure (OOP) per capita in US$,numeric,AMR,Americas,Country,MEX,Mexico,Year,2019,false,,,,,,,,,,,,,232.4,,,,,,232.44,,,EN,2025-12-04T23:00:00.000Z
GHED_OOP_pc_US_SHA2011,Out-of-pocket expenditure (OOP) per capita in US$,numeric,AMR,Americas,Country,ARG,Argentina,Year,2019,false,,,,,,,,,,,,,234.5,,,,,,234.49,,,EN,2025-12-04T23:00:00.000Z
GHED_OOP_pc_US_SHA2011,Out-of-pocket expenditure (OOP) per capita in US$,numeric,EUR,Europe,Country,SRB,Serbia,Year,2019,false,,,,,,,,,,,,,237.4,,,,,,237.41,,,EN,2025-12-04T23:00:00.000Z
GHED_OOP_pc_US_SHA2011,Out-of-pocket expenditure (OOP) per capita in US$,numeric,EUR,Europe,Country,RUS,Russian Federation,Year,2019,false,,,,,,,,,,,,,237.9,,,,,,237.90,,,EN,2025-12-04T23:00:00.000Z
GHED_OOP_pc_US_SHA2011,Out-of-pocket expenditure (OOP) per capita in US$,numeric,AFR,Africa,Country,COG,Congo,Year,2019,false,,,,,,,,,,,,,24.64,,,,,,24.64,,,EN,2025-12-04T23:00:00.000Z
GHED_OOP_pc_US_SHA2011,Out-of-pocket expenditure (OOP) per capita in US$,numeric,AFR,Africa,Country,GIN,Guinea,Year,2019,false,,,,,,,,,,,,,24.97,,,,,,24.97,,,EN,2025-12-04T23:00:00.000Z
GHED_OOP_pc_US_SHA2011,Out-of-pocket expenditure (OOP) per capita in US$,numeric,EMR,Eastern Mediterranean,Country,ARE,United Arab Emirates,Year,2019,false,,,,,,,,,,,,,240,,,,,,240.04,,,EN,2025-12-04T23:00:00.000Z
GHED_OOP_pc_US_SHA2011,Out-of-pocket expenditure (OOP) per capita in US$,numeric,EMR,Eastern Mediterranean,Country,LBN,Lebanon,Year,2019,false,,,,,,,,,,,,,245.1,,,,,,245.12,,,EN,2025-12-04T23:00:00.000Z
GHED_OOP_pc_US_SHA2011,Out-of-pocket expenditure (OOP) per capita in US$,numeric,SEAR,South-East Asia,Country,THA,Thailand,Year,2019,false,,,,,,,,,,,,,25,,,,,,25.00,,,EN,2025-12-04T23:00:00.000Z
GHED_OOP_pc_US_SHA2011,Out-of-pocket expenditure (OOP) per capita in US$,numeric,AFR,Africa,Country,CIV,Cote d'Ivoire,Year,2019,false,,,,,,,,,,,,,25.45,,,,,,25.45,,,EN,2025-12-04T23:00:00.000Z
GHED_OOP_pc_US_SHA2011,Out-of-pocket expenditure (OOP) per capita in US$,numeric,AFR,Africa,Country,SLE,Sierra Leone,Year,2019,false,,,,,,,,,,,,,25.46,,,,,,25.46,,,EN,2025-12-04T23:00:00.000Z
GHED_OOP_pc_US_SHA2011,Out-of-pocket expenditure (OOP) per capita in US$,numeric,EUR,Europe,Country,SVK,Slovakia,Year,2019,false,,,,,,,,,,,,,257.1,,,,,,257.13,,,EN,2025-12-04T23:00:00.000Z
GHED_OOP_pc_US_SHA2011,Out-of-pocket expenditure (OOP) per capita in US$,numeric,EUR,Europe,Country,CZE,Czechia,Year,2019,false,,,,,,,,,,,,,258.3,,,,,,258.34,,,EN,2025-12-04T23:00:00.000Z
GHED_OOP_pc_US_SHA2011,Out-of-pocket expenditure (OOP) per capita in US$,numeric,EUR,Europe,Country,SVN,Slovenia,Year,2019,false,,,,,,,,,,,,,258.8,,,,,,258.77,,,EN,2025-12-04T23:00:00.000Z
GHED_OOP_pc_US_SHA2011,Out-of-pocket expenditure (OOP) per capita in US$,numeric,AMR,Americas,Country,URY,Uruguay,Year,2019,false,,,,,,,,,,,,,261.7,,,,,,261.69,,,EN,2025-12-04T23:00:00.000Z
GHED_OOP_pc_US_SHA2011,Out-of-pocket expenditure (OOP) per capita in US$,numeric,WPR,Western Pacific,Country,WSM,Samoa,Year,2019,false,,,,,,,,,,,,,27.1,,,,,,27.10,,,EN,2025-12-04T23:00:00.000Z
GHED_OOP_pc_US_SHA2011,Out-of-pocket expenditure (OOP) per capita in US$,numeric,AFR,Africa,Country,LBR,Liberia,Year,2019,false,,,,,,,,,,,,,27.99,,,,,,27.99,,,EN,2025-12-04T23:00:00.000Z
GHED_OOP_pc_US_SHA2011,Out-of-pocket expenditure (OOP) per capita in US$,numeric,EUR,Europe,Country,BGR,Bulgaria,Year,2019,false,,,,,,,,,,,,,277.1,,,,,,277.07,,,EN,2025-12-04T23:00:00.000Z
GHED_OOP_pc_US_SHA2011,Out-of-pocket expenditure (OOP) per capita in US$,numeric,WPR,Western Pacific,Country,LAO,Lao People's Democratic Republic,Year,2019,false,,,,,,,,,,,,,28.27,,,,,,28.27,,,EN,2025-12-04T23:00:00.000Z
GHED_OOP_pc_US_SHA2011,Out-of-pocket expenditure (OOP) per capita in US$,numeric,EUR,Europe,Country,KGZ,Kyrgyzstan,Year,2019,false,,,,,,,,,,,,,28.35,,,,,,28.35,,,EN,2025-12-04T23:00:00.000Z
GHED_OOP_pc_US_SHA2011,Out-of-pocket expenditure (OOP) per capita in US$,numeric,AMR,Americas,Country,GRD,Grenada,Year,2019,false,,,,,,,,,,,,,280.8,,,,,,280.78,,,EN,2025-12-04T23:00:00.000Z
GHED_OOP_pc_US_SHA2011,Out-of-pocket expenditure (OOP) per capita in US$,numeric,WPR,Western Pacific,Country,PLW,Palau,Year,2019,false,,,,,,,,,,,,,286.1,,,,,,286.08,,,EN,2025-12-04T23:00:00.000Z
GHED_OOP_pc_US_SHA2011,Out-of-pocket expenditure (OOP) per capita in US$,numeric,AFR,Africa,Country,SWZ,Eswatini,Year,2019,false,,,,,,,,,,,,,29.5,,,,,,29.50,,,EN,2025-12-04T23:00:00.000Z
GHED_OOP_pc_US_SHA2011,Out-of-pocket expenditure (OOP) per capita in US$,numeric,EUR,Europe,Country,MNE,Montenegro,Year,2019,false,,,,,,,,,,,,,291,,,,,,291.01,,,EN,2025-12-04T23:00:00.000Z
GHED_OOP_pc_US_SHA2011,Out-of-pocket expenditure (OOP) per capita in US$,numeric,EUR,Europe,Country,HUN,Hungary,Year,2019,false,,,,,,,,,,,,,295.1,,,,,,295.14,,,EN,2025-12-04T23:00:00.000Z
GHED_OOP_pc_US_SHA2011,Out-of-pocket expenditure (OOP) per capita in US$,numeric,WPR,Western Pacific,Country,SLB,Solomon Islands,Year,2019,false,,,,,,,,,,,,,3.54,,,,,,3.54,,,EN,2025-12-04T23:00:00.000Z
GHED_OOP_pc_US_SHA2011,Out-of-pocket expenditure (OOP) per capita in US$,numeric,AFR,Africa,Country,MOZ,Mozambique,Year,2019,false,,,,,,,,,,,,,3.98,,,,,,3.98,,,EN,2025-12-04T23:00:00.000Z
GHED_OOP_pc_US_SHA2011,Out-of-pocket expenditure (OOP) per capita in US$,numeric,AFR,Africa,Country,ZAF,South Africa,Year,2019,false,,,,,,,,,,,,,30.93,,,,,,30.93,,,EN,2025-12-04T23:00:00.000Z
GHED_OOP_pc_US_SHA2011,Out-of-pocket expenditure (OOP) per capita in US$,numeric,AFR,Africa,Country,MUS,Mauritius,Year,2019,false,,,,,,,,,,,,,301.2,,,,,,301.22,,,EN,2025-12-04T23:00:00.000Z
GHED_OOP_pc_US_SHA2011,Out-of-pocket expenditure (OOP) per capita in US$,numeric,EMR,Eastern Mediterranean,Country,BHR,Bahrain,Year,2019,false,,,,,,,,,,,,,308.9,,,,,,308.87,,,EN,2025-12-04T23:00:00.000Z
GHED_OOP_pc_US_SHA2011,Out-of-pocket expenditure (OOP) per capita in US$,numeric,SEAR,South-East Asia,Country,NPL,Nepal,Year,2019,false,,,,,,,,,,,,,31.05,,,,,,31.05,,,EN,2025-12-04T23:00:00.000Z
GHED_OOP_pc_US_SHA2011,Out-of-pocket expenditure (OOP) per capita in US$,numeric,AFR,Africa,Country,SEN,Senegal,Year,2019,false,,,,,,,,,,,,,31.36,,,,,,31.36,,,EN,2025-12-04T23:00:00.000Z
GHED_OOP_pc_US_SHA2011,Out-of-pocket expenditure (OOP) per capita in US$,numeric,AFR,Africa,Country,NAM,Namibia,Year,2019,false,,,,,,,,,,,,,31.55,,,,,,31.55,,,EN,2025-12-04T23:00:00.000Z
GHED_OOP_pc_US_SHA2011,Out-of-pocket expenditure (OOP) per capita in US$,numeric,SEAR,South-East Asia,Country,IND,India,Year,2019,false,,,,,,,,,,,,,31.56,,,,,,31.56,,,EN,2025-12-04T23:00:00.000Z
GHED_OOP_pc_US_SHA2011,Out-of-pocket expenditure (OOP) per capita in US$,numeric,AFR,Africa,Country,TGO,Togo,Year,2019,false,,,,,,,,,,,,,32.35,,,,,,32.35,,,EN,2025-12-04T23:00:00.000Z
GHED_OOP_pc_US_SHA2011,Out-of-pocket expenditure (OOP) per capita in US$,numeric,AFR,Africa,Country,MRT,Mauritania,Year,2019,false,,,,,,,,,,,,,32.94,,,,,,32.94,,,EN,2025-12-04T23:00:00.000Z
GHED_OOP_pc_US_SHA2011,Out-of-pocket expenditure (OOP) per capita in US$,numeric,EUR,Europe,Country,TKM,Turkmenistan,Year,2019,false,,,,,,,,,,,,,331.7,,,,,,331.67,,,EN,2025-12-04T23:00:00.000Z
GHED_OOP_pc_US_SHA2011,Out-of-pocket expenditure (OOP) per capita in US$,numeric,SEAR,South-East Asia,Country,BGD,Bangladesh,Year,2019,false,,,,,,,,,,,,,34.47,,,,,,34.47,,,EN,2025-12-04T23:00:00.000Z
GHED_OOP_pc_US_SHA2011,Out-of-pocket expenditure (OOP) per capita in US$,numeric,WPR,Western Pacific,Country,BRN,Brunei Darussalam,Year,2019,false,,,,,,,,,,,,,37.34,,,,,,37.34,,,EN,2025-12-04T23:00:00.000Z
GHED_OOP_pc_US_SHA2011,Out-of-pocket expenditure (OOP) per capita in US$,numeric,AFR,Africa,Country,GNB,Guinea-Bissau,Year,2019,false,,,,,,,,,,,,,37.59,,,,,,37.59,,,EN,2025-12-04T23:00:00.000Z
GHED_OOP_pc_US_SHA2011,Out-of-pocket expenditure (OOP) per capita in US$,numeric,AMR,Americas,Country,VEN,Venezuela (Bolivarian Republic of),Year,2019,false,,,,,,,,,,,,,38.47,,,,,,38.47,,,EN,2025-12-04T23:00:00.000Z
GHED_OOP_pc_US_SHA2011,Out-of-pocket expenditure (OOP) per capita in US$,numeric,EUR,Europe,Country,EST,Estonia,Year,2019,false,,,,,,,,,,,,,382.6,,,,,,382.64,,,EN,2025-12-04T23:00:00.000Z
GHED_OOP_pc_US_SHA2011,Out-of-pocket expenditure (OOP) per capita in US$,numeric,EUR,Europe,Country,AND,Andorra,Year,2019,false,,,,,,,,,,,,,384.6,,,,,,384.64,,,EN,2025-12-04T23:00:00.000Z
GHED_OOP_pc_US_SHA2011,Out-of-pocket expenditure (OOP) per capita in US$,numeric,AFR,Africa,Country,RWA,Rwanda,Year,2019,false,,,,,,,,,,,,,4.01,,,,,,4.01,,,EN,2025-12-04T23:00:00.000Z
GHED_OOP_pc_US_SHA2011,Out-of-pocket expenditure (OOP) per capita in US$,numeric,WPR,Western Pacific,Country,TUV,Tuvalu,Year,2019,false,,,,,,,,,,,,,4.07,,,,,,4.07,,,EN,2025-12-04T23:00:00.000Z
GHED_OOP_pc_US_SHA2011,Out-of-pocket expenditure (OOP) per capita in US$,numeric,AFR,Africa,Country,MWI,Malawi,Year,2019,false,,,,,,,,,,,,,4.38,,,,,,4.38,,,EN,2025-12-04T23:00:00.000Z
GHED_OOP_pc_US_SHA2011,Out-of-pocket expenditure (OOP) per capita in US$,numeric,AFR,Africa,Country,GMB,Gambia,Year,2019,false,,,,,,,,,,,,,4.71,,,,,,4.71,,,EN,2025-12-04T23:00:00.000Z
GHED_OOP_pc_US_SHA2011,Out-of-pocket expenditure (OOP) per capita in US$,numeric,AFR,Africa,Country,BDI,Burundi,Year,2019,false,,,,,,,,,,,,,4.94,,,,,,4.94,,,EN,2025-12-04T23:00:00.000Z
GHED_OOP_pc_US_SHA2011,Out-of-pocket expenditure (OOP) per capita in US$,numeric,WPR,Western Pacific,Country,IDN,Indonesia,Year,2019,false,,,,,,,,,,,,,40.85,,,,,,40.85,,,EN,2025-12-04T23:00:00.000Z
GHED_OOP_pc_US_SHA2011,Out-of-pocket expenditure (OOP) per capita in US$,numeric,AFR,Africa,Country,CMR,Cameroon,Year,2019,false,,,,,,,,,,,,,41,,,,,,41.00,,,EN,2025-12-04T23:00:00.000Z
GHED_OOP_pc_US_SHA2011,Out-of-pocket expenditure (OOP) per capita in US$,numeric,SEAR,South-East Asia,Country,MMR,Myanmar,Year,2019,false,,,,,,,,,,,,,41.13,,,,,,41.13,,,EN,2025-12-04T23:00:00.000Z
GHED_OOP_pc_US_SHA2011,Out-of-pocket expenditure (OOP) per capita in US$,numeric,EUR,Europe,Country,LVA,Latvia,Year,2019,false,,,,,,,,,,,,,415.3,,,,,,415.33,,,EN,2025-12-04T23:00:00.000Z
GHED_OOP_pc_US_SHA2011,Out-of-pocket expenditure (OOP) per capita in US$,numeric,EUR,Europe,Country,SMR,San Marino,Year,2019,false,,,,,,,,,,,,,426.5,,,,,,426.53,,,EN,2025-12-04T23:00:00.000Z
GHED_OOP_pc_US_SHA2011,Out-of-pocket expenditure (OOP) per capita in US$,numeric,EUR,Europe,Country,TJK,Tajikistan,Year,2019,false,,,,,,,,,,,,,43.1,,,,,,43.10,,,EN,2025-12-04T23:00:00.000Z
GHED_OOP_pc_US_SHA2011,Out-of-pocket expenditure (OOP) per capita in US$,numeric,EMR,Eastern Mediterranean,Country,OMN,Oman,Year,2019,false,,,,,,,,,,,,,43.52,,,,,,43.52,,,EN,2025-12-04T23:00:00.000Z
GHED_OOP_pc_US_SHA2011,Out-of-pocket expenditure (OOP) per capita in US$,numeric,AMR,Americas,Country,CHL,Chile,Year,2019,false,,,,,,,,,,,,,436.3,,,,,,436.29,,,EN,2025-12-04T23:00:00.000Z
GHED_OOP_pc_US_SHA2011,Out-of-pocket expenditure (OOP) per capita in US$,numeric,EUR,Europe,Country,LTU,Lithuania,Year,2019,false,,,,,,,,,,,,,439.3,,,,,,439.26,,,EN,2025-12-04T23:00:00.000Z
GHED_OOP_pc_US_SHA2011,Out-of-pocket expenditure (OOP) per capita in US$,numeric,EUR,Europe,Country,ARM,Armenia,Year,2019,false,,,,,,,,,,,,,452.5,,,,,,452.55,,,EN,2025-12-04T23:00:00.000Z
GHED_OOP_pc_US_SHA2011,Out-of-pocket expenditure (OOP) per capita in US$,numeric,EUR,Europe,Country,FRA,France,Year,2019,false,,,,,,,,,,,,,466.4,,,,,,466.41,,,EN,2025-12-04T23:00:00.000Z
GHED_OOP_pc_US_SHA2011,Out-of-pocket expenditure (OOP) per capita in US$,numeric,AFR,Africa,Country,GAB,Gabon,Year,2019,false,,,,,,,,,,,,,47.56,,,,,,47.56,,,EN,2025-12-04T23:00:00.000Z
GHED_OOP_pc_US_SHA2011,Out-of-pocket expenditure (OOP) per capita in US$,numeric,AFR,Africa,Country,NGA,Nigeria,Year,2019,false,,,,,,,,,,,,,48.35,,,,,,48.35,,,EN,2025-12-04T23:00:00.000Z
GHED_OOP_pc_US_SHA2011,Out-of-pocket expenditure (OOP) per capita in US$,numeric,AFR,Africa,Country,COM,Comoros,Year,2019,false,,,,,,,,,,,,,48.37,,,,,,48.37,,,EN,2025-12-04T23:00:00.000Z
GHED_OOP_pc_US_SHA2011,Out-of-pocket expenditure (OOP) per capita in US$,numeric,WPR,Western Pacific,Country,FJI,Fiji,Year,2019,false,,,,,,,,,,,,,48.8,,,,,,48.80,,,EN,2025-12-04T23:00:00.000Z
GHED_OOP_pc_US_SHA2011,Out-of-pocket expenditure (OOP) per capita in US$,numeric,AFR,Africa,Country,ZWE,Zimbabwe,Year,2019,false,,,,,,,,,,,,,5.01,,,,,,5.01,,,EN,2025-12-04T23:00:00.000Z
GHED_OOP_pc_US_SHA2011,Out-of-pocket expenditure (OOP) per capita in US$,numeric,AFR,Africa,Country,MDG,Madagascar,Year,2019,false,,,,,,,,,,,,,5.31,,,,,,5.31,,,EN,2025-12-04T23:00:00.000Z
GHED_OOP_pc_US_SHA2011,Out-of-pocket expenditure (OOP) per capita in US$,numeric,WPR,Western Pacific,Country,PNG,Papua New Guinea,Year,2019,false,,,,,,,,,,,,,5.71,,,,,,5.71,,,EN,2025-12-04T23:00:00.000Z
GHED_OOP_pc_US_SHA2011,Out-of-pocket expenditure (OOP) per capita in US$,numeric,EMR,Eastern Mediterranean,Country,SOM,Somalia,Year,2019,false,,,,,,,,,,,,,5.84,,,,,,5.84,,,EN,2025-12-04T23:00:00.000Z
GHED_OOP_pc_US_SHA2011,Out-of-pocket expenditure (OOP) per capita in US$,numeric,AMR,Americas,Country,PAN,Panama,Year,2019,false,,,,,,,,,,,,,503.9,,,,,,503.89,,,EN,2025-12-04T23:00:00.000Z
GHED_OOP_pc_US_SHA2011,Out-of-pocket expenditure (OOP) per capita in US$,numeric,EUR,Europe,Country,MCO,Monaco,Year,2019,false,,,,,,,,,,,,,504.5,,,,,,504.46,,,EN,2025-12-04T23:00:00.000Z
GHED_OOP_pc_US_SHA2011,Out-of-pocket expenditure (OOP) per capita in US$,numeric,AMR,Americas,Country,TTO,Trinidad and Tobago,Year,2019,false,,,,,,,,,,,,,514.7,,,,,,514.73,,,EN,2025-12-04T23:00:00.000Z
GHED_OOP_pc_US_SHA2011,Out-of-pocket expenditure (OOP) per capita in US$,numeric,AMR,Americas,Country,BHS,Bahamas,Year,2019,false,,,,,,,,,,,,,519,,,,,,518.97,,,EN,2025-12-04T23:00:00.000Z
GHED_OOP_pc_US_SHA2011,Out-of-pocket expenditure (OOP) per capita in US$,numeric,AFR,Africa,Country,CPV,Cabo Verde,Year,2019,false,,,,,,,,,,,,,52.69,,,,,,52.69,,,EN,2025-12-04T23:00:00.000Z
GHED_OOP_pc_US_SHA2011,Out-of-pocket expenditure (OOP) per capita in US$,numeric,EUR,Europe,Country,GRC,Greece,Year,2019,false,,,,,,,,,,,,,527.9,,,,,,527.86,,,EN,2025-12-04T23:00:00.000Z
GHED_OOP_pc_US_SHA2011,Out-of-pocket expenditure (OOP) per capita in US$,numeric,WPR,Western Pacific,Country,NZL,New Zealand,Year,2019,false,,,,,,,,,,,,,530,,,,,,530.01,,,EN,2025-12-04T23:00:00.000Z
GHED_OOP_pc_US_SHA2011,Out-of-pocket expenditure (OOP) per capita in US$,numeric,AMR,Americas,Country,BRB,Barbados,Year,2019,false,,,,,,,,,,,,,545.4,,,,,,545.44,,,EN,2025-12-04T23:00:00.000Z
GHED_OOP_pc_US_SHA2011,Out-of-pocket expenditure (OOP) per capita in US$,numeric,AMR,Americas,Country,NIC,Nicaragua,Year,2019,false,,,,,,,,,,,,,55.3,,,,,,55.30,,,EN,2025-12-04T23:00:00.000Z
GHED_OOP_pc_US_SHA2011,Out-of-pocket expenditure (OOP) per capita in US$,numeric,EUR,Europe,Country,NLD,Netherlands (Kingdom of the),Year,2019,false,,,,,,,,,,,,,556.7,,,,,,556.69,,,EN,2025-12-04T23:00:00.000Z
GHED_OOP_pc_US_SHA2011,Out-of-pocket expenditure (OOP) per capita in US$,numeric,EMR,Eastern Mediterranean,Country,AFG,Afghanistan,Year,2019,false,,,,,,,,,,,,,56.89,,,,,,56.89,,,EN,2025-12-04T23:00:00.000Z
GHED_OOP_pc_US_SHA2011,Out-of-pocket expenditure (OOP) per capita in US$,numeric,EUR,Europe,Country,UZB,Uzbekistan,Year,2019,false,,,,,,,,,,,,,56.89,,,,,,56.89,,,EN,2025-12-04T23:00:00.000Z
GHED_OOP_pc_US_SHA2011,Out-of-pocket expenditure (OOP) per capita in US$,numeric,AMR,Americas,Country,KNA,Saint Kitts and Nevis,Year,2019,false,,,,,,,,,,,,,567.5,,,,,,567.47,,,EN,2025-12-04T23:00:00.000Z
GHED_OOP_pc_US_SHA2011,Out-of-pocket expenditure (OOP) per capita in US$,numeric,AMR,Americas,Country,BOL,Bolivia (Plurinational State of),Year,2019,false,,,,,,,,,,,,,57.9,,,,,,57.90,,,EN,2025-12-04T23:00:00.000Z
GHED_OOP_pc_US_SHA2011,Out-of-pocket expenditure (OOP) per capita in US$,numeric,WPR,Western Pacific,Country,JPN,Japan,Year,2019,false,,,,,,,,,,,,,571.7,,,,,,571.72,,,EN,2025-12-04T23:00:00.000Z
GHED_OOP_pc_US_SHA2011,Out-of-pocket expenditure (OOP) per capita in US$,numeric,EUR,Europe,Country,LUX,Luxembourg,Year,2019,false,,,,,,,,,,,,,596.5,,,,,,596.52,,,EN,2025-12-04T23:00:00.000Z
GHED_OOP_pc_US_SHA2011,Out-of-pocket expenditure (OOP) per capita in US$,numeric,AFR,Africa,Country,ZMB,Zambia,Year,2019,false,,,,,,,,,,,,,6.17,,,,,,6.17,,,EN,2025-12-04T23:00:00.000Z
GHED_OOP_pc_US_SHA2011,Out-of-pocket expenditure (OOP) per capita in US$,numeric,EMR,Eastern Mediterranean,Country,YEM,Yemen,Year,2019,false,,,,,,,,,,,,,60.99,,,,,,60.99,,,EN,2025-12-04T23:00:00.000Z
GHED_OOP_pc_US_SHA2011,Out-of-pocket expenditure (OOP) per capita in US$,numeric,SEAR,South-East Asia,Country,LKA,Sri Lanka,Year,2019,false,,,,,,,,,,,,,65.12,,,,,,65.12,,,EN,2025-12-04T23:00:00.000Z
GHED_OOP_pc_US_SHA2011,Out-of-pocket expenditure (OOP) per capita in US$,numeric,EUR,Europe,Country,ESP,Spain,Year,2019,false,,,,,,,,,,,,,657.4,,,,,,657.39,,,EN,2025-12-04T23:00:00.000Z
GHED_OOP_pc_US_SHA2011,Out-of-pocket expenditure (OOP) per capita in US$,numeric,EUR,Europe,Country,TUR,Türkiye,Year,2019,false,,,,,,,,,,,,,66.26,,,,,,66.26,,,EN,2025-12-04T23:00:00.000Z
GHED_OOP_pc_US_SHA2011,Out-of-pocket expenditure (OOP) per capita in US$,numeric,AMR,Americas,Country,BLZ,Belize,Year,2019,false,,,,,,,,,,,,,67.62,,,,,,67.62,,,EN,2025-12-04T23:00:00.000Z
GHED_OOP_pc_US_SHA2011,Out-of-pocket expenditure (OOP) per capita in US$,numeric,EUR,Europe,Country,DEU,Germany,Year,2019,false,,,,,,,,,,,,,674.1,,,,,,674.13,,,EN,2025-12-04T23:00:00.000Z
GHED_OOP_pc_US_SHA2011,Out-of-pocket expenditure (OOP) per capita in US$,numeric,EUR,Europe,Country,PRT,Portugal,Year,2019,false,,,,,,,,,,,,,676.3,,,,,,676.27,,,EN,2025-12-04T23:00:00.000Z
GHED_OOP_pc_US_SHA2011,Out-of-pocket expenditure (OOP) per capita in US$,numeric,EUR,Europe,Country,GBR,United Kingdom of Great Britain and Northern Ireland,Year,2019,false,,,,,,,,,,,,,683.2,,,,,,683.17,,,EN,2025-12-04T23:00:00.000Z
GHED_OOP_pc_US_SHA2011,Out-of-pocket expenditure (OOP) per capita in US$,numeric,WPR,Western Pacific,Country,PHL,Philippines,Year,2019,false,,,,,,,,,,,,,69.13,,,,,,69.13,,,EN,2025-12-04T23:00:00.000Z
GHED_OOP_pc_US_SHA2011,Out-of-pocket expenditure (OOP) per capita in US$,numeric,EUR,Europe,Country,IRL,Ireland,Year,2019,false,,,,,,,,,,,,,690.3,,,,,,690.33,,,EN,2025-12-04T23:00:00.000Z
GHED_OOP_pc_US_SHA2011,Out-of-pocket expenditure (OOP) per capita in US$,numeric,EUR,Europe,Country,ITA,Italy,Year,2019,false,,,,,,,,,,,,,694.5,,,,,,694.48,,,EN,2025-12-04T23:00:00.000Z
GHED_OOP_pc_US_SHA2011,Out-of-pocket expenditure (OOP) per capita in US$,numeric,EUR,Europe,Country,CYP,Cyprus,Year,2019,false,,,,,,,,,,,,,694.6,,,,,,694.58,,,EN,2025-12-04T23:00:00.000Z
GHED_OOP_pc_US_SHA2011,Out-of-pocket expenditure (OOP) per capita in US$,numeric,AFR,Africa,Country,COD,Democratic Republic of the Congo,Year,2019,false,,,,,,,,,,,,,7.39,,,,,,7.39,,,EN,2025-12-04T23:00:00.000Z
GHED_OOP_pc_US_SHA2011,Out-of-pocket expenditure (OOP) per capita in US$,numeric,EUR,Europe,Country,ISR,Israel,Year,2019,false,,,,,,,,,,,,,712.3,,,,,,712.29,,,EN,2025-12-04T23:00:00.000Z
GHED_OOP_pc_US_SHA2011,Out-of-pocket expenditure (OOP) per capita in US$,numeric,WPR,Western Pacific,Country,KHM,Cambodia,Year,2019,false,,,,,,,,,,,,,72.49,,,,,,72.49,,,EN,2025-12-04T23:00:00.000Z
GHED_OOP_pc_US_SHA2011,Out-of-pocket expenditure (OOP) per capita in US$,numeric,AMR,Americas,Country,COL,Colombia,Year,2019,false,,,,,,,,,,,,,74.79,,,,,,74.79,,,EN,2025-12-04T23:00:00.000Z
GHED_OOP_pc_US_SHA2011,Out-of-pocket expenditure (OOP) per capita in US$,numeric,EMR,Eastern Mediterranean,Country,TUN,Tunisia,Year,2019,false,,,,,,,,,,,,,75.64,,,,,,75.64,,,EN,2025-12-04T23:00:00.000Z
GHED_OOP_pc_US_SHA2011,Out-of-pocket expenditure (OOP) per capita in US$,numeric,WPR,Western Pacific,Country,VNM,Viet Nam,Year,2019,false,,,,,,,,,,,,,77.22,,,,,,77.22,,,EN,2025-12-04T23:00:00.000Z
GHED_OOP_pc_US_SHA2011,Out-of-pocket expenditure (OOP) per capita in US$,numeric,EUR,Europe,Country,FIN,Finland,Year,2019,false,,,,,,,,,,,,,777.1,,,,,,777.10,,,EN,2025-12-04T23:00:00.000Z
GHED_OOP_pc_US_SHA2011,Out-of-pocket expenditure (OOP) per capita in US$,numeric,AMR,Americas,Country,CAN,Canada,Year,2019,false,,,,,,,,,,,,,786.7,,,,,,786.67,,,EN,2025-12-04T23:00:00.000Z
GHED_OOP_pc_US_SHA2011,Out-of-pocket expenditure (OOP) per capita in US$,numeric,EUR,Europe,Country,SWE,Sweden,Year,2019,false,,,,,,,,,,,,,792,,,,,,792.03,,,EN,2025-12-04T23:00:00.000Z
GHED_OOP_pc_US_SHA2011,Out-of-pocket expenditure (OOP) per capita in US$,numeric,SEAR,South-East Asia,Country,TLS,Timor-Leste,Year,2019,false,,,,,,,,,,,,,8.18,,,,,,8.18,,,EN,2025-12-04T23:00:00.000Z
GHED_OOP_pc_US_SHA2011,Out-of-pocket expenditure (OOP) per capita in US$,numeric,WPR,Western Pacific,Country,VUT,Vanuatu,Year,2019,false,,,,,,,,,,,,,8.59,,,,,,8.59,,,EN,2025-12-04T23:00:00.000Z
GHED_OOP_pc_US_SHA2011,Out-of-pocket expenditure (OOP) per capita in US$,numeric,AFR,Africa,Country,TZA,United Republic of Tanzania,Year,2019,false,,,,,,,,,,,,,8.72,,,,,,8.72,,,EN,2025-12-04T23:00:00.000Z
GHED_OOP_pc_US_SHA2011,Out-of-pocket expenditure (OOP) per capita in US$,numeric,WPR,Western Pacific,Country,MHL,Marshall Islands,Year,2019,false,,,,,,,,,,,,,8.93,,,,,,8.93,,,EN,2025-12-04T23:00:00.000Z
GHED_OOP_pc_US_SHA2011,Out-of-pocket expenditure (OOP) per capita in US$,numeric,EMR,Eastern Mediterranean,Country,MAR,Morocco,Year,2019,false,,,,,,,,,,,,,83.22,,,,,,83.22,,,EN,2025-12-04T23:00:00.000Z
GHED_OOP_pc_US_SHA2011,Out-of-pocket expenditure (OOP) per capita in US$,numeric,WPR,Western Pacific,Country,SGP,Singapore,Year,2019,false,,,,,,,,,,,,,830.2,,,,,,830.21,,,EN,2025-12-04T23:00:00.000Z
GHED_OOP_pc_US_SHA2011,Out-of-pocket expenditure (OOP) per capita in US$,numeric,WPR,Western Pacific,Country,AUS,Australia,Year,2019,false,,,,,,,,,,,,,832.4,,,,,,832.42,,,EN,2025-12-04T23:00:00.000Z
GHED_OOP_pc_US_SHA2011,Out-of-pocket expenditure (OOP) per capita in US$,numeric,EUR,Europe,Country,DNK,Denmark,Year,2019,false,,,,,,,,,,,,,834.6,,,,,,834.55,,,EN,2025-12-04T23:00:00.000Z
GHED_OOP_pc_US_SHA2011,Out-of-pocket expenditure (OOP) per capita in US$,numeric,WPR,Western Pacific,Country,MNG,Mongolia,Year,2019,false,,,,,,,,,,,,,85.17,,,,,,85.17,,,EN,2025-12-04T23:00:00.000Z
GHED_OOP_pc_US_SHA2011,Out-of-pocket expenditure (OOP) per capita in US$,numeric,WPR,Western Pacific,Country,KOR,Republic of Korea,Year,2019,false,,,,,,,,,,,,,854.6,,,,,,854.58,,,EN,2025-12-04T23:00:00.000Z
GHED_OOP_pc_US_SHA2011,Out-of-pocket expenditure (OOP) per capita in US$,numeric,EMR,Eastern Mediterranean,Country,IRN,Iran (Islamic Republic of),Year,2019,false,,,,,,,,,,,,,87.52,,,,,,87.52,,,EN,2025-12-04T23:00:00.000Z
GHED_OOP_pc_US_SHA2011,Out-of-pocket expenditure (OOP) per capita in US$,numeric,EMR,Eastern Mediterranean,Country,EGY,Egypt,Year,2019,false,,,,,,,,,,,,,89.19,,,,,,89.19,,,EN,2025-12-04T23:00:00.000Z
GHED_OOP_pc_US_SHA2011,Out-of-pocket expenditure (OOP) per capita in US$,numeric,EUR,Europe,Country,KAZ,Kazakhstan,Year,2019,false,,,,,,,,,,,,,89.27,,,,,,89.27,,,EN,2025-12-04T23:00:00.000Z
GHED_OOP_pc_US_SHA2011,Out-of-pocket expenditure (OOP) per capita in US$,numeric,WPR,Western Pacific,Country,NRU,Nauru,Year,2019,false,,,,,,,,,,,,,9.75,,,,,,9.75,,,EN,2025-12-04T23:00:00.000Z
GHED_OOP_pc_US_SHA2011,Out-of-pocket expenditure (OOP) per capita in US$,numeric,AFR,Africa,Country,MLI,Mali,Year,2019,false,,,,,,,,,,,,,9.76,,,,,,9.76,,,EN,2025-12-04T23:00:00.000Z
GHED_OOP_pc_US_SHA2011,Out-of-pocket expenditure (OOP) per capita in US$,numeric,AFR,Africa,Country,ETH,Ethiopia,Year,2019,false,,,,,,,,,,,,,9.81,,,,,,9.81,,,EN,2025-12-04T23:00:00.000Z
GHED_OOP_pc_US_SHA2011,Out-of-pocket expenditure (OOP) per capita in US$,numeric,AMR,Americas,Country,SUR,Suriname,Year,2019,false,,,,,,,,,,,,,91.31,,,,,,91.31,,,EN,2025-12-04T23:00:00.000Z
GHED_OOP_pc_US_SHA2011,Out-of-pocket expenditure (OOP) per capita in US$,numeric,AFR,Africa,Country,DZA,Algeria,Year,2019,false,,,,,,,,,,,,,91.8,,,,,,91.80,,,EN,2025-12-04T23:00:00.000Z
GHED_OOP_pc_US_SHA2011,Out-of-pocket expenditure (OOP) per capita in US$,numeric,EUR,Europe,Country,ISL,Iceland,Year,2019,false,,,,,,,,,,,,,912,,,,,,911.97,,,EN,2025-12-04T23:00:00.000Z
GHED_OOP_pc_US_SHA2011,Out-of-pocket expenditure (OOP) per capita in US$,numeric,AMR,Americas,Country,HND,Honduras,Year,2019,false,,,,,,,,,,,,,96.15,,,,,,96.15,,,EN,2025-12-04T23:00:00.000Z
GHED_OOP_pc_US_SHA2011,Out-of-pocket expenditure (OOP) per capita in US$,numeric,AMR,Americas,Country,DOM,Dominican Republic,Year,2019,false,,,,,,,,,,,,,97.7,,,,,,97.70,,,EN,2025-12-04T23:00:00.000Z
GHED_OOP_pc_US_SHA2011,Out-of-pocket expenditure (OOP) per capita in US$,numeric,EUR,Europe,Country,AUT,Austria,Year,2019,false,,,,,,,,,,,,,996.7,,,,,,996.71,,,EN,2025-12-04T23:00:00.000Z
GHED_OOP_pc_US_SHA2011,Out-of-pocket expenditure (OOP) per capita in US$,numeric,WPR,Western Pacific,Country,KIR,Kiribati,Year,2018,false,,,,,,,,,,,,,1.22,,,,,,1.22,,,EN,2025-12-04T23:00:00.000Z
GHED_OOP_pc_US_SHA2011,Out-of-pocket expenditure (OOP) per capita in US$,numeric,AFR,Africa,Country,ZWE,Zimbabwe,Year,2018,false,,,,,,,,,,,,,10.1,,,,,,10.10,,,EN,2025-12-04T23:00:00.000Z
GHED_OOP_pc_US_SHA2011,Out-of-pocket expenditure (OOP) per capita in US$,numeric,AFR,Africa,Country,MLI,Mali,Year,2018,false,,,,,,,,,,,,,10.15,,,,,,10.15,,,EN,2025-12-04T23:00:00.000Z
GHED_OOP_pc_US_SHA2011,Out-of-pocket expenditure (OOP) per capita in US$,numeric,AMR,Americas,Country,GUY,Guyana,Year,2018,false,,,,,,,,,,,,,100.1,,,,,,100.07,,,EN,2025-12-04T23:00:00.000Z
GHED_OOP_pc_US_SHA2011,Out-of-pocket expenditure (OOP) per capita in US$,numeric,EUR,Europe,Country,BEL,Belgium,Year,2018,false,,,,,,,,,,,,,1014,,,,,,1013.98,,,EN,2025-12-04T23:00:00.000Z
GHED_OOP_pc_US_SHA2011,Out-of-pocket expenditure (OOP) per capita in US$,numeric,EMR,Eastern Mediterranean,Country,JOR,Jordan,Year,2018,false,,,,,,,,,,,,,102.2,,,,,,102.21,,,EN,2025-12-04T23:00:00.000Z
GHED_OOP_pc_US_SHA2011,Out-of-pocket expenditure (OOP) per capita in US$,numeric,AMR,Americas,Country,JAM,Jamaica,Year,2018,false,,,,,,,,,,,,,104.4,,,,,,104.43,,,EN,2025-12-04T23:00:00.000Z
GHED_OOP_pc_US_SHA2011,Out-of-pocket expenditure (OOP) per capita in US$,numeric,EUR,Europe,Country,AUT,Austria,Year,2018,false,,,,,,,,,,,,,1041,,,,,,1040.76,,,EN,2025-12-04T23:00:00.000Z
GHED_OOP_pc_US_SHA2011,Out-of-pocket expenditure (OOP) per capita in US$,numeric,AMR,Americas,Country,PER,Peru,Year,2018,false,,,,,,,,,,,,,107.9,,,,,,107.91,,,EN,2025-12-04T23:00:00.000Z
GHED_OOP_pc_US_SHA2011,Out-of-pocket expenditure (OOP) per capita in US$,numeric,AMR,Americas,Country,CUB,Cuba,Year,2018,false,,,,,,,,,,,,,109.7,,,,,,109.72,,,EN,2025-12-04T23:00:00.000Z
GHED_OOP_pc_US_SHA2011,Out-of-pocket expenditure (OOP) per capita in US$,numeric,AMR,Americas,Country,VCT,Saint Vincent and the Grenadines,Year,2018,false,,,,,,,,,,,,,109.7,,,,,,109.75,,,EN,2025-12-04T23:00:00.000Z
GHED_OOP_pc_US_SHA2011,Out-of-pocket expenditure (OOP) per capita in US$,numeric,WPR,Western Pacific,Country,FSM,Micronesia (Federated States of),Year,2018,false,,,,,,,,,,,,,11.5,,,,,,11.50,,,EN,2025-12-04T23:00:00.000Z
GHED_OOP_pc_US_SHA2011,Out-of-pocket expenditure (OOP) per capita in US$,numeric,AFR,Africa,Country,UGA,Uganda,Year,2018,false,,,,,,,,,,,,,11.74,,,,,,11.74,,,EN,2025-12-04T23:00:00.000Z
GHED_OOP_pc_US_SHA2011,Out-of-pocket expenditure (OOP) per capita in US$,numeric,EUR,Europe,Country,UKR,Ukraine,Year,2018,false,,,,,,,,,,,,,110.3,,,,,,110.30,,,EN,2025-12-04T23:00:00.000Z
GHED_OOP_pc_US_SHA2011,Out-of-pocket expenditure (OOP) per capita in US$,numeric,EUR,Europe,Country,MDA,Republic of Moldova,Year,2018,false,,,,,,,,,,,,,110.7,,,,,,110.66,,,EN,2025-12-04T23:00:00.000Z
GHED_OOP_pc_US_SHA2011,Out-of-pocket expenditure (OOP) per capita in US$,numeric,AMR,Americas,Country,USA,United States of America,Year,2018,false,,,,,,,,,,,,,1153,,,,,,1152.51,,,EN,2025-12-04T23:00:00.000Z
GHED_OOP_pc_US_SHA2011,Out-of-pocket expenditure (OOP) per capita in US$,numeric,EUR,Europe,Country,NOR,Norway,Year,2018,false,,,,,,,,,,,,,1155,,,,,,1155.47,,,EN,2025-12-04T23:00:00.000Z
GHED_OOP_pc_US_SHA2011,Out-of-pocket expenditure (OOP) per capita in US$,numeric,EMR,Eastern Mediterranean,Country,IRQ,Iraq,Year,2018,false,,,,,,,,,,,,,117.4,,,,,,117.35,,,EN,2025-12-04T23:00:00.000Z
GHED_OOP_pc_US_SHA2011,Out-of-pocket expenditure (OOP) per capita in US$,numeric,EMR,Eastern Mediterranean,Country,YEM,Yemen,Year,2018,false,,,,,,,,,,,,,117.6,,,,,,117.63,,,EN,2025-12-04T23:00:00.000Z
GHED_OOP_pc_US_SHA2011,Out-of-pocket expenditure (OOP) per capita in US$,numeric,EUR,Europe,Country,HRV,Croatia,Year,2018,false,,,,,,,,,,,,,119,,,,,,119.01,,,EN,2025-12-04T23:00:00.000Z
GHED_OOP_pc_US_SHA2011,Out-of-pocket expenditure (OOP) per capita in US$,numeric,WPR,Western Pacific,Country,NIU,Niue,Year,2018,false,,,,,,,,,,,,,12.3,,,,,,12.30,,,EN,2025-12-04T23:00:00.000Z
GHED_OOP_pc_US_SHA2011,Out-of-pocket expenditure (OOP) per capita in US$,numeric,EMR,Eastern Mediterranean,Country,PSE,"occupied Palestinian territory, including east Jerusalem",Year,2018,false,,,,,,,,,,,,,128,,,,,,127.97,,,EN,2025-12-04T23:00:00.000Z
GHED_OOP_pc_US_SHA2011,Out-of-pocket expenditure (OOP) per capita in US$,numeric,SEAR,South-East Asia,Country,BTN,Bhutan,Year,2018,false,,,,,,,,,,,,,13.43,,,,,,13.43,,,EN,2025-12-04T23:00:00.000Z
GHED_OOP_pc_US_SHA2011,Out-of-pocket expenditure (OOP) per capita in US$,numeric,AFR,Africa,Country,ERI,Eritrea,Year,2018,false,,,,,,,,,,,,,13.55,,,,,,13.55,,,EN,2025-12-04T23:00:00.000Z
GHED_OOP_pc_US_SHA2011,Out-of-pocket expenditure (OOP) per capita in US$,numeric,AFR,Africa,Country,BFA,Burkina Faso,Year,2018,false,,,,,,,,,,,,,13.94,,,,,,13.94,,,EN,2025-12-04T23:00:00.000Z
GHED_OOP_pc_US_SHA2011,Out-of-pocket expenditure (OOP) per capita in US$,numeric,AMR,Americas,Country,SLV,El Salvador,Year,2018,false,,,,,,,,,,,,,130.5,,,,,,130.55,,,EN,2025-12-04T23:00:00.000Z
GHED_OOP_pc_US_SHA2011,Out-of-pocket expenditure (OOP) per capita in US$,numeric,EUR,Europe,Country,AZE,Azerbaijan,Year,2018,false,,,,,,,,,,,,,132.1,,,,,,132.12,,,EN,2025-12-04T23:00:00.000Z
GHED_OOP_pc_US_SHA2011,Out-of-pocket expenditure (OOP) per capita in US$,numeric,EMR,Eastern Mediterranean,Country,QAT,Qatar,Year,2018,false,,,,,,,,,,,,,132.5,,,,,,132.51,,,EN,2025-12-04T23:00:00.000Z
GHED_OOP_pc_US_SHA2011,Out-of-pocket expenditure (OOP) per capita in US$,numeric,EUR,Europe,Country,ROU,Romania,Year,2018,false,,,,,,,,,,,,,133.7,,,,,,133.70,,,EN,2025-12-04T23:00:00.000Z
GHED_OOP_pc_US_SHA2011,Out-of-pocket expenditure (OOP) per capita in US$,numeric,AFR,Africa,Country,NER,Niger,Year,2018,false,,,,,,,,,,,,,14.99,,,,,,14.99,,,EN,2025-12-04T23:00:00.000Z
GHED_OOP_pc_US_SHA2011,Out-of-pocket expenditure (OOP) per capita in US$,numeric,AMR,Americas,Country,ECU,Ecuador,Year,2018,false,,,,,,,,,,,,,142.2,,,,,,142.17,,,EN,2025-12-04T23:00:00.000Z
GHED_OOP_pc_US_SHA2011,Out-of-pocket expenditure (OOP) per capita in US$,numeric,WPR,Western Pacific,Country,MYS,Malaysia,Year,2018,false,,,,,,,,,,,,,150.2,,,,,,150.17,,,EN,2025-12-04T23:00:00.000Z
GHED_OOP_pc_US_SHA2011,Out-of-pocket expenditure (OOP) per capita in US$,numeric,AMR,Americas,Country,GTM,Guatemala,Year,2018,false,,,,,,,,,,,,,152.8,,,,,,152.85,,,EN,2025-12-04T23:00:00.000Z
GHED_OOP_pc_US_SHA2011,Out-of-pocket expenditure (OOP) per capita in US$,numeric,EMR,Eastern Mediterranean,Country,LBY,Libya,Year,2018,false,,,,,,,,,,,,,153.9,,,,,,153.88,,,EN,2025-12-04T23:00:00.000Z
GHED_OOP_pc_US_SHA2011,Out-of-pocket expenditure (OOP) per capita in US$,numeric,EUR,Europe,Country,BIH,Bosnia and Herzegovina,Year,2018,false,,,,,,,,,,,,,155.3,,,,,,155.31,,,EN,2025-12-04T23:00:00.000Z
GHED_OOP_pc_US_SHA2011,Out-of-pocket expenditure (OOP) per capita in US$,numeric,AMR,Americas,Country,DMA,Dominica,Year,2018,false,,,,,,,,,,,,,155.6,,,,,,155.60,,,EN,2025-12-04T23:00:00.000Z
GHED_OOP_pc_US_SHA2011,Out-of-pocket expenditure (OOP) per capita in US$,numeric,WPR,Western Pacific,Country,TON,Tonga,Year,2018,false,,,,,,,,,,,,,16.96,,,,,,16.96,,,EN,2025-12-04T23:00:00.000Z
GHED_OOP_pc_US_SHA2011,Out-of-pocket expenditure (OOP) per capita in US$,numeric,SEAR,South-East Asia,Country,MDV,Maldives,Year,2018,false,,,,,,,,,,,,,164.8,,,,,,164.81,,,EN,2025-12-04T23:00:00.000Z
GHED_OOP_pc_US_SHA2011,Out-of-pocket expenditure (OOP) per capita in US$,numeric,AFR,Africa,Country,GNQ,Equatorial Guinea,Year,2018,false,,,,,,,,,,,,,168.6,,,,,,168.58,,,EN,2025-12-04T23:00:00.000Z
GHED_OOP_pc_US_SHA2011,Out-of-pocket expenditure (OOP) per capita in US$,numeric,AFR,Africa,Country,STP,Sao Tome and Principe,Year,2018,false,,,,,,,,,,,,,17.22,,,,,,17.22,,,EN,2025-12-04T23:00:00.000Z
GHED_OOP_pc_US_SHA2011,Out-of-pocket expenditure (OOP) per capita in US$,numeric,AFR,Africa,Country,KEN,Kenya,Year,2018,false,,,,,,,,,,,,,17.59,,,,,,17.59,,,EN,2025-12-04T23:00:00.000Z
GHED_OOP_pc_US_SHA2011,Out-of-pocket expenditure (OOP) per capita in US$,numeric,AFR,Africa,Country,GHA,Ghana,Year,2018,false,,,,,,,,,,,,,17.87,,,,,,17.87,,,EN,2025-12-04T23:00:00.000Z
GHED_OOP_pc_US_SHA2011,Out-of-pocket expenditure (OOP) per capita in US$,numeric,EUR,Europe,Country,MKD,North Macedonia,Year,2018,false,,,,,,,,,,,,,175.9,,,,,,175.89,,,EN,2025-12-04T23:00:00.000Z
GHED_OOP_pc_US_SHA2011,Out-of-pocket expenditure (OOP) per capita in US$,numeric,EMR,Eastern Mediterranean,Country,KWT,Kuwait,Year,2018,false,,,,,,,,,,,,,176.6,,,,,,176.59,,,EN,2025-12-04T23:00:00.000Z
GHED_OOP_pc_US_SHA2011,Out-of-pocket expenditure (OOP) per capita in US$,numeric,AFR,Africa,Country,SYC,Seychelles,Year,2018,false,,,,,,,,,,,,,179.5,,,,,,179.55,,,EN,2025-12-04T23:00:00.000Z
GHED_OOP_pc_US_SHA2011,Out-of-pocket expenditure (OOP) per capita in US$,numeric,EMR,Eastern Mediterranean,Country,DJI,Djibouti,Year,2018,false,,,,,,,,,,,,,18.51,,,,,,18.51,,,EN,2025-12-04T23:00:00.000Z
GHED_OOP_pc_US_SHA2011,Out-of-pocket expenditure (OOP) per capita in US$,numeric,AFR,Africa,Country,LSO,Lesotho,Year,2018,false,,,,,,,,,,,,,18.98,,,,,,18.98,,,EN,2025-12-04T23:00:00.000Z
GHED_OOP_pc_US_SHA2011,Out-of-pocket expenditure (OOP) per capita in US$,numeric,WPR,Western Pacific,Country,CHN,China,Year,2018,false,,,,,,,,,,,,,180.2,,,,,,180.22,,,EN,2025-12-04T23:00:00.000Z
GHED_OOP_pc_US_SHA2011,Out-of-pocket expenditure (OOP) per capita in US$,numeric,AMR,Americas,Country,PRY,Paraguay,Year,2018,false,,,,,,,,,,,,,185.2,,,,,,185.22,,,EN,2025-12-04T23:00:00.000Z
GHED_OOP_pc_US_SHA2011,Out-of-pocket expenditure (OOP) per capita in US$,numeric,AFR,Africa,Country,BEN,Benin,Year,2018,false,,,,,,,,,,,,,19.47,,,,,,19.47,,,EN,2025-12-04T23:00:00.000Z
GHED_OOP_pc_US_SHA2011,Out-of-pocket expenditure (OOP) per capita in US$,numeric,EMR,Eastern Mediterranean,Country,SYR,Syrian Arab Republic,Year,2018,false,,,,,,,,,,,,,19.92,,,,,,19.92,,,EN,2025-12-04T23:00:00.000Z
GHED_OOP_pc_US_SHA2011,Out-of-pocket expenditure (OOP) per capita in US$,numeric,EUR,Europe,Country,ALB,Albania,Year,2018,false,,,,,,,,,,,,,197,,,,,,197.01,,,EN,2025-12-04T23:00:00.000Z
GHED_OOP_pc_US_SHA2011,Out-of-pocket expenditure (OOP) per capita in US$,numeric,EUR,Europe,Country,POL,Poland,Year,2018,false,,,,,,,,,,,,,199.9,,,,,,199.86,,,EN,2025-12-04T23:00:00.000Z
GHED_OOP_pc_US_SHA2011,Out-of-pocket expenditure (OOP) per capita in US$,numeric,AFR,Africa,Country,TCD,Chad,Year,2018,false,,,,,,,,,,,,,20.09,,,,,,20.09,,,EN,2025-12-04T23:00:00.000Z
GHED_OOP_pc_US_SHA2011,Out-of-pocket expenditure (OOP) per capita in US$,numeric,WPR,Western Pacific,Country,COK,Cook Islands,Year,2018,false,,,,,,,,,,,,,20.67,,,,,,20.67,,,EN,2025-12-04T23:00:00.000Z
GHED_OOP_pc_US_SHA2011,Out-of-pocket expenditure (OOP) per capita in US$,numeric,AMR,Americas,Country,ATG,Antigua and Barbuda,Year,2018,false,,,,,,,,,,,,,202.6,,,,,,202.62,,,EN,2025-12-04T23:00:00.000Z
GHED_OOP_pc_US_SHA2011,Out-of-pocket expenditure (OOP) per capita in US$,numeric,AMR,Americas,Country,CRI,Costa Rica,Year,2018,false,,,,,,,,,,,,,205.6,,,,,,205.63,,,EN,2025-12-04T23:00:00.000Z
GHED_OOP_pc_US_SHA2011,Out-of-pocket expenditure (OOP) per capita in US$,numeric,EUR,Europe,Country,CHE,Switzerland,Year,2018,false,,,,,,,,,,,,,2094,,,,,,2094.18,,,EN,2025-12-04T23:00:00.000Z
GHED_OOP_pc_US_SHA2011,Out-of-pocket expenditure (OOP) per capita in US$,numeric,AFR,Africa,Country,CAF,Central African Republic,Year,2018,false,,,,,,,,,,,,,21.4,,,,,,21.40,,,EN,2025-12-04T23:00:00.000Z
GHED_OOP_pc_US_SHA2011,Out-of-pocket expenditure (OOP) per capita in US$,numeric,EUR,Europe,Country,GEO,Georgia,Year,2018,false,,,,,,,,,,,,,212.6,,,,,,212.60,,,EN,2025-12-04T23:00:00.000Z
GHED_OOP_pc_US_SHA2011,Out-of-pocket expenditure (OOP) per capita in US$,numeric,AMR,Americas,Country,BRA,Brazil,Year,2018,false,,,,,,,,,,,,,218.5,,,,,,218.53,,,EN,2025-12-04T23:00:00.000Z
GHED_OOP_pc_US_SHA2011,Out-of-pocket expenditure (OOP) per capita in US$,numeric,EMR,Eastern Mediterranean,Country,PAK,Pakistan,Year,2018,false,,,,,,,,,,,,,22.55,,,,,,22.55,,,EN,2025-12-04T23:00:00.000Z
GHED_OOP_pc_US_SHA2011,Out-of-pocket expenditure (OOP) per capita in US$,numeric,EMR,Eastern Mediterranean,Country,SDN,Sudan,Year,2018,false,,,,,,,,,,,,,22.69,,,,,,22.69,,,EN,2025-12-04T23:00:00.000Z
GHED_OOP_pc_US_SHA2011,Out-of-pocket expenditure (OOP) per capita in US$,numeric,AFR,Africa,Country,BWA,Botswana,Year,2018,false,,,,,,,,,,,,,22.85,,,,,,22.85,,,EN,2025-12-04T23:00:00.000Z
GHED_OOP_pc_US_SHA2011,Out-of-pocket expenditure (OOP) per capita in US$,numeric,AMR,Americas,Country,MEX,Mexico,Year,2018,false,,,,,,,,,,,,,223.5,,,,,,223.50,,,EN,2025-12-04T23:00:00.000Z
GHED_OOP_pc_US_SHA2011,Out-of-pocket expenditure (OOP) per capita in US$,numeric,AMR,Americas,Country,LCA,Saint Lucia,Year,2018,false,,,,,,,,,,,,,224.4,,,,,,224.35,,,EN,2025-12-04T23:00:00.000Z
GHED_OOP_pc_US_SHA2011,Out-of-pocket expenditure (OOP) per capita in US$,numeric,EUR,Europe,Country,LIE,Liechtenstein,Year,2018,false,,,,,,,,,,,,,2254,,,,,,2254.45,,,EN,2025-12-04T23:00:00.000Z
GHED_OOP_pc_US_SHA2011,Out-of-pocket expenditure (OOP) per capita in US$,numeric,AFR,Africa,Country,GIN,Guinea,Year,2018,false,,,,,,,,,,,,,23.42,,,,,,23.42,,,EN,2025-12-04T23:00:00.000Z
GHED_OOP_pc_US_SHA2011,Out-of-pocket expenditure (OOP) per capita in US$,numeric,AFR,Africa,Country,COG,Congo,Year,2018,false,,,,,,,,,,,,,23.78,,,,,,23.78,,,EN,2025-12-04T23:00:00.000Z
GHED_OOP_pc_US_SHA2011,Out-of-pocket expenditure (OOP) per capita in US$,numeric,EUR,Europe,Country,RUS,Russian Federation,Year,2018,false,,,,,,,,,,,,,232.2,,,,,,232.21,,,EN,2025-12-04T23:00:00.000Z
GHED_OOP_pc_US_SHA2011,Out-of-pocket expenditure (OOP) per capita in US$,numeric,EUR,Europe,Country,SRB,Serbia,Year,2018,false,,,,,,,,,,,,,236.4,,,,,,236.41,,,EN,2025-12-04T23:00:00.000Z
GHED_OOP_pc_US_SHA2011,Out-of-pocket expenditure (OOP) per capita in US$,numeric,EMR,Eastern Mediterranean,Country,SAU,Saudi Arabia,Year,2018,false,,,,,,,,,,,,,236.7,,,,,,236.72,,,EN,2025-12-04T23:00:00.000Z
GHED_OOP_pc_US_SHA2011,Out-of-pocket expenditure (OOP) per capita in US$,numeric,EMR,Eastern Mediterranean,Country,ARE,United Arab Emirates,Year,2018,false,,,,,,,,,,,,,237.7,,,,,,237.75,,,EN,2025-12-04T23:00:00.000Z
GHED_OOP_pc_US_SHA2011,Out-of-pocket expenditure (OOP) per capita in US$,numeric,AMR,Americas,Country,HTI,Haiti,Year,2018,false,,,,,,,,,,,,,24.21,,,,,,24.21,,,EN,2025-12-04T23:00:00.000Z
GHED_OOP_pc_US_SHA2011,Out-of-pocket expenditure (OOP) per capita in US$,numeric,EUR,Europe,Country,SVK,Slovakia,Year,2018,false,,,,,,,,,,,,,245.8,,,,,,245.78,,,EN,2025-12-04T23:00:00.000Z
GHED_OOP_pc_US_SHA2011,Out-of-pocket expenditure (OOP) per capita in US$,numeric,EUR,Europe,Country,CZE,Czechia,Year,2018,false,,,,,,,,,,,,,247.8,,,,,,247.84,,,EN,2025-12-04T23:00:00.000Z
GHED_OOP_pc_US_SHA2011,Out-of-pocket expenditure (OOP) per capita in US$,numeric,AFR,Africa,Country,CIV,Cote d'Ivoire,Year,2018,false,,,,,,,,,,,,,25.88,,,,,,25.88,,,EN,2025-12-04T23:00:00.000Z
GHED_OOP_pc_US_SHA2011,Out-of-pocket expenditure (OOP) per capita in US$,numeric,AMR,Americas,Country,GRD,Grenada,Year,2018,false,,,,,,,,,,,,,253.8,,,,,,253.82,,,EN,2025-12-04T23:00:00.000Z
GHED_OOP_pc_US_SHA2011,Out-of-pocket expenditure (OOP) per capita in US$,numeric,EUR,Europe,Country,SVN,Slovenia,Year,2018,false,,,,,,,,,,,,,259.9,,,,,,259.95,,,EN,2025-12-04T23:00:00.000Z
GHED_OOP_pc_US_SHA2011,Out-of-pocket expenditure (OOP) per capita in US$,numeric,WPR,Western Pacific,Country,WSM,Samoa,Year,2018,false,,,,,,,,,,,,,26.01,,,,,,26.01,,,EN,2025-12-04T23:00:00.000Z
GHED_OOP_pc_US_SHA2011,Out-of-pocket expenditure (OOP) per capita in US$,numeric,EMR,Eastern Mediterranean,Country,LBN,Lebanon,Year,2018,false,,,,,,,,,,,,,261.4,,,,,,261.39,,,EN,2025-12-04T23:00:00.000Z
GHED_OOP_pc_US_SHA2011,Out-of-pocket expenditure (OOP) per capita in US$,numeric,AFR,Africa,Country,SLE,Sierra Leone,Year,2018,false,,,,,,,,,,,,,27.34,,,,,,27.34,,,EN,2025-12-04T23:00:00.000Z
GHED_OOP_pc_US_SHA2011,Out-of-pocket expenditure (OOP) per capita in US$,numeric,WPR,Western Pacific,Country,LAO,Lao People's Democratic Republic,Year,2018,false,,,,,,,,,,,,,27.75,,,,,,27.75,,,EN,2025-12-04T23:00:00.000Z
GHED_OOP_pc_US_SHA2011,Out-of-pocket expenditure (OOP) per capita in US$,numeric,SEAR,South-East Asia,Country,THA,Thailand,Year,2018,false,,,,,,,,,,,,,27.78,,,,,,27.78,,,EN,2025-12-04T23:00:00.000Z
GHED_OOP_pc_US_SHA2011,Out-of-pocket expenditure (OOP) per capita in US$,numeric,AMR,Americas,Country,URY,Uruguay,Year,2018,false,,,,,,,,,,,,,278.3,,,,,,278.35,,,EN,2025-12-04T23:00:00.000Z
GHED_OOP_pc_US_SHA2011,Out-of-pocket expenditure (OOP) per capita in US$,numeric,EUR,Europe,Country,BGR,Bulgaria,Year,2018,false,,,,,,,,,,,,,283.1,,,,,,283.08,,,EN,2025-12-04T23:00:00.000Z
GHED_OOP_pc_US_SHA2011,Out-of-pocket expenditure (OOP) per capita in US$,numeric,AMR,Americas,Country,ARG,Argentina,Year,2018,false,,,,,,,,,,,,,287.3,,,,,,287.28,,,EN,2025-12-04T23:00:00.000Z
GHED_OOP_pc_US_SHA2011,Out-of-pocket expenditure (OOP) per capita in US$,numeric,AFR,Africa,Country,LBR,Liberia,Year,2018,false,,,,,,,,,,,,,29.19,,,,,,29.19,,,EN,2025-12-04T23:00:00.000Z
GHED_OOP_pc_US_SHA2011,Out-of-pocket expenditure (OOP) per capita in US$,numeric,SEAR,South-East Asia,Country,NPL,Nepal,Year,2018,false,,,,,,,,,,,,,29.54,,,,,,29.54,,,EN,2025-12-04T23:00:00.000Z
GHED_OOP_pc_US_SHA2011,Out-of-pocket expenditure (OOP) per capita in US$,numeric,AFR,Africa,Country,SWZ,Eswatini,Year,2018,false,,,,,,,,,,,,,29.67,,,,,,29.67,,,EN,2025-12-04T23:00:00.000Z
GHED_OOP_pc_US_SHA2011,Out-of-pocket expenditure (OOP) per capita in US$,numeric,EUR,Europe,Country,HUN,Hungary,Year,2018,false,,,,,,,,,,,,,291.4,,,,,,291.37,,,EN,2025-12-04T23:00:00.000Z
GHED_OOP_pc_US_SHA2011,Out-of-pocket expenditure (OOP) per capita in US$,numeric,EUR,Europe,Country,MNE,Montenegro,Year,2018,false,,,,,,,,,,,,,295.4,,,,,,295.40,,,EN,2025-12-04T23:00:00.000Z
GHED_OOP_pc_US_SHA2011,Out-of-pocket expenditure (OOP) per capita in US$,numeric,WPR,Western Pacific,Country,PLW,Palau,Year,2018,false,,,,,,,,,,,,,299.4,,,,,,299.39,,,EN,2025-12-04T23:00:00.000Z
GHED_OOP_pc_US_SHA2011,Out-of-pocket expenditure (OOP) per capita in US$,numeric,WPR,Western Pacific,Country,SLB,Solomon Islands,Year,2018,false,,,,,,,,,,,,,3.18,,,,,,3.18,,,EN,2025-12-04T23:00:00.000Z
GHED_OOP_pc_US_SHA2011,Out-of-pocket expenditure (OOP) per capita in US$,numeric,AFR,Africa,Country,MOZ,Mozambique,Year,2018,false,,,,,,,,,,,,,3.85,,,,,,3.85,,,EN,2025-12-04T23:00:00.000Z
GHED_OOP_pc_US_SHA2011,Out-of-pocket expenditure (OOP) per capita in US$,numeric,WPR,Western Pacific,Country,TUV,Tuvalu,Year,2018,false,,,,,,,,,,,,,3.9,,,,,,3.90,,,EN,2025-12-04T23:00:00.000Z
GHED_OOP_pc_US_SHA2011,Out-of-pocket expenditure (OOP) per capita in US$,numeric,AFR,Africa,Country,AGO,Angola,Year,2018,false,,,,,,,,,,,,,30.4,,,,,,30.40,,,EN,2025-12-04T23:00:00.000Z
GHED_OOP_pc_US_SHA2011,Out-of-pocket expenditure (OOP) per capita in US$,numeric,EUR,Europe,Country,KGZ,Kyrgyzstan,Year,2018,false,,,,,,,,,,,,,30.46,,,,,,30.46,,,EN,2025-12-04T23:00:00.000Z
GHED_OOP_pc_US_SHA2011,Out-of-pocket expenditure (OOP) per capita in US$,numeric,SEAR,South-East Asia,Country,IND,India,Year,2018,false,,,,,,,,,,,,,30.59,,,,,,30.59,,,EN,2025-12-04T23:00:00.000Z
GHED_OOP_pc_US_SHA2011,Out-of-pocket expenditure (OOP) per capita in US$,numeric,AFR,Africa,Country,MUS,Mauritius,Year,2018,false,,,,,,,,,,,,,300.6,,,,,,300.58,,,EN,2025-12-04T23:00:00.000Z
GHED_OOP_pc_US_SHA2011,Out-of-pocket expenditure (OOP) per capita in US$,numeric,AFR,Africa,Country,SEN,Senegal,Year,2018,false,,,,,,,,,,,,,31.12,,,,,,31.12,,,EN,2025-12-04T23:00:00.000Z
GHED_OOP_pc_US_SHA2011,Out-of-pocket expenditure (OOP) per capita in US$,numeric,SEAR,South-East Asia,Country,BGD,Bangladesh,Year,2018,false,,,,,,,,,,,,,31.66,,,,,,31.66,,,EN,2025-12-04T23:00:00.000Z
GHED_OOP_pc_US_SHA2011,Out-of-pocket expenditure (OOP) per capita in US$,numeric,EMR,Eastern Mediterranean,Country,BHR,Bahrain,Year,2018,false,,,,,,,,,,,,,312.6,,,,,,312.59,,,EN,2025-12-04T23:00:00.000Z
GHED_OOP_pc_US_SHA2011,Out-of-pocket expenditure (OOP) per capita in US$,numeric,EUR,Europe,Country,TKM,Turkmenistan,Year,2018,false,,,,,,,,,,,,,315.2,,,,,,315.18,,,EN,2025-12-04T23:00:00.000Z
GHED_OOP_pc_US_SHA2011,Out-of-pocket expenditure (OOP) per capita in US$,numeric,AFR,Africa,Country,MRT,Mauritania,Year,2018,false,,,,,,,,,,,,,32.27,,,,,,32.27,,,EN,2025-12-04T23:00:00.000Z
GHED_OOP_pc_US_SHA2011,Out-of-pocket expenditure (OOP) per capita in US$,numeric,AFR,Africa,Country,ZAF,South Africa,Year,2018,false,,,,,,,,,,,,,32.67,,,,,,32.67,,,EN,2025-12-04T23:00:00.000Z
GHED_OOP_pc_US_SHA2011,Out-of-pocket expenditure (OOP) per capita in US$,numeric,AFR,Africa,Country,TGO,Togo,Year,2018,false,,,,,,,,,,,,,33.91,,,,,,33.91,,,EN,2025-12-04T23:00:00.000Z
GHED_OOP_pc_US_SHA2011,Out-of-pocket expenditure (OOP) per capita in US$,numeric,AFR,Africa,Country,NAM,Namibia,Year,2018,false,,,,,,,,,,,,,35.62,,,,,,35.62,,,EN,2025-12-04T23:00:00.000Z
GHED_OOP_pc_US_SHA2011,Out-of-pocket expenditure (OOP) per capita in US$,numeric,WPR,Western Pacific,Country,BRN,Brunei Darussalam,Year,2018,false,,,,,,,,,,,,,36.33,,,,,,36.33,,,EN,2025-12-04T23:00:00.000Z
GHED_OOP_pc_US_SHA2011,Out-of-pocket expenditure (OOP) per capita in US$,numeric,EUR,Europe,Country,ARM,Armenia,Year,2018,false,,,,,,,,,,,,,361,,,,,,360.99,,,EN,2025-12-04T23:00:00.000Z
GHED_OOP_pc_US_SHA2011,Out-of-pocket expenditure (OOP) per capita in US$,numeric,EUR,Europe,Country,EST,Estonia,Year,2018,false,,,,,,,,,,,,,380.8,,,,,,380.79,,,EN,2025-12-04T23:00:00.000Z
GHED_OOP_pc_US_SHA2011,Out-of-pocket expenditure (OOP) per capita in US$,numeric,WPR,Western Pacific,Country,IDN,Indonesia,Year,2018,false,,,,,,,,,,,,,39.02,,,,,,39.02,,,EN,2025-12-04T23:00:00.000Z
GHED_OOP_pc_US_SHA2011,Out-of-pocket expenditure (OOP) per capita in US$,numeric,AFR,Africa,Country,GNB,Guinea-Bissau,Year,2018,false,,,,,,,,,,,,,39.44,,,,,,39.44,,,EN,2025-12-04T23:00:00.000Z
GHED_OOP_pc_US_SHA2011,Out-of-pocket expenditure (OOP) per capita in US$,numeric,EUR,Europe,Country,AND,Andorra,Year,2018,false,,,,,,,,,,,,,390.2,,,,,,390.15,,,EN,2025-12-04T23:00:00.000Z
GHED_OOP_pc_US_SHA2011,Out-of-pocket expenditure (OOP) per capita in US$,numeric,EUR,Europe,Country,LTU,Lithuania,Year,2018,false,,,,,,,,,,,,,391.2,,,,,,391.23,,,EN,2025-12-04T23:00:00.000Z
GHED_OOP_pc_US_SHA2011,Out-of-pocket expenditure (OOP) per capita in US$,numeric,AFR,Africa,Country,GMB,Gambia,Year,2018,false,,,,,,,,,,,,,4.48,,,,,,4.48,,,EN,2025-12-04T23:00:00.000Z
GHED_OOP_pc_US_SHA2011,Out-of-pocket expenditure (OOP) per capita in US$,numeric,AFR,Africa,Country,MWI,Malawi,Year,2018,false,,,,,,,,,,,,,4.7,,,,,,4.70,,,EN,2025-12-04T23:00:00.000Z
GHED_OOP_pc_US_SHA2011,Out-of-pocket expenditure (OOP) per capita in US$,numeric,AFR,Africa,Country,RWA,Rwanda,Year,2018,false,,,,,,,,,,,,,4.85,,,,,,4.85,,,EN,2025-12-04T23:00:00.000Z
GHED_OOP_pc_US_SHA2011,Out-of-pocket expenditure (OOP) per capita in US$,numeric,EUR,Europe,Country,TJK,Tajikistan,Year,2018,false,,,,,,,,,,,,,40.04,,,,,,40.04,,,EN,2025-12-04T23:00:00.000Z
GHED_OOP_pc_US_SHA2011,Out-of-pocket expenditure (OOP) per capita in US$,numeric,EMR,Eastern Mediterranean,Country,OMN,Oman,Year,2018,false,,,,,,,,,,,,,41.56,,,,,,41.56,,,EN,2025-12-04T23:00:00.000Z
GHED_OOP_pc_US_SHA2011,Out-of-pocket expenditure (OOP) per capita in US$,numeric,AFR,Africa,Country,CMR,Cameroon,Year,2018,false,,,,,,,,,,,,,42.15,,,,,,42.15,,,EN,2025-12-04T23:00:00.000Z
GHED_OOP_pc_US_SHA2011,Out-of-pocket expenditure (OOP) per capita in US$,numeric,EUR,Europe,Country,LVA,Latvia,Year,2018,false,,,,,,,,,,,,,431.6,,,,,,431.56,,,EN,2025-12-04T23:00:00.000Z
GHED_OOP_pc_US_SHA2011,Out-of-pocket expenditure (OOP) per capita in US$,numeric,AMR,Americas,Country,PAN,Panama,Year,2018,false,,,,,,,,,,,,,438.2,,,,,,438.20,,,EN,2025-12-04T23:00:00.000Z
GHED_OOP_pc_US_SHA2011,Out-of-pocket expenditure (OOP) per capita in US$,numeric,WPR,Western Pacific,Country,FJI,Fiji,Year,2018,false,,,,,,,,,,,,,44.98,,,,,,44.98,,,EN,2025-12-04T23:00:00.000Z
GHED_OOP_pc_US_SHA2011,Out-of-pocket expenditure (OOP) per capita in US$,numeric,EUR,Europe,Country,SMR,San Marino,Year,2018,false,,,,,,,,,,,,,441.1,,,,,,441.09,,,EN,2025-12-04T23:00:00.000Z
GHED_OOP_pc_US_SHA2011,Out-of-pocket expenditure (OOP) per capita in US$,numeric,SEAR,South-East Asia,Country,MMR,Myanmar,Year,2018,false,,,,,,,,,,,,,46.5,,,,,,46.50,,,EN,2025-12-04T23:00:00.000Z
GHED_OOP_pc_US_SHA2011,Out-of-pocket expenditure (OOP) per capita in US$,numeric,AMR,Americas,Country,CHL,Chile,Year,2018,false,,,,,,,,,,,,,467.8,,,,,,467.80,,,EN,2025-12-04T23:00:00.000Z
GHED_OOP_pc_US_SHA2011,Out-of-pocket expenditure (OOP) per capita in US$,numeric,AFR,Africa,Country,NGA,Nigeria,Year,2018,false,,,,,,,,,,,,,48.3,,,,,,48.30,,,EN,2025-12-04T23:00:00.000Z
GHED_OOP_pc_US_SHA2011,Out-of-pocket expenditure (OOP) per capita in US$,numeric,AFR,Africa,Country,GAB,Gabon,Year,2018,false,,,,,,,,,,,,,48.37,,,,,,48.37,,,EN,2025-12-04T23:00:00.000Z
GHED_OOP_pc_US_SHA2011,Out-of-pocket expenditure (OOP) per capita in US$,numeric,AMR,Americas,Country,TTO,Trinidad and Tobago,Year,2018,false,,,,,,,,,,,,,485,,,,,,485.01,,,EN,2025-12-04T23:00:00.000Z
GHED_OOP_pc_US_SHA2011,Out-of-pocket expenditure (OOP) per capita in US$,numeric,EUR,Europe,Country,UZB,Uzbekistan,Year,2018,false,,,,,,,,,,,,,49.8,,,,,,49.80,,,EN,2025-12-04T23:00:00.000Z
GHED_OOP_pc_US_SHA2011,Out-of-pocket expenditure (OOP) per capita in US$,numeric,EUR,Europe,Country,FRA,France,Year,2018,false,,,,,,,,,,,,,490.2,,,,,,490.22,,,EN,2025-12-04T23:00:00.000Z
GHED_OOP_pc_US_SHA2011,Out-of-pocket expenditure (OOP) per capita in US$,numeric,EUR,Europe,Country,MCO,Monaco,Year,2018,false,,,,,,,,,,,,,493.9,,,,,,493.93,,,EN,2025-12-04T23:00:00.000Z
GHED_OOP_pc_US_SHA2011,Out-of-pocket expenditure (OOP) per capita in US$,numeric,AFR,Africa,Country,BDI,Burundi,Year,2018,false,,,,,,,,,,,,,5.06,,,,,,5.06,,,EN,2025-12-04T23:00:00.000Z
GHED_OOP_pc_US_SHA2011,Out-of-pocket expenditure (OOP) per capita in US$,numeric,EMR,Eastern Mediterranean,Country,SOM,Somalia,Year,2018,false,,,,,,,,,,,,,5.52,,,,,,5.52,,,EN,2025-12-04T23:00:00.000Z
GHED_OOP_pc_US_SHA2011,Out-of-pocket expenditure (OOP) per capita in US$,numeric,WPR,Western Pacific,Country,PNG,Papua New Guinea,Year,2018,false,,,,,,,,,,,,,5.67,,,,,,5.67,,,EN,2025-12-04T23:00:00.000Z
GHED_OOP_pc_US_SHA2011,Out-of-pocket expenditure (OOP) per capita in US$,numeric,AFR,Africa,Country,COM,Comoros,Year,2018,false,,,,,,,,,,,,,50.36,,,,,,50.36,,,EN,2025-12-04T23:00:00.000Z
GHED_OOP_pc_US_SHA2011,Out-of-pocket expenditure (OOP) per capita in US$,numeric,AMR,Americas,Country,BOL,Bolivia (Plurinational State of),Year,2018,false,,,,,,,,,,,,,51.11,,,,,,51.11,,,EN,2025-12-04T23:00:00.000Z
GHED_OOP_pc_US_SHA2011,Out-of-pocket expenditure (OOP) per capita in US$,numeric,AMR,Americas,Country,BRB,Barbados,Year,2018,false,,,,,,,,,,,,,536.7,,,,,,536.66,,,EN,2025-12-04T23:00:00.000Z
GHED_OOP_pc_US_SHA2011,Out-of-pocket expenditure (OOP) per capita in US$,numeric,AMR,Americas,Country,BHS,Bahamas,Year,2018,false,,,,,,,,,,,,,537.5,,,,,,537.50,,,EN,2025-12-04T23:00:00.000Z
GHED_OOP_pc_US_SHA2011,Out-of-pocket expenditure (OOP) per capita in US$,numeric,EMR,Eastern Mediterranean,Country,AFG,Afghanistan,Year,2018,false,,,,,,,,,,,,,54.29,,,,,,54.29,,,EN,2025-12-04T23:00:00.000Z
GHED_OOP_pc_US_SHA2011,Out-of-pocket expenditure (OOP) per capita in US$,numeric,WPR,Western Pacific,Country,NZL,New Zealand,Year,2018,false,,,,,,,,,,,,,540.1,,,,,,540.14,,,EN,2025-12-04T23:00:00.000Z
GHED_OOP_pc_US_SHA2011,Out-of-pocket expenditure (OOP) per capita in US$,numeric,AFR,Africa,Country,CPV,Cabo Verde,Year,2018,false,,,,,,,,,,,,,55.63,,,,,,55.63,,,EN,2025-12-04T23:00:00.000Z
GHED_OOP_pc_US_SHA2011,Out-of-pocket expenditure (OOP) per capita in US$,numeric,WPR,Western Pacific,Country,KHM,Cambodia,Year,2018,false,,,,,,,,,,,,,55.84,,,,,,55.84,,,EN,2025-12-04T23:00:00.000Z
GHED_OOP_pc_US_SHA2011,Out-of-pocket expenditure (OOP) per capita in US$,numeric,AMR,Americas,Country,KNA,Saint Kitts and Nevis,Year,2018,false,,,,,,,,,,,,,553.5,,,,,,553.48,,,EN,2025-12-04T23:00:00.000Z
GHED_OOP_pc_US_SHA2011,Out-of-pocket expenditure (OOP) per capita in US$,numeric,WPR,Western Pacific,Country,JPN,Japan,Year,2018,false,,,,,,,,,,,,,554.3,,,,,,554.32,,,EN,2025-12-04T23:00:00.000Z
GHED_OOP_pc_US_SHA2011,Out-of-pocket expenditure (OOP) per capita in US$,numeric,AMR,Americas,Country,NIC,Nicaragua,Year,2018,false,,,,,,,,,,,,,57.36,,,,,,57.36,,,EN,2025-12-04T23:00:00.000Z
GHED_OOP_pc_US_SHA2011,Out-of-pocket expenditure (OOP) per capita in US$,numeric,EUR,Europe,Country,NLD,Netherlands (Kingdom of the),Year,2018,false,,,,,,,,,,,,,575.2,,,,,,575.25,,,EN,2025-12-04T23:00:00.000Z
GHED_OOP_pc_US_SHA2011,Out-of-pocket expenditure (OOP) per capita in US$,numeric,EUR,Europe,Country,GRC,Greece,Year,2018,false,,,,,,,,,,,,,578.4,,,,,,578.39,,,EN,2025-12-04T23:00:00.000Z
GHED_OOP_pc_US_SHA2011,Out-of-pocket expenditure (OOP) per capita in US$,numeric,AFR,Africa,Country,MDG,Madagascar,Year,2018,false,,,,,,,,,,,,,6.2,,,,,,6.20,,,EN,2025-12-04T23:00:00.000Z
GHED_OOP_pc_US_SHA2011,Out-of-pocket expenditure (OOP) per capita in US$,numeric,AMR,Americas,Country,VEN,Venezuela (Bolivarian Republic of),Year,2018,false,,,,,,,,,,,,,60.77,,,,,,60.77,,,EN,2025-12-04T23:00:00.000Z
GHED_OOP_pc_US_SHA2011,Out-of-pocket expenditure (OOP) per capita in US$,numeric,WPR,Western Pacific,Country,PHL,Philippines,Year,2018,false,,,,,,,,,,,,,63.19,,,,,,63.19,,,EN,2025-12-04T23:00:00.000Z
GHED_OOP_pc_US_SHA2011,Out-of-pocket expenditure (OOP) per capita in US$,numeric,EUR,Europe,Country,LUX,Luxembourg,Year,2018,false,,,,,,,,,,,,,649.8,,,,,,649.84,,,EN,2025-12-04T23:00:00.000Z
GHED_OOP_pc_US_SHA2011,Out-of-pocket expenditure (OOP) per capita in US$,numeric,AMR,Americas,Country,BLZ,Belize,Year,2018,false,,,,,,,,,,,,,65.89,,,,,,65.89,,,EN,2025-12-04T23:00:00.000Z
GHED_OOP_pc_US_SHA2011,Out-of-pocket expenditure (OOP) per capita in US$,numeric,EUR,Europe,Country,TUR,Türkiye,Year,2018,false,,,,,,,,,,,,,66.52,,,,,,66.52,,,EN,2025-12-04T23:00:00.000Z
GHED_OOP_pc_US_SHA2011,Out-of-pocket expenditure (OOP) per capita in US$,numeric,EUR,Europe,Country,PRT,Portugal,Year,2018,false,,,,,,,,,,,,,660.2,,,,,,660.19,,,EN,2025-12-04T23:00:00.000Z
GHED_OOP_pc_US_SHA2011,Out-of-pocket expenditure (OOP) per capita in US$,numeric,EUR,Europe,Country,DEU,Germany,Year,2018,false,,,,,,,,,,,,,666.4,,,,,,666.44,,,EN,2025-12-04T23:00:00.000Z
GHED_OOP_pc_US_SHA2011,Out-of-pocket expenditure (OOP) per capita in US$,numeric,EUR,Europe,Country,ESP,Spain,Year,2018,false,,,,,,,,,,,,,672.2,,,,,,672.24,,,EN,2025-12-04T23:00:00.000Z
GHED_OOP_pc_US_SHA2011,Out-of-pocket expenditure (OOP) per capita in US$,numeric,EUR,Europe,Country,GBR,United Kingdom of Great Britain and Northern Ireland,Year,2018,false,,,,,,,,,,,,,684.9,,,,,,684.93,,,EN,2025-12-04T23:00:00.000Z
GHED_OOP_pc_US_SHA2011,Out-of-pocket expenditure (OOP) per capita in US$,numeric,EUR,Europe,Country,IRL,Ireland,Year,2018,false,,,,,,,,,,,,,695.5,,,,,,695.55,,,EN,2025-12-04T23:00:00.000Z
GHED_OOP_pc_US_SHA2011,Out-of-pocket expenditure (OOP) per capita in US$,numeric,EUR,Europe,Country,ISR,Israel,Year,2018,false,,,,,,,,,,,,,698.7,,,,,,698.65,,,EN,2025-12-04T23:00:00.000Z
GHED_OOP_pc_US_SHA2011,Out-of-pocket expenditure (OOP) per capita in US$,numeric,AFR,Africa,Country,ZMB,Zambia,Year,2018,false,,,,,,,,,,,,,7.18,,,,,,7.18,,,EN,2025-12-04T23:00:00.000Z
GHED_OOP_pc_US_SHA2011,Out-of-pocket expenditure (OOP) per capita in US$,numeric,AFR,Africa,Country,COD,Democratic Republic of the Congo,Year,2018,false,,,,,,,,,,,,,7.19,,,,,,7.19,,,EN,2025-12-04T23:00:00.000Z
GHED_OOP_pc_US_SHA2011,Out-of-pocket expenditure (OOP) per capita in US$,numeric,SEAR,South-East Asia,Country,TLS,Timor-Leste,Year,2018,false,,,,,,,,,,,,,7.93,,,,,,7.93,,,EN,2025-12-04T23:00:00.000Z
GHED_OOP_pc_US_SHA2011,Out-of-pocket expenditure (OOP) per capita in US$,numeric,WPR,Western Pacific,Country,VNM,Viet Nam,Year,2018,false,,,,,,,,,,,,,72.21,,,,,,72.21,,,EN,2025-12-04T23:00:00.000Z
GHED_OOP_pc_US_SHA2011,Out-of-pocket expenditure (OOP) per capita in US$,numeric,SEAR,South-East Asia,Country,LKA,Sri Lanka,Year,2018,false,,,,,,,,,,,,,72.41,,,,,,72.41,,,EN,2025-12-04T23:00:00.000Z
GHED_OOP_pc_US_SHA2011,Out-of-pocket expenditure (OOP) per capita in US$,numeric,EUR,Europe,Country,ITA,Italy,Year,2018,false,,,,,,,,,,,,,726.5,,,,,,726.51,,,EN,2025-12-04T23:00:00.000Z
GHED_OOP_pc_US_SHA2011,Out-of-pocket expenditure (OOP) per capita in US$,numeric,EMR,Eastern Mediterranean,Country,EGY,Egypt,Year,2018,false,,,,,,,,,,,,,73.89,,,,,,73.89,,,EN,2025-12-04T23:00:00.000Z
GHED_OOP_pc_US_SHA2011,Out-of-pocket expenditure (OOP) per capita in US$,numeric,AMR,Americas,Country,CAN,Canada,Year,2018,false,,,,,,,,,,,,,786.7,,,,,,786.71,,,EN,2025-12-04T23:00:00.000Z
GHED_OOP_pc_US_SHA2011,Out-of-pocket expenditure (OOP) per capita in US$,numeric,AMR,Americas,Country,COL,Colombia,Year,2018,false,,,,,,,,,,,,,79.17,,,,,,79.17,,,EN,2025-12-04T23:00:00.000Z
GHED_OOP_pc_US_SHA2011,Out-of-pocket expenditure (OOP) per capita in US$,numeric,WPR,Western Pacific,Country,SGP,Singapore,Year,2018,false,,,,,,,,,,,,,793.2,,,,,,793.17,,,EN,2025-12-04T23:00:00.000Z
GHED_OOP_pc_US_SHA2011,Out-of-pocket expenditure (OOP) per capita in US$,numeric,AFR,Africa,Country,SSD,South Sudan,Year,2018,false,,,,,,,,,,,,,8,,,,,,8.00,,,EN,2025-12-04T23:00:00.000Z
GHED_OOP_pc_US_SHA2011,Out-of-pocket expenditure (OOP) per capita in US$,numeric,WPR,Western Pacific,Country,MHL,Marshall Islands,Year,2018,false,,,,,,,,,,,,,8.28,,,,,,8.28,,,EN,2025-12-04T23:00:00.000Z
GHED_OOP_pc_US_SHA2011,Out-of-pocket expenditure (OOP) per capita in US$,numeric,AFR,Africa,Country,ETH,Ethiopia,Year,2018,false,,,,,,,,,,,,,8.35,,,,,,8.35,,,EN,2025-12-04T23:00:00.000Z
GHED_OOP_pc_US_SHA2011,Out-of-pocket expenditure (OOP) per capita in US$,numeric,AFR,Africa,Country,TZA,United Republic of Tanzania,Year,2018,false,,,,,,,,,,,,,8.58,,,,,,8.58,,,EN,2025-12-04T23:00:00.000Z
GHED_OOP_pc_US_SHA2011,Out-of-pocket expenditure (OOP) per capita in US$,numeric,AMR,Americas,Country,SUR,Suriname,Year,2018,false,,,,,,,,,,,,,82.23,,,,,,82.23,,,EN,2025-12-04T23:00:00.000Z
GHED_OOP_pc_US_SHA2011,Out-of-pocket expenditure (OOP) per capita in US$,numeric,EMR,Eastern Mediterranean,Country,MAR,Morocco,Year,2018,false,,,,,,,,,,,,,82.56,,,,,,82.56,,,EN,2025-12-04T23:00:00.000Z
GHED_OOP_pc_US_SHA2011,Out-of-pocket expenditure (OOP) per capita in US$,numeric,WPR,Western Pacific,Country,MNG,Mongolia,Year,2018,false,,,,,,,,,,,,,82.89,,,,,,82.89,,,EN,2025-12-04T23:00:00.000Z
GHED_OOP_pc_US_SHA2011,Out-of-pocket expenditure (OOP) per capita in US$,numeric,EUR,Europe,Country,FIN,Finland,Year,2018,false,,,,,,,,,,,,,833.3,,,,,,833.30,,,EN,2025-12-04T23:00:00.000Z
GHED_OOP_pc_US_SHA2011,Out-of-pocket expenditure (OOP) per capita in US$,numeric,EUR,Europe,Country,SWE,Sweden,Year,2018,false,,,,,,,,,,,,,859.2,,,,,,859.16,,,EN,2025-12-04T23:00:00.000Z
GHED_OOP_pc_US_SHA2011,Out-of-pocket expenditure (OOP) per capita in US$,numeric,EUR,Europe,Country,DNK,Denmark,Year,2018,false,,,,,,,,,,,,,859.7,,,,,,859.74,,,EN,2025-12-04T23:00:00.000Z
GHED_OOP_pc_US_SHA2011,Out-of-pocket expenditure (OOP) per capita in US$,numeric,WPR,Western Pacific,Country,KOR,Republic of Korea,Year,2018,false,,,,,,,,,,,,,874.9,,,,,,874.90,,,EN,2025-12-04T23:00:00.000Z
GHED_OOP_pc_US_SHA2011,Out-of-pocket expenditure (OOP) per capita in US$,numeric,EUR,Europe,Country,CYP,Cyprus,Year,2018,false,,,,,,,,,,,,,881.8,,,,,,881.76,,,EN,2025-12-04T23:00:00.000Z
GHED_OOP_pc_US_SHA2011,Out-of-pocket expenditure (OOP) per capita in US$,numeric,EUR,Europe,Country,BLR,Belarus,Year,2018,false,,,,,,,,,,,,,89.06,,,,,,89.06,,,EN,2025-12-04T23:00:00.000Z
GHED_OOP_pc_US_SHA2011,Out-of-pocket expenditure (OOP) per capita in US$,numeric,EUR,Europe,Country,KAZ,Kazakhstan,Year,2018,false,,,,,,,,,,,,,89.34,,,,,,89.34,,,EN,2025-12-04T23:00:00.000Z
GHED_OOP_pc_US_SHA2011,Out-of-pocket expenditure (OOP) per capita in US$,numeric,WPR,Western Pacific,Country,NRU,Nauru,Year,2018,false,,,,,,,,,,,,,9.11,,,,,,9.11,,,EN,2025-12-04T23:00:00.000Z
GHED_OOP_pc_US_SHA2011,Out-of-pocket expenditure (OOP) per capita in US$,numeric,WPR,Western Pacific,Country,VUT,Vanuatu,Year,2018,false,,,,,,,,,,,,,9.12,,,,,,9.12,,,EN,2025-12-04T23:00:00.000Z
GHED_OOP_pc_US_SHA2011,Out-of-pocket expenditure (OOP) per capita in US$,numeric,EMR,Eastern Mediterranean,Country,TUN,Tunisia,Year,2018,false,,,,,,,,,,,,,90.29,,,,,,90.29,,,EN,2025-12-04T23:00:00.000Z
GHED_OOP_pc_US_SHA2011,Out-of-pocket expenditure (OOP) per capita in US$,numeric,AFR,Africa,Country,DZA,Algeria,Year,2018,false,,,,,,,,,,,,,91.68,,,,,,91.68,,,EN,2025-12-04T23:00:00.000Z
GHED_OOP_pc_US_SHA2011,Out-of-pocket expenditure (OOP) per capita in US$,numeric,AMR,Americas,Country,HND,Honduras,Year,2018,false,,,,,,,,,,,,,92.89,,,,,,92.89,,,EN,2025-12-04T23:00:00.000Z
GHED_OOP_pc_US_SHA2011,Out-of-pocket expenditure (OOP) per capita in US$,numeric,AMR,Americas,Country,DOM,Dominican Republic,Year,2018,false,,,,,,,,,,,,,94.69,,,,,,94.69,,,EN,2025-12-04T23:00:00.000Z
GHED_OOP_pc_US_SHA2011,Out-of-pocket expenditure (OOP) per capita in US$,numeric,EUR,Europe,Country,MLT,Malta,Year,2018,false,,,,,,,,,,,,,946.5,,,,,,946.53,,,EN,2025-12-04T23:00:00.000Z
GHED_OOP_pc_US_SHA2011,Out-of-pocket expenditure (OOP) per capita in US$,numeric,WPR,Western Pacific,Country,AUS,Australia,Year,2018,false,,,,,,,,,,,,,963.2,,,,,,963.20,,,EN,2025-12-04T23:00:00.000Z
GHED_OOP_pc_US_SHA2011,Out-of-pocket expenditure (OOP) per capita in US$,numeric,EMR,Eastern Mediterranean,Country,IRN,Iran (Islamic Republic of),Year,2018,false,,,,,,,,,,,,,97.69,,,,,,97.69,,,EN,2025-12-04T23:00:00.000Z
GHED_OOP_pc_US_SHA2011,Out-of-pocket expenditure (OOP) per capita in US$,numeric,EUR,Europe,Country,ISL,Iceland,Year,2018,false,,,,,,,,,,,,,993.8,,,,,,993.76,,,EN,2025-12-04T23:00:00.000Z
GHED_OOP_pc_US_SHA2011,Out-of-pocket expenditure (OOP) per capita in US$,numeric,WPR,Western Pacific,Country,KIR,Kiribati,Year,2017,false,,,,,,,,,,,,,1.27,,,,,,1.27,,,EN,2025-12-04T23:00:00.000Z
GHED_OOP_pc_US_SHA2011,Out-of-pocket expenditure (OOP) per capita in US$,numeric,WPR,Western Pacific,Country,FSM,Micronesia (Federated States of),Year,2017,false,,,,,,,,,,,,,10.45,,,,,,10.45,,,EN,2025-12-04T23:00:00.000Z
GHED_OOP_pc_US_SHA2011,Out-of-pocket expenditure (OOP) per capita in US$,numeric,WPR,Western Pacific,Country,NIU,Niue,Year,2017,false,,,,,,,,,,,,,10.61,,,,,,10.61,,,EN,2025-12-04T23:00:00.000Z
GHED_OOP_pc_US_SHA2011,Out-of-pocket expenditure (OOP) per capita in US$,numeric,AFR,Africa,Country,MLI,Mali,Year,2017,false,,,,,,,,,,,,,10.69,,,,,,10.69,,,EN,2025-12-04T23:00:00.000Z
GHED_OOP_pc_US_SHA2011,Out-of-pocket expenditure (OOP) per capita in US$,numeric,EUR,Europe,Country,HRV,Croatia,Year,2017,false,,,,,,,,,,,,,100.8,,,,,,100.81,,,EN,2025-12-04T23:00:00.000Z
GHED_OOP_pc_US_SHA2011,Out-of-pocket expenditure (OOP) per capita in US$,numeric,EUR,Europe,Country,AUT,Austria,Year,2017,false,,,,,,,,,,,,,1005,,,,,,1005.48,,,EN,2025-12-04T23:00:00.000Z
GHED_OOP_pc_US_SHA2011,Out-of-pocket expenditure (OOP) per capita in US$,numeric,AMR,Americas,Country,CUB,Cuba,Year,2017,false,,,,,,,,,,,,,105.7,,,,,,105.71,,,EN,2025-12-04T23:00:00.000Z
GHED_OOP_pc_US_SHA2011,Out-of-pocket expenditure (OOP) per capita in US$,numeric,EUR,Europe,Country,MDA,Republic of Moldova,Year,2017,false,,,,,,,,,,,,,106.4,,,,,,106.44,,,EN,2025-12-04T23:00:00.000Z
GHED_OOP_pc_US_SHA2011,Out-of-pocket expenditure (OOP) per capita in US$,numeric,AMR,Americas,Country,VCT,Saint Vincent and the Grenadines,Year,2017,false,,,,,,,,,,,,,107.6,,,,,,107.61,,,EN,2025-12-04T23:00:00.000Z
GHED_OOP_pc_US_SHA2011,Out-of-pocket expenditure (OOP) per capita in US$,numeric,AFR,Africa,Country,ERI,Eritrea,Year,2017,false,,,,,,,,,,,,,11.79,,,,,,11.79,,,EN,2025-12-04T23:00:00.000Z
GHED_OOP_pc_US_SHA2011,Out-of-pocket expenditure (OOP) per capita in US$,numeric,AFR,Africa,Country,UGA,Uganda,Year,2017,false,,,,,,,,,,,,,11.97,,,,,,11.97,,,EN,2025-12-04T23:00:00.000Z
GHED_OOP_pc_US_SHA2011,Out-of-pocket expenditure (OOP) per capita in US$,numeric,AMR,Americas,Country,USA,United States of America,Year,2017,false,,,,,,,,,,,,,1115,,,,,,1114.75,,,EN,2025-12-04T23:00:00.000Z
GHED_OOP_pc_US_SHA2011,Out-of-pocket expenditure (OOP) per capita in US$,numeric,EUR,Europe,Country,ROU,Romania,Year,2017,false,,,,,,,,,,,,,113.7,,,,,,113.73,,,EN,2025-12-04T23:00:00.000Z
GHED_OOP_pc_US_SHA2011,Out-of-pocket expenditure (OOP) per capita in US$,numeric,EUR,Europe,Country,NOR,Norway,Year,2017,false,,,,,,,,,,,,,1134,,,,,,1134.22,,,EN,2025-12-04T23:00:00.000Z
GHED_OOP_pc_US_SHA2011,Out-of-pocket expenditure (OOP) per capita in US$,numeric,EMR,Eastern Mediterranean,Country,IRQ,Iraq,Year,2017,false,,,,,,,,,,,,,114.5,,,,,,114.49,,,EN,2025-12-04T23:00:00.000Z
GHED_OOP_pc_US_SHA2011,Out-of-pocket expenditure (OOP) per capita in US$,numeric,AMR,Americas,Country,DMA,Dominica,Year,2017,false,,,,,,,,,,,,,118.8,,,,,,118.76,,,EN,2025-12-04T23:00:00.000Z
GHED_OOP_pc_US_SHA2011,Out-of-pocket expenditure (OOP) per capita in US$,numeric,AFR,Africa,Country,GHA,Ghana,Year,2017,false,,,,,,,,,,,,,12.26,,,,,,12.26,,,EN,2025-12-04T23:00:00.000Z
GHED_OOP_pc_US_SHA2011,Out-of-pocket expenditure (OOP) per capita in US$,numeric,EUR,Europe,Country,AZE,Azerbaijan,Year,2017,false,,,,,,,,,,,,,120,,,,,,120.00,,,EN,2025-12-04T23:00:00.000Z
GHED_OOP_pc_US_SHA2011,Out-of-pocket expenditure (OOP) per capita in US$,numeric,AMR,Americas,Country,SLV,El Salvador,Year,2017,false,,,,,,,,,,,,,126.2,,,,,,126.24,,,EN,2025-12-04T23:00:00.000Z
GHED_OOP_pc_US_SHA2011,Out-of-pocket expenditure (OOP) per capita in US$,numeric,EMR,Eastern Mediterranean,Country,PSE,"occupied Palestinian territory, including east Jerusalem",Year,2017,false,,,,,,,,,,,,,129.5,,,,,,129.46,,,EN,2025-12-04T23:00:00.000Z
GHED_OOP_pc_US_SHA2011,Out-of-pocket expenditure (OOP) per capita in US$,numeric,AFR,Africa,Country,BFA,Burkina Faso,Year,2017,false,,,,,,,,,,,,,13.6,,,,,,13.60,,,EN,2025-12-04T23:00:00.000Z
GHED_OOP_pc_US_SHA2011,Out-of-pocket expenditure (OOP) per capita in US$,numeric,SEAR,South-East Asia,Country,BTN,Bhutan,Year,2017,false,,,,,,,,,,,,,13.79,,,,,,13.79,,,EN,2025-12-04T23:00:00.000Z
GHED_OOP_pc_US_SHA2011,Out-of-pocket expenditure (OOP) per capita in US$,numeric,EMR,Eastern Mediterranean,Country,QAT,Qatar,Year,2017,false,,,,,,,,,,,,,131.6,,,,,,131.57,,,EN,2025-12-04T23:00:00.000Z
GHED_OOP_pc_US_SHA2011,Out-of-pocket expenditure (OOP) per capita in US$,numeric,WPR,Western Pacific,Country,MYS,Malaysia,Year,2017,false,,,,,,,,,,,,,131.7,,,,,,131.65,,,EN,2025-12-04T23:00:00.000Z
GHED_OOP_pc_US_SHA2011,Out-of-pocket expenditure (OOP) per capita in US$,numeric,EUR,Europe,Country,BIH,Bosnia and Herzegovina,Year,2017,false,,,,,,,,,,,,,137.2,,,,,,137.25,,,EN,2025-12-04T23:00:00.000Z
GHED_OOP_pc_US_SHA2011,Out-of-pocket expenditure (OOP) per capita in US$,numeric,AFR,Africa,Country,NER,Niger,Year,2017,false,,,,,,,,,,,,,14.06,,,,,,14.06,,,EN,2025-12-04T23:00:00.000Z
GHED_OOP_pc_US_SHA2011,Out-of-pocket expenditure (OOP) per capita in US$,numeric,AFR,Africa,Country,BWA,Botswana,Year,2017,false,,,,,,,,,,,,,14.1,,,,,,14.10,,,EN,2025-12-04T23:00:00.000Z
GHED_OOP_pc_US_SHA2011,Out-of-pocket expenditure (OOP) per capita in US$,numeric,AMR,Americas,Country,ECU,Ecuador,Year,2017,false,,,,,,,,,,,,,140.5,,,,,,140.54,,,EN,2025-12-04T23:00:00.000Z
GHED_OOP_pc_US_SHA2011,Out-of-pocket expenditure (OOP) per capita in US$,numeric,AMR,Americas,Country,GTM,Guatemala,Year,2017,false,,,,,,,,,,,,,143.7,,,,,,143.65,,,EN,2025-12-04T23:00:00.000Z
GHED_OOP_pc_US_SHA2011,Out-of-pocket expenditure (OOP) per capita in US$,numeric,EMR,Eastern Mediterranean,Country,IRN,Iran (Islamic Republic of),Year,2017,false,,,,,,,,,,,,,150,,,,,,149.99,,,EN,2025-12-04T23:00:00.000Z
GHED_OOP_pc_US_SHA2011,Out-of-pocket expenditure (OOP) per capita in US$,numeric,AFR,Africa,Country,KEN,Kenya,Year,2017,false,,,,,,,,,,,,,15.47,,,,,,15.47,,,EN,2025-12-04T23:00:00.000Z
GHED_OOP_pc_US_SHA2011,Out-of-pocket expenditure (OOP) per capita in US$,numeric,WPR,Western Pacific,Country,TON,Tonga,Year,2017,false,,,,,,,,,,,,,15.48,,,,,,15.48,,,EN,2025-12-04T23:00:00.000Z
GHED_OOP_pc_US_SHA2011,Out-of-pocket expenditure (OOP) per capita in US$,numeric,EMR,Eastern Mediterranean,Country,SYR,Syrian Arab Republic,Year,2017,false,,,,,,,,,,,,,15.58,,,,,,15.58,,,EN,2025-12-04T23:00:00.000Z
GHED_OOP_pc_US_SHA2011,Out-of-pocket expenditure (OOP) per capita in US$,numeric,EUR,Europe,Country,MKD,North Macedonia,Year,2017,false,,,,,,,,,,,,,154,,,,,,154.04,,,EN,2025-12-04T23:00:00.000Z
GHED_OOP_pc_US_SHA2011,Out-of-pocket expenditure (OOP) per capita in US$,numeric,EMR,Eastern Mediterranean,Country,LBY,Libya,Year,2017,false,,,,,,,,,,,,,157.5,,,,,,157.45,,,EN,2025-12-04T23:00:00.000Z
GHED_OOP_pc_US_SHA2011,Out-of-pocket expenditure (OOP) per capita in US$,numeric,AFR,Africa,Country,GNQ,Equatorial Guinea,Year,2017,false,,,,,,,,,,,,,157.7,,,,,,157.74,,,EN,2025-12-04T23:00:00.000Z
GHED_OOP_pc_US_SHA2011,Out-of-pocket expenditure (OOP) per capita in US$,numeric,WPR,Western Pacific,Country,CHN,China,Year,2017,false,,,,,,,,,,,,,158.6,,,,,,158.60,,,EN,2025-12-04T23:00:00.000Z
GHED_OOP_pc_US_SHA2011,Out-of-pocket expenditure (OOP) per capita in US$,numeric,AFR,Africa,Country,CAF,Central African Republic,Year,2017,false,,,,,,,,,,,,,16.26,,,,,,16.26,,,EN,2025-12-04T23:00:00.000Z
GHED_OOP_pc_US_SHA2011,Out-of-pocket expenditure (OOP) per capita in US$,numeric,EMR,Eastern Mediterranean,Country,DJI,Djibouti,Year,2017,false,,,,,,,,,,,,,16.91,,,,,,16.91,,,EN,2025-12-04T23:00:00.000Z
GHED_OOP_pc_US_SHA2011,Out-of-pocket expenditure (OOP) per capita in US$,numeric,AFR,Africa,Country,SYC,Seychelles,Year,2017,false,,,,,,,,,,,,,164.1,,,,,,164.10,,,EN,2025-12-04T23:00:00.000Z
GHED_OOP_pc_US_SHA2011,Out-of-pocket expenditure (OOP) per capita in US$,numeric,EUR,Europe,Country,ALB,Albania,Year,2017,false,,,,,,,,,,,,,169,,,,,,168.98,,,EN,2025-12-04T23:00:00.000Z
GHED_OOP_pc_US_SHA2011,Out-of-pocket expenditure (OOP) per capita in US$,numeric,AFR,Africa,Country,STP,Sao Tome and Principe,Year,2017,false,,,,,,,,,,,,,17.28,,,,,,17.28,,,EN,2025-12-04T23:00:00.000Z
GHED_OOP_pc_US_SHA2011,Out-of-pocket expenditure (OOP) per capita in US$,numeric,AFR,Africa,Country,TCD,Chad,Year,2017,false,,,,,,,,,,,,,17.96,,,,,,17.96,,,EN,2025-12-04T23:00:00.000Z
GHED_OOP_pc_US_SHA2011,Out-of-pocket expenditure (OOP) per capita in US$,numeric,EMR,Eastern Mediterranean,Country,KWT,Kuwait,Year,2017,false,,,,,,,,,,,,,174.7,,,,,,174.73,,,EN,2025-12-04T23:00:00.000Z
GHED_OOP_pc_US_SHA2011,Out-of-pocket expenditure (OOP) per capita in US$,numeric,AMR,Americas,Country,PRY,Paraguay,Year,2017,false,,,,,,,,,,,,,178,,,,,,177.99,,,EN,2025-12-04T23:00:00.000Z
GHED_OOP_pc_US_SHA2011,Out-of-pocket expenditure (OOP) per capita in US$,numeric,AFR,Africa,Country,LSO,Lesotho,Year,2017,false,,,,,,,,,,,,,18.21,,,,,,18.21,,,EN,2025-12-04T23:00:00.000Z
GHED_OOP_pc_US_SHA2011,Out-of-pocket expenditure (OOP) per capita in US$,numeric,AFR,Africa,Country,BEN,Benin,Year,2017,false,,,,,,,,,,,,,18.6,,,,,,18.60,,,EN,2025-12-04T23:00:00.000Z
GHED_OOP_pc_US_SHA2011,Out-of-pocket expenditure (OOP) per capita in US$,numeric,AMR,Americas,Country,CRI,Costa Rica,Year,2017,false,,,,,,,,,,,,,184.4,,,,,,184.45,,,EN,2025-12-04T23:00:00.000Z
GHED_OOP_pc_US_SHA2011,Out-of-pocket expenditure (OOP) per capita in US$,numeric,WPR,Western Pacific,Country,COK,Cook Islands,Year,2017,false,,,,,,,,,,,,,19.24,,,,,,19.24,,,EN,2025-12-04T23:00:00.000Z
GHED_OOP_pc_US_SHA2011,Out-of-pocket expenditure (OOP) per capita in US$,numeric,EMR,Eastern Mediterranean,Country,ARE,United Arab Emirates,Year,2017,false,,,,,,,,,,,,,193.5,,,,,,193.53,,,EN,2025-12-04T23:00:00.000Z
GHED_OOP_pc_US_SHA2011,Out-of-pocket expenditure (OOP) per capita in US$,numeric,SEAR,South-East Asia,Country,MDV,Maldives,Year,2017,false,,,,,,,,,,,,,197.9,,,,,,197.94,,,EN,2025-12-04T23:00:00.000Z
GHED_OOP_pc_US_SHA2011,Out-of-pocket expenditure (OOP) per capita in US$,numeric,WPR,Western Pacific,Country,SLB,Solomon Islands,Year,2017,false,,,,,,,,,,,,,2.81,,,,,,2.81,,,EN,2025-12-04T23:00:00.000Z
GHED_OOP_pc_US_SHA2011,Out-of-pocket expenditure (OOP) per capita in US$,numeric,EMR,Eastern Mediterranean,Country,SAU,Saudi Arabia,Year,2017,false,,,,,,,,,,,,,200.7,,,,,,200.66,,,EN,2025-12-04T23:00:00.000Z
GHED_OOP_pc_US_SHA2011,Out-of-pocket expenditure (OOP) per capita in US$,numeric,EUR,Europe,Country,CHE,Switzerland,Year,2017,false,,,,,,,,,,,,,2017,,,,,,2016.68,,,EN,2025-12-04T23:00:00.000Z
GHED_OOP_pc_US_SHA2011,Out-of-pocket expenditure (OOP) per capita in US$,numeric,EUR,Europe,Country,POL,Poland,Year,2017,false,,,,,,,,,,,,,206.8,,,,,,206.81,,,EN,2025-12-04T23:00:00.000Z
GHED_OOP_pc_US_SHA2011,Out-of-pocket expenditure (OOP) per capita in US$,numeric,EUR,Europe,Country,SRB,Serbia,Year,2017,false,,,,,,,,,,,,,209.6,,,,,,209.64,,,EN,2025-12-04T23:00:00.000Z
GHED_OOP_pc_US_SHA2011,Out-of-pocket expenditure (OOP) per capita in US$,numeric,AFR,Africa,Country,GIN,Guinea,Year,2017,false,,,,,,,,,,,,,21.08,,,,,,21.08,,,EN,2025-12-04T23:00:00.000Z
GHED_OOP_pc_US_SHA2011,Out-of-pocket expenditure (OOP) per capita in US$,numeric,AMR,Americas,Country,ATG,Antigua and Barbuda,Year,2017,false,,,,,,,,,,,,,210.2,,,,,,210.19,,,EN,2025-12-04T23:00:00.000Z
GHED_OOP_pc_US_SHA2011,Out-of-pocket expenditure (OOP) per capita in US$,numeric,AMR,Americas,Country,MEX,Mexico,Year,2017,false,,,,,,,,,,,,,214.2,,,,,,214.19,,,EN,2025-12-04T23:00:00.000Z
GHED_OOP_pc_US_SHA2011,Out-of-pocket expenditure (OOP) per capita in US$,numeric,EUR,Europe,Country,CZE,Czechia,Year,2017,false,,,,,,,,,,,,,214.4,,,,,,214.41,,,EN,2025-12-04T23:00:00.000Z
GHED_OOP_pc_US_SHA2011,Out-of-pocket expenditure (OOP) per capita in US$,numeric,EMR,Eastern Mediterranean,Country,LBN,Lebanon,Year,2017,false,,,,,,,,,,,,,222.1,,,,,,222.13,,,EN,2025-12-04T23:00:00.000Z
GHED_OOP_pc_US_SHA2011,Out-of-pocket expenditure (OOP) per capita in US$,numeric,EUR,Europe,Country,SVK,Slovakia,Year,2017,false,,,,,,,,,,,,,222.5,,,,,,222.51,,,EN,2025-12-04T23:00:00.000Z
GHED_OOP_pc_US_SHA2011,Out-of-pocket expenditure (OOP) per capita in US$,numeric,EUR,Europe,Country,LIE,Liechtenstein,Year,2017,false,,,,,,,,,,,,,2262,,,,,,2262.42,,,EN,2025-12-04T23:00:00.000Z
GHED_OOP_pc_US_SHA2011,Out-of-pocket expenditure (OOP) per capita in US$,numeric,AFR,Africa,Country,COG,Congo,Year,2017,false,,,,,,,,,,,,,23.84,,,,,,23.84,,,EN,2025-12-04T23:00:00.000Z
GHED_OOP_pc_US_SHA2011,Out-of-pocket expenditure (OOP) per capita in US$,numeric,AMR,Americas,Country,LCA,Saint Lucia,Year,2017,false,,,,,,,,,,,,,232.9,,,,,,232.87,,,EN,2025-12-04T23:00:00.000Z
GHED_OOP_pc_US_SHA2011,Out-of-pocket expenditure (OOP) per capita in US$,numeric,AMR,Americas,Country,BRA,Brazil,Year,2017,false,,,,,,,,,,,,,233.6,,,,,,233.61,,,EN,2025-12-04T23:00:00.000Z
GHED_OOP_pc_US_SHA2011,Out-of-pocket expenditure (OOP) per capita in US$,numeric,EUR,Europe,Country,RUS,Russian Federation,Year,2017,false,,,,,,,,,,,,,233.7,,,,,,233.67,,,EN,2025-12-04T23:00:00.000Z
GHED_OOP_pc_US_SHA2011,Out-of-pocket expenditure (OOP) per capita in US$,numeric,EUR,Europe,Country,GEO,Georgia,Year,2017,false,,,,,,,,,,,,,236,,,,,,235.99,,,EN,2025-12-04T23:00:00.000Z
GHED_OOP_pc_US_SHA2011,Out-of-pocket expenditure (OOP) per capita in US$,numeric,EUR,Europe,Country,SVN,Slovenia,Year,2017,false,,,,,,,,,,,,,237.2,,,,,,237.21,,,EN,2025-12-04T23:00:00.000Z
GHED_OOP_pc_US_SHA2011,Out-of-pocket expenditure (OOP) per capita in US$,numeric,EMR,Eastern Mediterranean,Country,PAK,Pakistan,Year,2017,false,,,,,,,,,,,,,24.34,,,,,,24.34,,,EN,2025-12-04T23:00:00.000Z
GHED_OOP_pc_US_SHA2011,Out-of-pocket expenditure (OOP) per capita in US$,numeric,AMR,Americas,Country,HTI,Haiti,Year,2017,false,,,,,,,,,,,,,24.43,,,,,,24.43,,,EN,2025-12-04T23:00:00.000Z
GHED_OOP_pc_US_SHA2011,Out-of-pocket expenditure (OOP) per capita in US$,numeric,AFR,Africa,Country,CIV,Cote d'Ivoire,Year,2017,false,,,,,,,,,,,,,25.01,,,,,,25.01,,,EN,2025-12-04T23:00:00.000Z
GHED_OOP_pc_US_SHA2011,Out-of-pocket expenditure (OOP) per capita in US$,numeric,AFR,Africa,Country,SLE,Sierra Leone,Year,2017,false,,,,,,,,,,,,,25.82,,,,,,25.82,,,EN,2025-12-04T23:00:00.000Z
GHED_OOP_pc_US_SHA2011,Out-of-pocket expenditure (OOP) per capita in US$,numeric,AMR,Americas,Country,GRD,Grenada,Year,2017,false,,,,,,,,,,,,,250.2,,,,,,250.24,,,EN,2025-12-04T23:00:00.000Z
GHED_OOP_pc_US_SHA2011,Out-of-pocket expenditure (OOP) per capita in US$,numeric,WPR,Western Pacific,Country,WSM,Samoa,Year,2017,false,,,,,,,,,,,,,26.53,,,,,,26.53,,,EN,2025-12-04T23:00:00.000Z
GHED_OOP_pc_US_SHA2011,Out-of-pocket expenditure (OOP) per capita in US$,numeric,EUR,Europe,Country,MNE,Montenegro,Year,2017,false,,,,,,,,,,,,,263,,,,,,262.98,,,EN,2025-12-04T23:00:00.000Z
GHED_OOP_pc_US_SHA2011,Out-of-pocket expenditure (OOP) per capita in US$,numeric,AFR,Africa,Country,SEN,Senegal,Year,2017,false,,,,,,,,,,,,,27.62,,,,,,27.62,,,EN,2025-12-04T23:00:00.000Z
GHED_OOP_pc_US_SHA2011,Out-of-pocket expenditure (OOP) per capita in US$,numeric,AFR,Africa,Country,SWZ,Eswatini,Year,2017,false,,,,,,,,,,,,,27.87,,,,,,27.87,,,EN,2025-12-04T23:00:00.000Z
GHED_OOP_pc_US_SHA2011,Out-of-pocket expenditure (OOP) per capita in US$,numeric,EUR,Europe,Country,HUN,Hungary,Year,2017,false,,,,,,,,,,,,,270,,,,,,270.02,,,EN,2025-12-04T23:00:00.000Z
GHED_OOP_pc_US_SHA2011,Out-of-pocket expenditure (OOP) per capita in US$,numeric,EUR,Europe,Country,BGR,Bulgaria,Year,2017,false,,,,,,,,,,,,,273.2,,,,,,273.23,,,EN,2025-12-04T23:00:00.000Z
GHED_OOP_pc_US_SHA2011,Out-of-pocket expenditure (OOP) per capita in US$,numeric,AMR,Americas,Country,URY,Uruguay,Year,2017,false,,,,,,,,,,,,,275.9,,,,,,275.90,,,EN,2025-12-04T23:00:00.000Z
GHED_OOP_pc_US_SHA2011,Out-of-pocket expenditure (OOP) per capita in US$,numeric,WPR,Western Pacific,Country,LAO,Lao People's Democratic Republic,Year,2017,false,,,,,,,,,,,,,28.4,,,,,,28.40,,,EN,2025-12-04T23:00:00.000Z
GHED_OOP_pc_US_SHA2011,Out-of-pocket expenditure (OOP) per capita in US$,numeric,SEAR,South-East Asia,Country,NPL,Nepal,Year,2017,false,,,,,,,,,,,,,28.48,,,,,,28.48,,,EN,2025-12-04T23:00:00.000Z
GHED_OOP_pc_US_SHA2011,Out-of-pocket expenditure (OOP) per capita in US$,numeric,WPR,Western Pacific,Country,FJI,Fiji,Year,2017,false,,,,,,,,,,,,,28.96,,,,,,28.96,,,EN,2025-12-04T23:00:00.000Z
GHED_OOP_pc_US_SHA2011,Out-of-pocket expenditure (OOP) per capita in US$,numeric,AFR,Africa,Country,MUS,Mauritius,Year,2017,false,,,,,,,,,,,,,281.9,,,,,,281.95,,,EN,2025-12-04T23:00:00.000Z
GHED_OOP_pc_US_SHA2011,Out-of-pocket expenditure (OOP) per capita in US$,numeric,SEAR,South-East Asia,Country,THA,Thailand,Year,2017,false,,,,,,,,,,,,,29.25,,,,,,29.25,,,EN,2025-12-04T23:00:00.000Z
GHED_OOP_pc_US_SHA2011,Out-of-pocket expenditure (OOP) per capita in US$,numeric,SEAR,South-East Asia,Country,BGD,Bangladesh,Year,2017,false,,,,,,,,,,,,,29.56,,,,,,29.56,,,EN,2025-12-04T23:00:00.000Z
GHED_OOP_pc_US_SHA2011,Out-of-pocket expenditure (OOP) per capita in US$,numeric,AFR,Africa,Country,MRT,Mauritania,Year,2017,false,,,,,,,,,,,,,29.86,,,,,,29.86,,,EN,2025-12-04T23:00:00.000Z
GHED_OOP_pc_US_SHA2011,Out-of-pocket expenditure (OOP) per capita in US$,numeric,AFR,Africa,Country,LBR,Liberia,Year,2017,false,,,,,,,,,,,,,29.95,,,,,,29.95,,,EN,2025-12-04T23:00:00.000Z
GHED_OOP_pc_US_SHA2011,Out-of-pocket expenditure (OOP) per capita in US$,numeric,AFR,Africa,Country,MOZ,Mozambique,Year,2017,false,,,,,,,,,,,,,3.56,,,,,,3.56,,,EN,2025-12-04T23:00:00.000Z
GHED_OOP_pc_US_SHA2011,Out-of-pocket expenditure (OOP) per capita in US$,numeric,AFR,Africa,Country,ZAF,South Africa,Year,2017,false,,,,,,,,,,,,,30.78,,,,,,30.78,,,EN,2025-12-04T23:00:00.000Z
GHED_OOP_pc_US_SHA2011,Out-of-pocket expenditure (OOP) per capita in US$,numeric,EUR,Europe,Country,TKM,Turkmenistan,Year,2017,false,,,,,,,,,,,,,300.2,,,,,,300.16,,,EN,2025-12-04T23:00:00.000Z
GHED_OOP_pc_US_SHA2011,Out-of-pocket expenditure (OOP) per capita in US$,numeric,WPR,Western Pacific,Country,PLW,Palau,Year,2017,false,,,,,,,,,,,,,301,,,,,,301.01,,,EN,2025-12-04T23:00:00.000Z
GHED_OOP_pc_US_SHA2011,Out-of-pocket expenditure (OOP) per capita in US$,numeric,AMR,Americas,Country,ARG,Argentina,Year,2017,false,,,,,,,,,,,,,309.4,,,,,,309.38,,,EN,2025-12-04T23:00:00.000Z
GHED_OOP_pc_US_SHA2011,Out-of-pocket expenditure (OOP) per capita in US$,numeric,SEAR,South-East Asia,Country,IND,India,Year,2017,false,,,,,,,,,,,,,31.23,,,,,,31.23,,,EN,2025-12-04T23:00:00.000Z
GHED_OOP_pc_US_SHA2011,Out-of-pocket expenditure (OOP) per capita in US$,numeric,AFR,Africa,Country,TGO,Togo,Year,2017,false,,,,,,,,,,,,,31.68,,,,,,31.68,,,EN,2025-12-04T23:00:00.000Z
GHED_OOP_pc_US_SHA2011,Out-of-pocket expenditure (OOP) per capita in US$,numeric,EUR,Europe,Country,EST,Estonia,Year,2017,false,,,,,,,,,,,,,334.9,,,,,,334.92,,,EN,2025-12-04T23:00:00.000Z
GHED_OOP_pc_US_SHA2011,Out-of-pocket expenditure (OOP) per capita in US$,numeric,WPR,Western Pacific,Country,BRN,Brunei Darussalam,Year,2017,false,,,,,,,,,,,,,34.43,,,,,,34.43,,,EN,2025-12-04T23:00:00.000Z
GHED_OOP_pc_US_SHA2011,Out-of-pocket expenditure (OOP) per capita in US$,numeric,AFR,Africa,Country,NAM,Namibia,Year,2017,false,,,,,,,,,,,,,34.97,,,,,,34.97,,,EN,2025-12-04T23:00:00.000Z
GHED_OOP_pc_US_SHA2011,Out-of-pocket expenditure (OOP) per capita in US$,numeric,EMR,Eastern Mediterranean,Country,BHR,Bahrain,Year,2017,false,,,,,,,,,,,,,345.6,,,,,,345.57,,,EN,2025-12-04T23:00:00.000Z
GHED_OOP_pc_US_SHA2011,Out-of-pocket expenditure (OOP) per capita in US$,numeric,EUR,Europe,Country,ARM,Armenia,Year,2017,false,,,,,,,,,,,,,345.7,,,,,,345.66,,,EN,2025-12-04T23:00:00.000Z
GHED_OOP_pc_US_SHA2011,Out-of-pocket expenditure (OOP) per capita in US$,numeric,EUR,Europe,Country,LTU,Lithuania,Year,2017,false,,,,,,,,,,,,,346.6,,,,,,346.63,,,EN,2025-12-04T23:00:00.000Z
GHED_OOP_pc_US_SHA2011,Out-of-pocket expenditure (OOP) per capita in US$,numeric,EUR,Europe,Country,AND,Andorra,Year,2017,false,,,,,,,,,,,,,347.8,,,,,,347.76,,,EN,2025-12-04T23:00:00.000Z
GHED_OOP_pc_US_SHA2011,Out-of-pocket expenditure (OOP) per capita in US$,numeric,EUR,Europe,Country,TJK,Tajikistan,Year,2017,false,,,,,,,,,,,,,35.9,,,,,,35.90,,,EN,2025-12-04T23:00:00.000Z
GHED_OOP_pc_US_SHA2011,Out-of-pocket expenditure (OOP) per capita in US$,numeric,AMR,Americas,Country,PAN,Panama,Year,2017,false,,,,,,,,,,,,,359.7,,,,,,359.68,,,EN,2025-12-04T23:00:00.000Z
GHED_OOP_pc_US_SHA2011,Out-of-pocket expenditure (OOP) per capita in US$,numeric,AFR,Africa,Country,GNB,Guinea-Bissau,Year,2017,false,,,,,,,,,,,,,37.51,,,,,,37.51,,,EN,2025-12-04T23:00:00.000Z
GHED_OOP_pc_US_SHA2011,Out-of-pocket expenditure (OOP) per capita in US$,numeric,AFR,Africa,Country,AGO,Angola,Year,2017,false,,,,,,,,,,,,,38.47,,,,,,38.47,,,EN,2025-12-04T23:00:00.000Z
GHED_OOP_pc_US_SHA2011,Out-of-pocket expenditure (OOP) per capita in US$,numeric,EUR,Europe,Country,LVA,Latvia,Year,2017,false,,,,,,,,,,,,,389.7,,,,,,389.68,,,EN,2025-12-04T23:00:00.000Z
GHED_OOP_pc_US_SHA2011,Out-of-pocket expenditure (OOP) per capita in US$,numeric,WPR,Western Pacific,Country,IDN,Indonesia,Year,2017,false,,,,,,,,,,,,,39.91,,,,,,39.91,,,EN,2025-12-04T23:00:00.000Z
GHED_OOP_pc_US_SHA2011,Out-of-pocket expenditure (OOP) per capita in US$,numeric,AFR,Africa,Country,MWI,Malawi,Year,2017,false,,,,,,,,,,,,,4.77,,,,,,4.77,,,EN,2025-12-04T23:00:00.000Z
GHED_OOP_pc_US_SHA2011,Out-of-pocket expenditure (OOP) per capita in US$,numeric,WPR,Western Pacific,Country,PNG,Papua New Guinea,Year,2017,false,,,,,,,,,,,,,4.97,,,,,,4.97,,,EN,2025-12-04T23:00:00.000Z
GHED_OOP_pc_US_SHA2011,Out-of-pocket expenditure (OOP) per capita in US$,numeric,EMR,Eastern Mediterranean,Country,OMN,Oman,Year,2017,false,,,,,,,,,,,,,41.83,,,,,,41.83,,,EN,2025-12-04T23:00:00.000Z
GHED_OOP_pc_US_SHA2011,Out-of-pocket expenditure (OOP) per capita in US$,numeric,EUR,Europe,Country,KGZ,Kyrgyzstan,Year,2017,false,,,,,,,,,,,,,43.19,,,,,,43.19,,,EN,2025-12-04T23:00:00.000Z
GHED_OOP_pc_US_SHA2011,Out-of-pocket expenditure (OOP) per capita in US$,numeric,AFR,Africa,Country,CMR,Cameroon,Year,2017,false,,,,,,,,,,,,,44.52,,,,,,44.52,,,EN,2025-12-04T23:00:00.000Z
GHED_OOP_pc_US_SHA2011,Out-of-pocket expenditure (OOP) per capita in US$,numeric,AMR,Americas,Country,TTO,Trinidad and Tobago,Year,2017,false,,,,,,,,,,,,,442.1,,,,,,442.08,,,EN,2025-12-04T23:00:00.000Z
GHED_OOP_pc_US_SHA2011,Out-of-pocket expenditure (OOP) per capita in US$,numeric,EUR,Europe,Country,MCO,Monaco,Year,2017,false,,,,,,,,,,,,,446.8,,,,,,446.76,,,EN,2025-12-04T23:00:00.000Z
GHED_OOP_pc_US_SHA2011,Out-of-pocket expenditure (OOP) per capita in US$,numeric,SEAR,South-East Asia,Country,MMR,Myanmar,Year,2017,false,,,,,,,,,,,,,45.05,,,,,,45.05,,,EN,2025-12-04T23:00:00.000Z
GHED_OOP_pc_US_SHA2011,Out-of-pocket expenditure (OOP) per capita in US$,numeric,WPR,Western Pacific,Country,KHM,Cambodia,Year,2017,false,,,,,,,,,,,,,45.41,,,,,,45.41,,,EN,2025-12-04T23:00:00.000Z
GHED_OOP_pc_US_SHA2011,Out-of-pocket expenditure (OOP) per capita in US$,numeric,AMR,Americas,Country,CHL,Chile,Year,2017,false,,,,,,,,,,,,,450.8,,,,,,450.85,,,EN,2025-12-04T23:00:00.000Z
GHED_OOP_pc_US_SHA2011,Out-of-pocket expenditure (OOP) per capita in US$,numeric,EUR,Europe,Country,SMR,San Marino,Year,2017,false,,,,,,,,,,,,,454.9,,,,,,454.86,,,EN,2025-12-04T23:00:00.000Z
GHED_OOP_pc_US_SHA2011,Out-of-pocket expenditure (OOP) per capita in US$,numeric,AFR,Africa,Country,COM,Comoros,Year,2017,false,,,,,,,,,,,,,47.89,,,,,,47.89,,,EN,2025-12-04T23:00:00.000Z
GHED_OOP_pc_US_SHA2011,Out-of-pocket expenditure (OOP) per capita in US$,numeric,EUR,Europe,Country,FRA,France,Year,2017,false,,,,,,,,,,,,,472.1,,,,,,472.06,,,EN,2025-12-04T23:00:00.000Z
GHED_OOP_pc_US_SHA2011,Out-of-pocket expenditure (OOP) per capita in US$,numeric,AFR,Africa,Country,GAB,Gabon,Year,2017,false,,,,,,,,,,,,,48.42,,,,,,48.42,,,EN,2025-12-04T23:00:00.000Z
GHED_OOP_pc_US_SHA2011,Out-of-pocket expenditure (OOP) per capita in US$,numeric,EMR,Eastern Mediterranean,Country,SDN,Sudan,Year,2017,false,,,,,,,,,,,,,49.15,,,,,,49.15,,,EN,2025-12-04T23:00:00.000Z
GHED_OOP_pc_US_SHA2011,Out-of-pocket expenditure (OOP) per capita in US$,numeric,EMR,Eastern Mediterranean,Country,SOM,Somalia,Year,2017,false,,,,,,,,,,,,,5.36,,,,,,5.36,,,EN,2025-12-04T23:00:00.000Z
GHED_OOP_pc_US_SHA2011,Out-of-pocket expenditure (OOP) per capita in US$,numeric,AFR,Africa,Country,SSD,South Sudan,Year,2017,false,,,,,,,,,,,,,5.38,,,,,,5.38,,,EN,2025-12-04T23:00:00.000Z
GHED_OOP_pc_US_SHA2011,Out-of-pocket expenditure (OOP) per capita in US$,numeric,AFR,Africa,Country,BDI,Burundi,Year,2017,false,,,,,,,,,,,,,5.56,,,,,,5.56,,,EN,2025-12-04T23:00:00.000Z
GHED_OOP_pc_US_SHA2011,Out-of-pocket expenditure (OOP) per capita in US$,numeric,AFR,Africa,Country,RWA,Rwanda,Year,2017,false,,,,,,,,,,,,,5.73,,,,,,5.73,,,EN,2025-12-04T23:00:00.000Z
GHED_OOP_pc_US_SHA2011,Out-of-pocket expenditure (OOP) per capita in US$,numeric,AFR,Africa,Country,GMB,Gambia,Year,2017,false,,,,,,,,,,,,,5.75,,,,,,5.75,,,EN,2025-12-04T23:00:00.000Z
GHED_OOP_pc_US_SHA2011,Out-of-pocket expenditure (OOP) per capita in US$,numeric,EMR,Eastern Mediterranean,Country,AFG,Afghanistan,Year,2017,false,,,,,,,,,,,,,50.44,,,,,,50.44,,,EN,2025-12-04T23:00:00.000Z
GHED_OOP_pc_US_SHA2011,Out-of-pocket expenditure (OOP) per capita in US$,numeric,AMR,Americas,Country,BHS,Bahamas,Year,2017,false,,,,,,,,,,,,,515.5,,,,,,515.51,,,EN,2025-12-04T23:00:00.000Z
GHED_OOP_pc_US_SHA2011,Out-of-pocket expenditure (OOP) per capita in US$,numeric,EUR,Europe,Country,UZB,Uzbekistan,Year,2017,false,,,,,,,,,,,,,52.96,,,,,,52.96,,,EN,2025-12-04T23:00:00.000Z
GHED_OOP_pc_US_SHA2011,Out-of-pocket expenditure (OOP) per capita in US$,numeric,WPR,Western Pacific,Country,JPN,Japan,Year,2017,false,,,,,,,,,,,,,523.3,,,,,,523.31,,,EN,2025-12-04T23:00:00.000Z
GHED_OOP_pc_US_SHA2011,Out-of-pocket expenditure (OOP) per capita in US$,numeric,EUR,Europe,Country,GRC,Greece,Year,2017,false,,,,,,,,,,,,,528.4,,,,,,528.35,,,EN,2025-12-04T23:00:00.000Z
GHED_OOP_pc_US_SHA2011,Out-of-pocket expenditure (OOP) per capita in US$,numeric,AMR,Americas,Country,BOL,Bolivia (Plurinational State of),Year,2017,false,,,,,,,,,,,,,53.81,,,,,,53.81,,,EN,2025-12-04T23:00:00.000Z
GHED_OOP_pc_US_SHA2011,Out-of-pocket expenditure (OOP) per capita in US$,numeric,AMR,Americas,Country,BRB,Barbados,Year,2017,false,,,,,,,,,,,,,538.5,,,,,,538.46,,,EN,2025-12-04T23:00:00.000Z
GHED_OOP_pc_US_SHA2011,Out-of-pocket expenditure (OOP) per capita in US$,numeric,WPR,Western Pacific,Country,NZL,New Zealand,Year,2017,false,,,,,,,,,,,,,538.6,,,,,,538.60,,,EN,2025-12-04T23:00:00.000Z
GHED_OOP_pc_US_SHA2011,Out-of-pocket expenditure (OOP) per capita in US$,numeric,AFR,Africa,Country,NGA,Nigeria,Year,2017,false,,,,,,,,,,,,,54.42,,,,,,54.42,,,EN,2025-12-04T23:00:00.000Z
GHED_OOP_pc_US_SHA2011,Out-of-pocket expenditure (OOP) per capita in US$,numeric,EUR,Europe,Country,NLD,Netherlands (Kingdom of the),Year,2017,false,,,,,,,,,,,,,545.2,,,,,,545.21,,,EN,2025-12-04T23:00:00.000Z
GHED_OOP_pc_US_SHA2011,Out-of-pocket expenditure (OOP) per capita in US$,numeric,AFR,Africa,Country,CPV,Cabo Verde,Year,2017,false,,,,,,,,,,,,,59.52,,,,,,59.52,,,EN,2025-12-04T23:00:00.000Z
GHED_OOP_pc_US_SHA2011,Out-of-pocket expenditure (OOP) per capita in US$,numeric,EMR,Eastern Mediterranean,Country,EGY,Egypt,Year,2017,false,,,,,,,,,,,,,59.78,,,,,,59.78,,,EN,2025-12-04T23:00:00.000Z
GHED_OOP_pc_US_SHA2011,Out-of-pocket expenditure (OOP) per capita in US$,numeric,EUR,Europe,Country,PRT,Portugal,Year,2017,false,,,,,,,,,,,,,591.2,,,,,,591.19,,,EN,2025-12-04T23:00:00.000Z
GHED_OOP_pc_US_SHA2011,Out-of-pocket expenditure (OOP) per capita in US$,numeric,WPR,Western Pacific,Country,TUV,Tuvalu,Year,2017,false,,,,,,,,,,,,,6,,,,,,6.00,,,EN,2025-12-04T23:00:00.000Z
GHED_OOP_pc_US_SHA2011,Out-of-pocket expenditure (OOP) per capita in US$,numeric,AFR,Africa,Country,MDG,Madagascar,Year,2017,false,,,,,,,,,,,,,6.06,,,,,,6.06,,,EN,2025-12-04T23:00:00.000Z
GHED_OOP_pc_US_SHA2011,Out-of-pocket expenditure (OOP) per capita in US$,numeric,WPR,Western Pacific,Country,PHL,Philippines,Year,2017,false,,,,,,,,,,,,,60.34,,,,,,60.34,,,EN,2025-12-04T23:00:00.000Z
GHED_OOP_pc_US_SHA2011,Out-of-pocket expenditure (OOP) per capita in US$,numeric,EUR,Europe,Country,DEU,Germany,Year,2017,false,,,,,,,,,,,,,605.6,,,,,,605.58,,,EN,2025-12-04T23:00:00.000Z
GHED_OOP_pc_US_SHA2011,Out-of-pocket expenditure (OOP) per capita in US$,numeric,EUR,Europe,Country,LUX,Luxembourg,Year,2017,false,,,,,,,,,,,,,609.1,,,,,,609.09,,,EN,2025-12-04T23:00:00.000Z
GHED_OOP_pc_US_SHA2011,Out-of-pocket expenditure (OOP) per capita in US$,numeric,WPR,Western Pacific,Country,MNG,Mongolia,Year,2017,false,,,,,,,,,,,,,61.06,,,,,,61.06,,,EN,2025-12-04T23:00:00.000Z
GHED_OOP_pc_US_SHA2011,Out-of-pocket expenditure (OOP) per capita in US$,numeric,AMR,Americas,Country,NIC,Nicaragua,Year,2017,false,,,,,,,,,,,,,61.51,,,,,,61.51,,,EN,2025-12-04T23:00:00.000Z
GHED_OOP_pc_US_SHA2011,Out-of-pocket expenditure (OOP) per capita in US$,numeric,EUR,Europe,Country,ESP,Spain,Year,2017,false,,,,,,,,,,,,,617.8,,,,,,617.80,,,EN,2025-12-04T23:00:00.000Z
GHED_OOP_pc_US_SHA2011,Out-of-pocket expenditure (OOP) per capita in US$,numeric,WPR,Western Pacific,Country,VNM,Viet Nam,Year,2017,false,,,,,,,,,,,,,62.82,,,,,,62.82,,,EN,2025-12-04T23:00:00.000Z
GHED_OOP_pc_US_SHA2011,Out-of-pocket expenditure (OOP) per capita in US$,numeric,EUR,Europe,Country,GBR,United Kingdom of Great Britain and Northern Ireland,Year,2017,false,,,,,,,,,,,,,623.4,,,,,,623.43,,,EN,2025-12-04T23:00:00.000Z
GHED_OOP_pc_US_SHA2011,Out-of-pocket expenditure (OOP) per capita in US$,numeric,AMR,Americas,Country,KNA,Saint Kitts and Nevis,Year,2017,false,,,,,,,,,,,,,633.1,,,,,,633.14,,,EN,2025-12-04T23:00:00.000Z
GHED_OOP_pc_US_SHA2011,Out-of-pocket expenditure (OOP) per capita in US$,numeric,AMR,Americas,Country,BLZ,Belize,Year,2017,false,,,,,,,,,,,,,64.96,,,,,,64.96,,,EN,2025-12-04T23:00:00.000Z
GHED_OOP_pc_US_SHA2011,Out-of-pocket expenditure (OOP) per capita in US$,numeric,EUR,Europe,Country,IRL,Ireland,Year,2017,false,,,,,,,,,,,,,658.5,,,,,,658.51,,,EN,2025-12-04T23:00:00.000Z
GHED_OOP_pc_US_SHA2011,Out-of-pocket expenditure (OOP) per capita in US$,numeric,EUR,Europe,Country,ITA,Italy,Year,2017,false,,,,,,,,,,,,,687.9,,,,,,687.94,,,EN,2025-12-04T23:00:00.000Z
GHED_OOP_pc_US_SHA2011,Out-of-pocket expenditure (OOP) per capita in US$,numeric,EUR,Europe,Country,ISR,Israel,Year,2017,false,,,,,,,,,,,,,689.6,,,,,,689.63,,,EN,2025-12-04T23:00:00.000Z
GHED_OOP_pc_US_SHA2011,Out-of-pocket expenditure (OOP) per capita in US$,numeric,SEAR,South-East Asia,Country,TLS,Timor-Leste,Year,2017,false,,,,,,,,,,,,,7.19,,,,,,7.19,,,EN,2025-12-04T23:00:00.000Z
GHED_OOP_pc_US_SHA2011,Out-of-pocket expenditure (OOP) per capita in US$,numeric,AFR,Africa,Country,COD,Democratic Republic of the Congo,Year,2017,false,,,,,,,,,,,,,7.28,,,,,,7.28,,,EN,2025-12-04T23:00:00.000Z
GHED_OOP_pc_US_SHA2011,Out-of-pocket expenditure (OOP) per capita in US$,numeric,AFR,Africa,Country,ZMB,Zambia,Year,2017,false,,,,,,,,,,,,,7.56,,,,,,7.56,,,EN,2025-12-04T23:00:00.000Z
GHED_OOP_pc_US_SHA2011,Out-of-pocket expenditure (OOP) per capita in US$,numeric,WPR,Western Pacific,Country,MHL,Marshall Islands,Year,2017,false,,,,,,,,,,,,,7.96,,,,,,7.96,,,EN,2025-12-04T23:00:00.000Z
GHED_OOP_pc_US_SHA2011,Out-of-pocket expenditure (OOP) per capita in US$,numeric,SEAR,South-East Asia,Country,LKA,Sri Lanka,Year,2017,false,,,,,,,,,,,,,70.1,,,,,,70.10,,,EN,2025-12-04T23:00:00.000Z
GHED_OOP_pc_US_SHA2011,Out-of-pocket expenditure (OOP) per capita in US$,numeric,EUR,Europe,Country,TUR,Türkiye,Year,2017,false,,,,,,,,,,,,,75.12,,,,,,75.12,,,EN,2025-12-04T23:00:00.000Z
GHED_OOP_pc_US_SHA2011,Out-of-pocket expenditure (OOP) per capita in US$,numeric,AMR,Americas,Country,COL,Colombia,Year,2017,false,,,,,,,,,,,,,76.44,,,,,,76.44,,,EN,2025-12-04T23:00:00.000Z
GHED_OOP_pc_US_SHA2011,Out-of-pocket expenditure (OOP) per capita in US$,numeric,EMR,Eastern Mediterranean,Country,YEM,Yemen,Year,2017,false,,,,,,,,,,,,,76.74,,,,,,76.74,,,EN,2025-12-04T23:00:00.000Z
GHED_OOP_pc_US_SHA2011,Out-of-pocket expenditure (OOP) per capita in US$,numeric,AMR,Americas,Country,GUY,Guyana,Year,2017,false,,,,,,,,,,,,,76.96,,,,,,76.96,,,EN,2025-12-04T23:00:00.000Z
GHED_OOP_pc_US_SHA2011,Out-of-pocket expenditure (OOP) per capita in US$,numeric,AMR,Americas,Country,CAN,Canada,Year,2017,false,,,,,,,,,,,,,774.8,,,,,,774.76,,,EN,2025-12-04T23:00:00.000Z
GHED_OOP_pc_US_SHA2011,Out-of-pocket expenditure (OOP) per capita in US$,numeric,EUR,Europe,Country,CYP,Cyprus,Year,2017,false,,,,,,,,,,,,,780,,,,,,779.99,,,EN,2025-12-04T23:00:00.000Z
GHED_OOP_pc_US_SHA2011,Out-of-pocket expenditure (OOP) per capita in US$,numeric,EUR,Europe,Country,DNK,Denmark,Year,2017,false,,,,,,,,,,,,,796.6,,,,,,796.62,,,EN,2025-12-04T23:00:00.000Z
GHED_OOP_pc_US_SHA2011,Out-of-pocket expenditure (OOP) per capita in US$,numeric,AFR,Africa,Country,TZA,United Republic of Tanzania,Year,2017,false,,,,,,,,,,,,,8.3,,,,,,8.30,,,EN,2025-12-04T23:00:00.000Z
GHED_OOP_pc_US_SHA2011,Out-of-pocket expenditure (OOP) per capita in US$,numeric,AFR,Africa,Country,ETH,Ethiopia,Year,2017,false,,,,,,,,,,,,,8.32,,,,,,8.32,,,EN,2025-12-04T23:00:00.000Z
GHED_OOP_pc_US_SHA2011,Out-of-pocket expenditure (OOP) per capita in US$,numeric,EMR,Eastern Mediterranean,Country,MAR,Morocco,Year,2017,false,,,,,,,,,,,,,80.03,,,,,,80.03,,,EN,2025-12-04T23:00:00.000Z
GHED_OOP_pc_US_SHA2011,Out-of-pocket expenditure (OOP) per capita in US$,numeric,EUR,Europe,Country,FIN,Finland,Year,2017,false,,,,,,,,,,,,,806.7,,,,,,806.74,,,EN,2025-12-04T23:00:00.000Z
GHED_OOP_pc_US_SHA2011,Out-of-pocket expenditure (OOP) per capita in US$,numeric,WPR,Western Pacific,Country,KOR,Republic of Korea,Year,2017,false,,,,,,,,,,,,,808.2,,,,,,808.18,,,EN,2025-12-04T23:00:00.000Z
GHED_OOP_pc_US_SHA2011,Out-of-pocket expenditure (OOP) per capita in US$,numeric,EUR,Europe,Country,SWE,Sweden,Year,2017,false,,,,,,,,,,,,,835.9,,,,,,835.90,,,EN,2025-12-04T23:00:00.000Z
GHED_OOP_pc_US_SHA2011,Out-of-pocket expenditure (OOP) per capita in US$,numeric,AMR,Americas,Country,HND,Honduras,Year,2017,false,,,,,,,,,,,,,84.03,,,,,,84.03,,,EN,2025-12-04T23:00:00.000Z
GHED_OOP_pc_US_SHA2011,Out-of-pocket expenditure (OOP) per capita in US$,numeric,AMR,Americas,Country,SUR,Suriname,Year,2017,false,,,,,,,,,,,,,84.94,,,,,,84.94,,,EN,2025-12-04T23:00:00.000Z
GHED_OOP_pc_US_SHA2011,Out-of-pocket expenditure (OOP) per capita in US$,numeric,WPR,Western Pacific,Country,SGP,Singapore,Year,2017,false,,,,,,,,,,,,,857.2,,,,,,857.24,,,EN,2025-12-04T23:00:00.000Z
GHED_OOP_pc_US_SHA2011,Out-of-pocket expenditure (OOP) per capita in US$,numeric,EUR,Europe,Country,BLR,Belarus,Year,2017,false,,,,,,,,,,,,,89.82,,,,,,89.82,,,EN,2025-12-04T23:00:00.000Z
GHED_OOP_pc_US_SHA2011,Out-of-pocket expenditure (OOP) per capita in US$,numeric,WPR,Western Pacific,Country,VUT,Vanuatu,Year,2017,false,,,,,,,,,,,,,9.44,,,,,,9.44,,,EN,2025-12-04T23:00:00.000Z
GHED_OOP_pc_US_SHA2011,Out-of-pocket expenditure (OOP) per capita in US$,numeric,AFR,Africa,Country,ZWE,Zimbabwe,Year,2017,false,,,,,,,,,,,,,9.69,,,,,,9.69,,,EN,2025-12-04T23:00:00.000Z
GHED_OOP_pc_US_SHA2011,Out-of-pocket expenditure (OOP) per capita in US$,numeric,WPR,Western Pacific,Country,NRU,Nauru,Year,2017,false,,,,,,,,,,,,,9.97,,,,,,9.97,,,EN,2025-12-04T23:00:00.000Z
GHED_OOP_pc_US_SHA2011,Out-of-pocket expenditure (OOP) per capita in US$,numeric,EUR,Europe,Country,UKR,Ukraine,Year,2017,false,,,,,,,,,,,,,90.34,,,,,,90.34,,,EN,2025-12-04T23:00:00.000Z
GHED_OOP_pc_US_SHA2011,Out-of-pocket expenditure (OOP) per capita in US$,numeric,EUR,Europe,Country,KAZ,Kazakhstan,Year,2017,false,,,,,,,,,,,,,90.48,,,,,,90.48,,,EN,2025-12-04T23:00:00.000Z
GHED_OOP_pc_US_SHA2011,Out-of-pocket expenditure (OOP) per capita in US$,numeric,EMR,Eastern Mediterranean,Country,TUN,Tunisia,Year,2017,false,,,,,,,,,,,,,90.71,,,,,,90.71,,,EN,2025-12-04T23:00:00.000Z
GHED_OOP_pc_US_SHA2011,Out-of-pocket expenditure (OOP) per capita in US$,numeric,EUR,Europe,Country,MLT,Malta,Year,2017,false,,,,,,,,,,,,,902.8,,,,,,902.77,,,EN,2025-12-04T23:00:00.000Z
GHED_OOP_pc_US_SHA2011,Out-of-pocket expenditure (OOP) per capita in US$,numeric,AFR,Africa,Country,DZA,Algeria,Year,2017,false,,,,,,,,,,,,,91.95,,,,,,91.95,,,EN,2025-12-04T23:00:00.000Z
GHED_OOP_pc_US_SHA2011,Out-of-pocket expenditure (OOP) per capita in US$,numeric,EUR,Europe,Country,BEL,Belgium,Year,2017,false,,,,,,,,,,,,,923.3,,,,,,923.31,,,EN,2025-12-04T23:00:00.000Z
GHED_OOP_pc_US_SHA2011,Out-of-pocket expenditure (OOP) per capita in US$,numeric,WPR,Western Pacific,Country,AUS,Australia,Year,2017,false,,,,,,,,,,,,,941.4,,,,,,941.39,,,EN,2025-12-04T23:00:00.000Z
GHED_OOP_pc_US_SHA2011,Out-of-pocket expenditure (OOP) per capita in US$,numeric,AMR,Americas,Country,DOM,Dominican Republic,Year,2017,false,,,,,,,,,,,,,95.34,,,,,,95.34,,,EN,2025-12-04T23:00:00.000Z
GHED_OOP_pc_US_SHA2011,Out-of-pocket expenditure (OOP) per capita in US$,numeric,AMR,Americas,Country,PER,Peru,Year,2017,false,,,,,,,,,,,,,96.26,,,,,,96.26,,,EN,2025-12-04T23:00:00.000Z
GHED_OOP_pc_US_SHA2011,Out-of-pocket expenditure (OOP) per capita in US$,numeric,EUR,Europe,Country,ISL,Iceland,Year,2017,false,,,,,,,,,,,,,978.2,,,,,,978.20,,,EN,2025-12-04T23:00:00.000Z
GHED_OOP_pc_US_SHA2011,Out-of-pocket expenditure (OOP) per capita in US$,numeric,AMR,Americas,Country,JAM,Jamaica,Year,2017,false,,,,,,,,,,,,,98.16,,,,,,98.16,,,EN,2025-12-04T23:00:00.000Z
GHED_OOP_pc_US_SHA2011,Out-of-pocket expenditure (OOP) per capita in US$,numeric,EMR,Eastern Mediterranean,Country,JOR,Jordan,Year,2017,false,,,,,,,,,,,,,98.27,,,,,,98.27,,,EN,2025-12-04T23:00:00.000Z
GHED_OOP_pc_US_SHA2011,Out-of-pocket expenditure (OOP) per capita in US$,numeric,WPR,Western Pacific,Country,KIR,Kiribati,Year,2016,false,,,,,,,,,,,,,1.25,,,,,,1.25,,,EN,2025-12-04T23:00:00.000Z
GHED_OOP_pc_US_SHA2011,Out-of-pocket expenditure (OOP) per capita in US$,numeric,AMR,Americas,Country,CUB,Cuba,Year,2016,false,,,,,,,,,,,,,101.9,,,,,,101.92,,,EN,2025-12-04T23:00:00.000Z
GHED_OOP_pc_US_SHA2011,Out-of-pocket expenditure (OOP) per capita in US$,numeric,AMR,Americas,Country,VCT,Saint Vincent and the Grenadines,Year,2016,false,,,,,,,,,,,,,103.4,,,,,,103.37,,,EN,2025-12-04T23:00:00.000Z
GHED_OOP_pc_US_SHA2011,Out-of-pocket expenditure (OOP) per capita in US$,numeric,EUR,Europe,Country,NOR,Norway,Year,2016,false,,,,,,,,,,,,,1069,,,,,,1069.19,,,EN,2025-12-04T23:00:00.000Z
GHED_OOP_pc_US_SHA2011,Out-of-pocket expenditure (OOP) per capita in US$,numeric,WPR,Western Pacific,Country,NRU,Nauru,Year,2016,false,,,,,,,,,,,,,11.1,,,,,,11.10,,,EN,2025-12-04T23:00:00.000Z
GHED_OOP_pc_US_SHA2011,Out-of-pocket expenditure (OOP) per capita in US$,numeric,AFR,Africa,Country,CAF,Central African Republic,Year,2016,false,,,,,,,,,,,,,11.64,,,,,,11.64,,,EN,2025-12-04T23:00:00.000Z
GHED_OOP_pc_US_SHA2011,Out-of-pocket expenditure (OOP) per capita in US$,numeric,AMR,Americas,Country,USA,United States of America,Year,2016,false,,,,,,,,,,,,,1109,,,,,,1108.61,,,EN,2025-12-04T23:00:00.000Z
GHED_OOP_pc_US_SHA2011,Out-of-pocket expenditure (OOP) per capita in US$,numeric,AMR,Americas,Country,SLV,El Salvador,Year,2016,false,,,,,,,,,,,,,117.4,,,,,,117.42,,,EN,2025-12-04T23:00:00.000Z
GHED_OOP_pc_US_SHA2011,Out-of-pocket expenditure (OOP) per capita in US$,numeric,EUR,Europe,Country,AZE,Azerbaijan,Year,2016,false,,,,,,,,,,,,,118.8,,,,,,118.84,,,EN,2025-12-04T23:00:00.000Z
GHED_OOP_pc_US_SHA2011,Out-of-pocket expenditure (OOP) per capita in US$,numeric,EMR,Eastern Mediterranean,Country,SYR,Syrian Arab Republic,Year,2016,false,,,,,,,,,,,,,12.34,,,,,,12.34,,,EN,2025-12-04T23:00:00.000Z
GHED_OOP_pc_US_SHA2011,Out-of-pocket expenditure (OOP) per capita in US$,numeric,AFR,Africa,Country,BFA,Burkina Faso,Year,2016,false,,,,,,,,,,,,,12.4,,,,,,12.40,,,EN,2025-12-04T23:00:00.000Z
GHED_OOP_pc_US_SHA2011,Out-of-pocket expenditure (OOP) per capita in US$,numeric,AFR,Africa,Country,BWA,Botswana,Year,2016,false,,,,,,,,,,,,,12.88,,,,,,12.88,,,EN,2025-12-04T23:00:00.000Z
GHED_OOP_pc_US_SHA2011,Out-of-pocket expenditure (OOP) per capita in US$,numeric,EUR,Europe,Country,MKD,North Macedonia,Year,2016,false,,,,,,,,,,,,,122.7,,,,,,122.72,,,EN,2025-12-04T23:00:00.000Z
GHED_OOP_pc_US_SHA2011,Out-of-pocket expenditure (OOP) per capita in US$,numeric,WPR,Western Pacific,Country,MYS,Malaysia,Year,2016,false,,,,,,,,,,,,,126.1,,,,,,126.08,,,EN,2025-12-04T23:00:00.000Z
GHED_OOP_pc_US_SHA2011,Out-of-pocket expenditure (OOP) per capita in US$,numeric,EMR,Eastern Mediterranean,Country,PSE,"occupied Palestinian territory, including east Jerusalem",Year,2016,false,,,,,,,,,,,,,127.8,,,,,,127.85,,,EN,2025-12-04T23:00:00.000Z
GHED_OOP_pc_US_SHA2011,Out-of-pocket expenditure (OOP) per capita in US$,numeric,EUR,Europe,Country,BIH,Bosnia and Herzegovina,Year,2016,false,,,,,,,,,,,,,128.9,,,,,,128.89,,,EN,2025-12-04T23:00:00.000Z
GHED_OOP_pc_US_SHA2011,Out-of-pocket expenditure (OOP) per capita in US$,numeric,AFR,Africa,Country,NER,Niger,Year,2016,false,,,,,,,,,,,,,13.27,,,,,,13.27,,,EN,2025-12-04T23:00:00.000Z
GHED_OOP_pc_US_SHA2011,Out-of-pocket expenditure (OOP) per capita in US$,numeric,EMR,Eastern Mediterranean,Country,QAT,Qatar,Year,2016,false,,,,,,,,,,,,,130.1,,,,,,130.12,,,EN,2025-12-04T23:00:00.000Z
GHED_OOP_pc_US_SHA2011,Out-of-pocket expenditure (OOP) per capita in US$,numeric,AMR,Americas,Country,ECU,Ecuador,Year,2016,false,,,,,,,,,,,,,134.8,,,,,,134.75,,,EN,2025-12-04T23:00:00.000Z
GHED_OOP_pc_US_SHA2011,Out-of-pocket expenditure (OOP) per capita in US$,numeric,AMR,Americas,Country,DMA,Dominica,Year,2016,false,,,,,,,,,,,,,136.7,,,,,,136.69,,,EN,2025-12-04T23:00:00.000Z
GHED_OOP_pc_US_SHA2011,Out-of-pocket expenditure (OOP) per capita in US$,numeric,AMR,Americas,Country,GTM,Guatemala,Year,2016,false,,,,,,,,,,,,,138.2,,,,,,138.16,,,EN,2025-12-04T23:00:00.000Z
GHED_OOP_pc_US_SHA2011,Out-of-pocket expenditure (OOP) per capita in US$,numeric,WPR,Western Pacific,Country,TON,Tonga,Year,2016,false,,,,,,,,,,,,,14.37,,,,,,14.37,,,EN,2025-12-04T23:00:00.000Z
GHED_OOP_pc_US_SHA2011,Out-of-pocket expenditure (OOP) per capita in US$,numeric,AFR,Africa,Country,LSO,Lesotho,Year,2016,false,,,,,,,,,,,,,14.41,,,,,,14.41,,,EN,2025-12-04T23:00:00.000Z
GHED_OOP_pc_US_SHA2011,Out-of-pocket expenditure (OOP) per capita in US$,numeric,WPR,Western Pacific,Country,CHN,China,Year,2016,false,,,,,,,,,,,,,143,,,,,,142.97,,,EN,2025-12-04T23:00:00.000Z
GHED_OOP_pc_US_SHA2011,Out-of-pocket expenditure (OOP) per capita in US$,numeric,AFR,Africa,Country,STP,Sao Tome and Principe,Year,2016,false,,,,,,,,,,,,,15.27,,,,,,15.27,,,EN,2025-12-04T23:00:00.000Z
GHED_OOP_pc_US_SHA2011,Out-of-pocket expenditure (OOP) per capita in US$,numeric,AFR,Africa,Country,ERI,Eritrea,Year,2016,false,,,,,,,,,,,,,15.34,,,,,,15.34,,,EN,2025-12-04T23:00:00.000Z
GHED_OOP_pc_US_SHA2011,Out-of-pocket expenditure (OOP) per capita in US$,numeric,AFR,Africa,Country,UGA,Uganda,Year,2016,false,,,,,,,,,,,,,15.87,,,,,,15.87,,,EN,2025-12-04T23:00:00.000Z
GHED_OOP_pc_US_SHA2011,Out-of-pocket expenditure (OOP) per capita in US$,numeric,EMR,Eastern Mediterranean,Country,DJI,Djibouti,Year,2016,false,,,,,,,,,,,,,15.95,,,,,,15.95,,,EN,2025-12-04T23:00:00.000Z
GHED_OOP_pc_US_SHA2011,Out-of-pocket expenditure (OOP) per capita in US$,numeric,EMR,Eastern Mediterranean,Country,LBY,Libya,Year,2016,false,,,,,,,,,,,,,150.9,,,,,,150.93,,,EN,2025-12-04T23:00:00.000Z
GHED_OOP_pc_US_SHA2011,Out-of-pocket expenditure (OOP) per capita in US$,numeric,AFR,Africa,Country,GNQ,Equatorial Guinea,Year,2016,false,,,,,,,,,,,,,153,,,,,,153.03,,,EN,2025-12-04T23:00:00.000Z
GHED_OOP_pc_US_SHA2011,Out-of-pocket expenditure (OOP) per capita in US$,numeric,EUR,Europe,Country,ALB,Albania,Year,2016,false,,,,,,,,,,,,,155.7,,,,,,155.67,,,EN,2025-12-04T23:00:00.000Z
GHED_OOP_pc_US_SHA2011,Out-of-pocket expenditure (OOP) per capita in US$,numeric,EMR,Eastern Mediterranean,Country,IRN,Iran (Islamic Republic of),Year,2016,false,,,,,,,,,,,,,158.6,,,,,,158.61,,,EN,2025-12-04T23:00:00.000Z
GHED_OOP_pc_US_SHA2011,Out-of-pocket expenditure (OOP) per capita in US$,numeric,WPR,Western Pacific,Country,COK,Cook Islands,Year,2016,false,,,,,,,,,,,,,16.94,,,,,,16.94,,,EN,2025-12-04T23:00:00.000Z
GHED_OOP_pc_US_SHA2011,Out-of-pocket expenditure (OOP) per capita in US$,numeric,AMR,Americas,Country,PRY,Paraguay,Year,2016,false,,,,,,,,,,,,,165.5,,,,,,165.47,,,EN,2025-12-04T23:00:00.000Z
GHED_OOP_pc_US_SHA2011,Out-of-pocket expenditure (OOP) per capita in US$,numeric,AFR,Africa,Country,TCD,Chad,Year,2016,false,,,,,,,,,,,,,17.62,,,,,,17.62,,,EN,2025-12-04T23:00:00.000Z
GHED_OOP_pc_US_SHA2011,Out-of-pocket expenditure (OOP) per capita in US$,numeric,AFR,Africa,Country,SYC,Seychelles,Year,2016,false,,,,,,,,,,,,,170.4,,,,,,170.37,,,EN,2025-12-04T23:00:00.000Z
GHED_OOP_pc_US_SHA2011,Out-of-pocket expenditure (OOP) per capita in US$,numeric,EMR,Eastern Mediterranean,Country,KWT,Kuwait,Year,2016,false,,,,,,,,,,,,,171.7,,,,,,171.70,,,EN,2025-12-04T23:00:00.000Z
GHED_OOP_pc_US_SHA2011,Out-of-pocket expenditure (OOP) per capita in US$,numeric,AFR,Africa,Country,BEN,Benin,Year,2016,false,,,,,,,,,,,,,18.13,,,,,,18.13,,,EN,2025-12-04T23:00:00.000Z
GHED_OOP_pc_US_SHA2011,Out-of-pocket expenditure (OOP) per capita in US$,numeric,AFR,Africa,Country,KEN,Kenya,Year,2016,false,,,,,,,,,,,,,18.47,,,,,,18.47,,,EN,2025-12-04T23:00:00.000Z
GHED_OOP_pc_US_SHA2011,Out-of-pocket expenditure (OOP) per capita in US$,numeric,EUR,Europe,Country,POL,Poland,Year,2016,false,,,,,,,,,,,,,185.6,,,,,,185.62,,,EN,2025-12-04T23:00:00.000Z
GHED_OOP_pc_US_SHA2011,Out-of-pocket expenditure (OOP) per capita in US$,numeric,EUR,Europe,Country,RUS,Russian Federation,Year,2016,false,,,,,,,,,,,,,187.6,,,,,,187.56,,,EN,2025-12-04T23:00:00.000Z
GHED_OOP_pc_US_SHA2011,Out-of-pocket expenditure (OOP) per capita in US$,numeric,AFR,Africa,Country,GIN,Guinea,Year,2016,false,,,,,,,,,,,,,19.12,,,,,,19.12,,,EN,2025-12-04T23:00:00.000Z
GHED_OOP_pc_US_SHA2011,Out-of-pocket expenditure (OOP) per capita in US$,numeric,SEAR,South-East Asia,Country,BTN,Bhutan,Year,2016,false,,,,,,,,,,,,,19.61,,,,,,19.61,,,EN,2025-12-04T23:00:00.000Z
GHED_OOP_pc_US_SHA2011,Out-of-pocket expenditure (OOP) per capita in US$,numeric,SEAR,South-East Asia,Country,MDV,Maldives,Year,2016,false,,,,,,,,,,,,,192.8,,,,,,192.76,,,EN,2025-12-04T23:00:00.000Z
GHED_OOP_pc_US_SHA2011,Out-of-pocket expenditure (OOP) per capita in US$,numeric,EMR,Eastern Mediterranean,Country,SAU,Saudi Arabia,Year,2016,false,,,,,,,,,,,,,195.6,,,,,,195.56,,,EN,2025-12-04T23:00:00.000Z
GHED_OOP_pc_US_SHA2011,Out-of-pocket expenditure (OOP) per capita in US$,numeric,EUR,Europe,Country,CHE,Switzerland,Year,2016,false,,,,,,,,,,,,,1957,,,,,,1957.34,,,EN,2025-12-04T23:00:00.000Z
GHED_OOP_pc_US_SHA2011,Out-of-pocket expenditure (OOP) per capita in US$,numeric,EUR,Europe,Country,CZE,Czechia,Year,2016,false,,,,,,,,,,,,,196.4,,,,,,196.41,,,EN,2025-12-04T23:00:00.000Z
GHED_OOP_pc_US_SHA2011,Out-of-pocket expenditure (OOP) per capita in US$,numeric,AMR,Americas,Country,CRI,Costa Rica,Year,2016,false,,,,,,,,,,,,,196.4,,,,,,196.44,,,EN,2025-12-04T23:00:00.000Z
GHED_OOP_pc_US_SHA2011,Out-of-pocket expenditure (OOP) per capita in US$,numeric,EUR,Europe,Country,SRB,Serbia,Year,2016,false,,,,,,,,,,,,,196.8,,,,,,196.78,,,EN,2025-12-04T23:00:00.000Z
GHED_OOP_pc_US_SHA2011,Out-of-pocket expenditure (OOP) per capita in US$,numeric,AMR,Americas,Country,BRA,Brazil,Year,2016,false,,,,,,,,,,,,,197.9,,,,,,197.86,,,EN,2025-12-04T23:00:00.000Z
GHED_OOP_pc_US_SHA2011,Out-of-pocket expenditure (OOP) per capita in US$,numeric,WPR,Western Pacific,Country,SLB,Solomon Islands,Year,2016,false,,,,,,,,,,,,,2.81,,,,,,2.81,,,EN,2025-12-04T23:00:00.000Z
GHED_OOP_pc_US_SHA2011,Out-of-pocket expenditure (OOP) per capita in US$,numeric,AMR,Americas,Country,MEX,Mexico,Year,2016,false,,,,,,,,,,,,,202.7,,,,,,202.69,,,EN,2025-12-04T23:00:00.000Z
GHED_OOP_pc_US_SHA2011,Out-of-pocket expenditure (OOP) per capita in US$,numeric,EMR,Eastern Mediterranean,Country,LBN,Lebanon,Year,2016,false,,,,,,,,,,,,,204.9,,,,,,204.95,,,EN,2025-12-04T23:00:00.000Z
GHED_OOP_pc_US_SHA2011,Out-of-pocket expenditure (OOP) per capita in US$,numeric,EUR,Europe,Country,LIE,Liechtenstein,Year,2016,false,,,,,,,,,,,,,2056,,,,,,2055.66,,,EN,2025-12-04T23:00:00.000Z
GHED_OOP_pc_US_SHA2011,Out-of-pocket expenditure (OOP) per capita in US$,numeric,AMR,Americas,Country,HTI,Haiti,Year,2016,false,,,,,,,,,,,,,21.2,,,,,,21.20,,,EN,2025-12-04T23:00:00.000Z
GHED_OOP_pc_US_SHA2011,Out-of-pocket expenditure (OOP) per capita in US$,numeric,EUR,Europe,Country,SVK,Slovakia,Year,2016,false,,,,,,,,,,,,,210.3,,,,,,210.30,,,EN,2025-12-04T23:00:00.000Z
GHED_OOP_pc_US_SHA2011,Out-of-pocket expenditure (OOP) per capita in US$,numeric,AMR,Americas,Country,LCA,Saint Lucia,Year,2016,false,,,,,,,,,,,,,218,,,,,,217.98,,,EN,2025-12-04T23:00:00.000Z
GHED_OOP_pc_US_SHA2011,Out-of-pocket expenditure (OOP) per capita in US$,numeric,EMR,Eastern Mediterranean,Country,PAK,Pakistan,Year,2016,false,,,,,,,,,,,,,22.66,,,,,,22.66,,,EN,2025-12-04T23:00:00.000Z
GHED_OOP_pc_US_SHA2011,Out-of-pocket expenditure (OOP) per capita in US$,numeric,EUR,Europe,Country,SVN,Slovenia,Year,2016,false,,,,,,,,,,,,,220.3,,,,,,220.29,,,EN,2025-12-04T23:00:00.000Z
GHED_OOP_pc_US_SHA2011,Out-of-pocket expenditure (OOP) per capita in US$,numeric,EUR,Europe,Country,GEO,Georgia,Year,2016,false,,,,,,,,,,,,,224.3,,,,,,224.30,,,EN,2025-12-04T23:00:00.000Z
GHED_OOP_pc_US_SHA2011,Out-of-pocket expenditure (OOP) per capita in US$,numeric,AMR,Americas,Country,ATG,Antigua and Barbuda,Year,2016,false,,,,,,,,,,,,,225.1,,,,,,225.08,,,EN,2025-12-04T23:00:00.000Z
GHED_OOP_pc_US_SHA2011,Out-of-pocket expenditure (OOP) per capita in US$,numeric,AMR,Americas,Country,GRD,Grenada,Year,2016,false,,,,,,,,,,,,,228.1,,,,,,228.15,,,EN,2025-12-04T23:00:00.000Z
GHED_OOP_pc_US_SHA2011,Out-of-pocket expenditure (OOP) per capita in US$,numeric,AFR,Africa,Country,SWZ,Eswatini,Year,2016,false,,,,,,,,,,,,,23.97,,,,,,23.97,,,EN,2025-12-04T23:00:00.000Z
GHED_OOP_pc_US_SHA2011,Out-of-pocket expenditure (OOP) per capita in US$,numeric,EUR,Europe,Country,MNE,Montenegro,Year,2016,false,,,,,,,,,,,,,231.3,,,,,,231.27,,,EN,2025-12-04T23:00:00.000Z
GHED_OOP_pc_US_SHA2011,Out-of-pocket expenditure (OOP) per capita in US$,numeric,AFR,Africa,Country,COG,Congo,Year,2016,false,,,,,,,,,,,,,24.03,,,,,,24.03,,,EN,2025-12-04T23:00:00.000Z
GHED_OOP_pc_US_SHA2011,Out-of-pocket expenditure (OOP) per capita in US$,numeric,AFR,Africa,Country,GHA,Ghana,Year,2016,false,,,,,,,,,,,,,24.53,,,,,,24.53,,,EN,2025-12-04T23:00:00.000Z
GHED_OOP_pc_US_SHA2011,Out-of-pocket expenditure (OOP) per capita in US$,numeric,AFR,Africa,Country,CIV,Cote d'Ivoire,Year,2016,false,,,,,,,,,,,,,24.75,,,,,,24.75,,,EN,2025-12-04T23:00:00.000Z
GHED_OOP_pc_US_SHA2011,Out-of-pocket expenditure (OOP) per capita in US$,numeric,SEAR,South-East Asia,Country,THA,Thailand,Year,2016,false,,,,,,,,,,,,,24.85,,,,,,24.85,,,EN,2025-12-04T23:00:00.000Z
GHED_OOP_pc_US_SHA2011,Out-of-pocket expenditure (OOP) per capita in US$,numeric,AMR,Americas,Country,URY,Uruguay,Year,2016,false,,,,,,,,,,,,,241.6,,,,,,241.56,,,EN,2025-12-04T23:00:00.000Z
GHED_OOP_pc_US_SHA2011,Out-of-pocket expenditure (OOP) per capita in US$,numeric,AFR,Africa,Country,ZWE,Zimbabwe,Year,2016,false,,,,,,,,,,,,,25.18,,,,,,25.18,,,EN,2025-12-04T23:00:00.000Z
GHED_OOP_pc_US_SHA2011,Out-of-pocket expenditure (OOP) per capita in US$,numeric,WPR,Western Pacific,Country,LAO,Lao People's Democratic Republic,Year,2016,false,,,,,,,,,,,,,25.25,,,,,,25.25,,,EN,2025-12-04T23:00:00.000Z
GHED_OOP_pc_US_SHA2011,Out-of-pocket expenditure (OOP) per capita in US$,numeric,EUR,Europe,Country,BGR,Bulgaria,Year,2016,false,,,,,,,,,,,,,250.8,,,,,,250.78,,,EN,2025-12-04T23:00:00.000Z
GHED_OOP_pc_US_SHA2011,Out-of-pocket expenditure (OOP) per capita in US$,numeric,EUR,Europe,Country,HUN,Hungary,Year,2016,false,,,,,,,,,,,,,254.5,,,,,,254.45,,,EN,2025-12-04T23:00:00.000Z
GHED_OOP_pc_US_SHA2011,Out-of-pocket expenditure (OOP) per capita in US$,numeric,EMR,Eastern Mediterranean,Country,ARE,United Arab Emirates,Year,2016,false,,,,,,,,,,,,,254.7,,,,,,254.73,,,EN,2025-12-04T23:00:00.000Z
GHED_OOP_pc_US_SHA2011,Out-of-pocket expenditure (OOP) per capita in US$,numeric,SEAR,South-East Asia,Country,NPL,Nepal,Year,2016,false,,,,,,,,,,,,,26.13,,,,,,26.13,,,EN,2025-12-04T23:00:00.000Z
GHED_OOP_pc_US_SHA2011,Out-of-pocket expenditure (OOP) per capita in US$,numeric,AFR,Africa,Country,ZAF,South Africa,Year,2016,false,,,,,,,,,,,,,26.41,,,,,,26.41,,,EN,2025-12-04T23:00:00.000Z
GHED_OOP_pc_US_SHA2011,Out-of-pocket expenditure (OOP) per capita in US$,numeric,WPR,Western Pacific,Country,WSM,Samoa,Year,2016,false,,,,,,,,,,,,,26.92,,,,,,26.92,,,EN,2025-12-04T23:00:00.000Z
GHED_OOP_pc_US_SHA2011,Out-of-pocket expenditure (OOP) per capita in US$,numeric,AFR,Africa,Country,MUS,Mauritius,Year,2016,false,,,,,,,,,,,,,260.3,,,,,,260.26,,,EN,2025-12-04T23:00:00.000Z
GHED_OOP_pc_US_SHA2011,Out-of-pocket expenditure (OOP) per capita in US$,numeric,AFR,Africa,Country,SEN,Senegal,Year,2016,false,,,,,,,,,,,,,27.57,,,,,,27.57,,,EN,2025-12-04T23:00:00.000Z
GHED_OOP_pc_US_SHA2011,Out-of-pocket expenditure (OOP) per capita in US$,numeric,AFR,Africa,Country,MRT,Mauritania,Year,2016,false,,,,,,,,,,,,,27.82,,,,,,27.82,,,EN,2025-12-04T23:00:00.000Z
GHED_OOP_pc_US_SHA2011,Out-of-pocket expenditure (OOP) per capita in US$,numeric,SEAR,South-East Asia,Country,BGD,Bangladesh,Year,2016,false,,,,,,,,,,,,,28.1,,,,,,28.10,,,EN,2025-12-04T23:00:00.000Z
GHED_OOP_pc_US_SHA2011,Out-of-pocket expenditure (OOP) per capita in US$,numeric,EUR,Europe,Country,TKM,Turkmenistan,Year,2016,false,,,,,,,,,,,,,286.8,,,,,,286.85,,,EN,2025-12-04T23:00:00.000Z
GHED_OOP_pc_US_SHA2011,Out-of-pocket expenditure (OOP) per capita in US$,numeric,EUR,Europe,Country,ARM,Armenia,Year,2016,false,,,,,,,,,,,,,290,,,,,,289.99,,,EN,2025-12-04T23:00:00.000Z
GHED_OOP_pc_US_SHA2011,Out-of-pocket expenditure (OOP) per capita in US$,numeric,EUR,Europe,Country,EST,Estonia,Year,2016,false,,,,,,,,,,,,,291,,,,,,291.05,,,EN,2025-12-04T23:00:00.000Z
GHED_OOP_pc_US_SHA2011,Out-of-pocket expenditure (OOP) per capita in US$,numeric,WPR,Western Pacific,Country,PLW,Palau,Year,2016,false,,,,,,,,,,,,,292.4,,,,,,292.37,,,EN,2025-12-04T23:00:00.000Z
GHED_OOP_pc_US_SHA2011,Out-of-pocket expenditure (OOP) per capita in US$,numeric,AFR,Africa,Country,MOZ,Mozambique,Year,2016,false,,,,,,,,,,,,,3.36,,,,,,3.36,,,EN,2025-12-04T23:00:00.000Z
GHED_OOP_pc_US_SHA2011,Out-of-pocket expenditure (OOP) per capita in US$,numeric,EMR,Eastern Mediterranean,Country,BHR,Bahrain,Year,2016,false,,,,,,,,,,,,,306.7,,,,,,306.73,,,EN,2025-12-04T23:00:00.000Z
GHED_OOP_pc_US_SHA2011,Out-of-pocket expenditure (OOP) per capita in US$,numeric,AFR,Africa,Country,NAM,Namibia,Year,2016,false,,,,,,,,,,,,,31.6,,,,,,31.60,,,EN,2025-12-04T23:00:00.000Z
GHED_OOP_pc_US_SHA2011,Out-of-pocket expenditure (OOP) per capita in US$,numeric,AFR,Africa,Country,LBR,Liberia,Year,2016,false,,,,,,,,,,,,,31.64,,,,,,31.64,,,EN,2025-12-04T23:00:00.000Z
GHED_OOP_pc_US_SHA2011,Out-of-pocket expenditure (OOP) per capita in US$,numeric,EUR,Europe,Country,LTU,Lithuania,Year,2016,false,,,,,,,,,,,,,318.7,,,,,,318.69,,,EN,2025-12-04T23:00:00.000Z
GHED_OOP_pc_US_SHA2011,Out-of-pocket expenditure (OOP) per capita in US$,numeric,AFR,Africa,Country,TGO,Togo,Year,2016,false,,,,,,,,,,,,,32.26,,,,,,32.26,,,EN,2025-12-04T23:00:00.000Z
GHED_OOP_pc_US_SHA2011,Out-of-pocket expenditure (OOP) per capita in US$,numeric,AFR,Africa,Country,AGO,Angola,Year,2016,false,,,,,,,,,,,,,33.1,,,,,,33.10,,,EN,2025-12-04T23:00:00.000Z
GHED_OOP_pc_US_SHA2011,Out-of-pocket expenditure (OOP) per capita in US$,numeric,WPR,Western Pacific,Country,BRN,Brunei Darussalam,Year,2016,false,,,,,,,,,,,,,33.84,,,,,,33.84,,,EN,2025-12-04T23:00:00.000Z
GHED_OOP_pc_US_SHA2011,Out-of-pocket expenditure (OOP) per capita in US$,numeric,AMR,Americas,Country,ARG,Argentina,Year,2016,false,,,,,,,,,,,,,338,,,,,,338.04,,,EN,2025-12-04T23:00:00.000Z
GHED_OOP_pc_US_SHA2011,Out-of-pocket expenditure (OOP) per capita in US$,numeric,AMR,Americas,Country,PAN,Panama,Year,2016,false,,,,,,,,,,,,,345.5,,,,,,345.52,,,EN,2025-12-04T23:00:00.000Z
GHED_OOP_pc_US_SHA2011,Out-of-pocket expenditure (OOP) per capita in US$,numeric,EUR,Europe,Country,AND,Andorra,Year,2016,false,,,,,,,,,,,,,347.7,,,,,,347.71,,,EN,2025-12-04T23:00:00.000Z
GHED_OOP_pc_US_SHA2011,Out-of-pocket expenditure (OOP) per capita in US$,numeric,EUR,Europe,Country,TJK,Tajikistan,Year,2016,false,,,,,,,,,,,,,36.25,,,,,,36.25,,,EN,2025-12-04T23:00:00.000Z
GHED_OOP_pc_US_SHA2011,Out-of-pocket expenditure (OOP) per capita in US$,numeric,WPR,Western Pacific,Country,FJI,Fiji,Year,2016,false,,,,,,,,,,,,,36.31,,,,,,36.31,,,EN,2025-12-04T23:00:00.000Z
GHED_OOP_pc_US_SHA2011,Out-of-pocket expenditure (OOP) per capita in US$,numeric,AFR,Africa,Country,GNB,Guinea-Bissau,Year,2016,false,,,,,,,,,,,,,36.56,,,,,,36.56,,,EN,2025-12-04T23:00:00.000Z
GHED_OOP_pc_US_SHA2011,Out-of-pocket expenditure (OOP) per capita in US$,numeric,AFR,Africa,Country,SLE,Sierra Leone,Year,2016,false,,,,,,,,,,,,,36.81,,,,,,36.81,,,EN,2025-12-04T23:00:00.000Z
GHED_OOP_pc_US_SHA2011,Out-of-pocket expenditure (OOP) per capita in US$,numeric,SEAR,South-East Asia,Country,IND,India,Year,2016,false,,,,,,,,,,,,,37.75,,,,,,37.75,,,EN,2025-12-04T23:00:00.000Z
GHED_OOP_pc_US_SHA2011,Out-of-pocket expenditure (OOP) per capita in US$,numeric,EUR,Europe,Country,LVA,Latvia,Year,2016,false,,,,,,,,,,,,,379,,,,,,378.99,,,EN,2025-12-04T23:00:00.000Z
GHED_OOP_pc_US_SHA2011,Out-of-pocket expenditure (OOP) per capita in US$,numeric,EMR,Eastern Mediterranean,Country,OMN,Oman,Year,2016,false,,,,,,,,,,,,,39.73,,,,,,39.73,,,EN,2025-12-04T23:00:00.000Z
GHED_OOP_pc_US_SHA2011,Out-of-pocket expenditure (OOP) per capita in US$,numeric,AFR,Africa,Country,MWI,Malawi,Year,2016,false,,,,,,,,,,,,,4.22,,,,,,4.22,,,EN,2025-12-04T23:00:00.000Z
GHED_OOP_pc_US_SHA2011,Out-of-pocket expenditure (OOP) per capita in US$,numeric,WPR,Western Pacific,Country,TUV,Tuvalu,Year,2016,false,,,,,,,,,,,,,4.96,,,,,,4.96,,,EN,2025-12-04T23:00:00.000Z
GHED_OOP_pc_US_SHA2011,Out-of-pocket expenditure (OOP) per capita in US$,numeric,WPR,Western Pacific,Country,IDN,Indonesia,Year,2016,false,,,,,,,,,,,,,40.56,,,,,,40.56,,,EN,2025-12-04T23:00:00.000Z
GHED_OOP_pc_US_SHA2011,Out-of-pocket expenditure (OOP) per capita in US$,numeric,EUR,Europe,Country,KGZ,Kyrgyzstan,Year,2016,false,,,,,,,,,,,,,40.92,,,,,,40.92,,,EN,2025-12-04T23:00:00.000Z
GHED_OOP_pc_US_SHA2011,Out-of-pocket expenditure (OOP) per capita in US$,numeric,AMR,Americas,Country,CHL,Chile,Year,2016,false,,,,,,,,,,,,,405.9,,,,,,405.85,,,EN,2025-12-04T23:00:00.000Z
GHED_OOP_pc_US_SHA2011,Out-of-pocket expenditure (OOP) per capita in US$,numeric,WPR,Western Pacific,Country,KHM,Cambodia,Year,2016,false,,,,,,,,,,,,,42.17,,,,,,42.17,,,EN,2025-12-04T23:00:00.000Z
GHED_OOP_pc_US_SHA2011,Out-of-pocket expenditure (OOP) per capita in US$,numeric,AFR,Africa,Country,CMR,Cameroon,Year,2016,false,,,,,,,,,,,,,42.56,,,,,,42.56,,,EN,2025-12-04T23:00:00.000Z
GHED_OOP_pc_US_SHA2011,Out-of-pocket expenditure (OOP) per capita in US$,numeric,EUR,Europe,Country,SMR,San Marino,Year,2016,false,,,,,,,,,,,,,447.8,,,,,,447.79,,,EN,2025-12-04T23:00:00.000Z
GHED_OOP_pc_US_SHA2011,Out-of-pocket expenditure (OOP) per capita in US$,numeric,AFR,Africa,Country,CPV,Cabo Verde,Year,2016,false,,,,,,,,,,,,,45.12,,,,,,45.12,,,EN,2025-12-04T23:00:00.000Z
GHED_OOP_pc_US_SHA2011,Out-of-pocket expenditure (OOP) per capita in US$,numeric,AFR,Africa,Country,COM,Comoros,Year,2016,false,,,,,,,,,,,,,45.28,,,,,,45.28,,,EN,2025-12-04T23:00:00.000Z
GHED_OOP_pc_US_SHA2011,Out-of-pocket expenditure (OOP) per capita in US$,numeric,SEAR,South-East Asia,Country,MMR,Myanmar,Year,2016,false,,,,,,,,,,,,,45.76,,,,,,45.76,,,EN,2025-12-04T23:00:00.000Z
GHED_OOP_pc_US_SHA2011,Out-of-pocket expenditure (OOP) per capita in US$,numeric,EUR,Europe,Country,MCO,Monaco,Year,2016,false,,,,,,,,,,,,,456.4,,,,,,456.38,,,EN,2025-12-04T23:00:00.000Z
GHED_OOP_pc_US_SHA2011,Out-of-pocket expenditure (OOP) per capita in US$,numeric,AMR,Americas,Country,TTO,Trinidad and Tobago,Year,2016,false,,,,,,,,,,,,,458.9,,,,,,458.94,,,EN,2025-12-04T23:00:00.000Z
GHED_OOP_pc_US_SHA2011,Out-of-pocket expenditure (OOP) per capita in US$,numeric,EUR,Europe,Country,FRA,France,Year,2016,false,,,,,,,,,,,,,459.6,,,,,,459.56,,,EN,2025-12-04T23:00:00.000Z
GHED_OOP_pc_US_SHA2011,Out-of-pocket expenditure (OOP) per capita in US$,numeric,EMR,Eastern Mediterranean,Country,AFG,Afghanistan,Year,2016,false,,,,,,,,,,,,,46.63,,,,,,46.63,,,EN,2025-12-04T23:00:00.000Z
GHED_OOP_pc_US_SHA2011,Out-of-pocket expenditure (OOP) per capita in US$,numeric,AFR,Africa,Country,GAB,Gabon,Year,2016,false,,,,,,,,,,,,,46.79,,,,,,46.79,,,EN,2025-12-04T23:00:00.000Z
GHED_OOP_pc_US_SHA2011,Out-of-pocket expenditure (OOP) per capita in US$,numeric,AMR,Americas,Country,BHS,Bahamas,Year,2016,false,,,,,,,,,,,,,484.4,,,,,,484.44,,,EN,2025-12-04T23:00:00.000Z
GHED_OOP_pc_US_SHA2011,Out-of-pocket expenditure (OOP) per capita in US$,numeric,AFR,Africa,Country,BDI,Burundi,Year,2016,false,,,,,,,,,,,,,5.27,,,,,,5.27,,,EN,2025-12-04T23:00:00.000Z
GHED_OOP_pc_US_SHA2011,Out-of-pocket expenditure (OOP) per capita in US$,numeric,EMR,Eastern Mediterranean,Country,SOM,Somalia,Year,2016,false,,,,,,,,,,,,,5.29,,,,,,5.29,,,EN,2025-12-04T23:00:00.000Z
GHED_OOP_pc_US_SHA2011,Out-of-pocket expenditure (OOP) per capita in US$,numeric,WPR,Western Pacific,Country,PNG,Papua New Guinea,Year,2016,false,,,,,,,,,,,,,5.48,,,,,,5.48,,,EN,2025-12-04T23:00:00.000Z
GHED_OOP_pc_US_SHA2011,Out-of-pocket expenditure (OOP) per capita in US$,numeric,AFR,Africa,Country,MDG,Madagascar,Year,2016,false,,,,,,,,,,,,,5.58,,,,,,5.58,,,EN,2025-12-04T23:00:00.000Z
GHED_OOP_pc_US_SHA2011,Out-of-pocket expenditure (OOP) per capita in US$,numeric,AFR,Africa,Country,RWA,Rwanda,Year,2016,false,,,,,,,,,,,,,5.77,,,,,,5.77,,,EN,2025-12-04T23:00:00.000Z
GHED_OOP_pc_US_SHA2011,Out-of-pocket expenditure (OOP) per capita in US$,numeric,WPR,Western Pacific,Country,NZL,New Zealand,Year,2016,false,,,,,,,,,,,,,513.8,,,,,,513.83,,,EN,2025-12-04T23:00:00.000Z
GHED_OOP_pc_US_SHA2011,Out-of-pocket expenditure (OOP) per capita in US$,numeric,EUR,Europe,Country,GRC,Greece,Year,2016,false,,,,,,,,,,,,,519.2,,,,,,519.17,,,EN,2025-12-04T23:00:00.000Z
GHED_OOP_pc_US_SHA2011,Out-of-pocket expenditure (OOP) per capita in US$,numeric,EUR,Europe,Country,ESP,Spain,Year,2016,false,,,,,,,,,,,,,522.1,,,,,,522.13,,,EN,2025-12-04T23:00:00.000Z
GHED_OOP_pc_US_SHA2011,Out-of-pocket expenditure (OOP) per capita in US$,numeric,EUR,Europe,Country,NLD,Netherlands (Kingdom of the),Year,2016,false,,,,,,,,,,,,,524.1,,,,,,524.14,,,EN,2025-12-04T23:00:00.000Z
GHED_OOP_pc_US_SHA2011,Out-of-pocket expenditure (OOP) per capita in US$,numeric,AMR,Americas,Country,BRB,Barbados,Year,2016,false,,,,,,,,,,,,,532.2,,,,,,532.18,,,EN,2025-12-04T23:00:00.000Z
GHED_OOP_pc_US_SHA2011,Out-of-pocket expenditure (OOP) per capita in US$,numeric,WPR,Western Pacific,Country,JPN,Japan,Year,2016,false,,,,,,,,,,,,,539.1,,,,,,539.14,,,EN,2025-12-04T23:00:00.000Z
GHED_OOP_pc_US_SHA2011,Out-of-pocket expenditure (OOP) per capita in US$,numeric,WPR,Western Pacific,Country,VNM,Viet Nam,Year,2016,false,,,,,,,,,,,,,55.09,,,,,,55.09,,,EN,2025-12-04T23:00:00.000Z
GHED_OOP_pc_US_SHA2011,Out-of-pocket expenditure (OOP) per capita in US$,numeric,EUR,Europe,Country,PRT,Portugal,Year,2016,false,,,,,,,,,,,,,550.5,,,,,,550.47,,,EN,2025-12-04T23:00:00.000Z
GHED_OOP_pc_US_SHA2011,Out-of-pocket expenditure (OOP) per capita in US$,numeric,AFR,Africa,Country,NGA,Nigeria,Year,2016,false,,,,,,,,,,,,,56.78,,,,,,56.78,,,EN,2025-12-04T23:00:00.000Z
GHED_OOP_pc_US_SHA2011,Out-of-pocket expenditure (OOP) per capita in US$,numeric,EUR,Europe,Country,DEU,Germany,Year,2016,false,,,,,,,,,,,,,575.6,,,,,,575.56,,,EN,2025-12-04T23:00:00.000Z
GHED_OOP_pc_US_SHA2011,Out-of-pocket expenditure (OOP) per capita in US$,numeric,AMR,Americas,Country,BOL,Bolivia (Plurinational State of),Year,2016,false,,,,,,,,,,,,,58.13,,,,,,58.13,,,EN,2025-12-04T23:00:00.000Z
GHED_OOP_pc_US_SHA2011,Out-of-pocket expenditure (OOP) per capita in US$,numeric,WPR,Western Pacific,Country,MNG,Mongolia,Year,2016,false,,,,,,,,,,,,,58.64,,,,,,58.64,,,EN,2025-12-04T23:00:00.000Z
GHED_OOP_pc_US_SHA2011,Out-of-pocket expenditure (OOP) per capita in US$,numeric,EUR,Europe,Country,LUX,Luxembourg,Year,2016,false,,,,,,,,,,,,,588.3,,,,,,588.27,,,EN,2025-12-04T23:00:00.000Z
GHED_OOP_pc_US_SHA2011,Out-of-pocket expenditure (OOP) per capita in US$,numeric,WPR,Western Pacific,Country,PHL,Philippines,Year,2016,false,,,,,,,,,,,,,59.61,,,,,,59.61,,,EN,2025-12-04T23:00:00.000Z
GHED_OOP_pc_US_SHA2011,Out-of-pocket expenditure (OOP) per capita in US$,numeric,AFR,Africa,Country,GMB,Gambia,Year,2016,false,,,,,,,,,,,,,6.33,,,,,,6.33,,,EN,2025-12-04T23:00:00.000Z
GHED_OOP_pc_US_SHA2011,Out-of-pocket expenditure (OOP) per capita in US$,numeric,AFR,Africa,Country,ZMB,Zambia,Year,2016,false,,,,,,,,,,,,,6.72,,,,,,6.72,,,EN,2025-12-04T23:00:00.000Z
GHED_OOP_pc_US_SHA2011,Out-of-pocket expenditure (OOP) per capita in US$,numeric,AMR,Americas,Country,NIC,Nicaragua,Year,2016,false,,,,,,,,,,,,,60.08,,,,,,60.08,,,EN,2025-12-04T23:00:00.000Z
GHED_OOP_pc_US_SHA2011,Out-of-pocket expenditure (OOP) per capita in US$,numeric,EMR,Eastern Mediterranean,Country,YEM,Yemen,Year,2016,false,,,,,,,,,,,,,62.97,,,,,,62.97,,,EN,2025-12-04T23:00:00.000Z
GHED_OOP_pc_US_SHA2011,Out-of-pocket expenditure (OOP) per capita in US$,numeric,EMR,Eastern Mediterranean,Country,SDN,Sudan,Year,2016,false,,,,,,,,,,,,,63.64,,,,,,63.64,,,EN,2025-12-04T23:00:00.000Z
GHED_OOP_pc_US_SHA2011,Out-of-pocket expenditure (OOP) per capita in US$,numeric,EUR,Europe,Country,GBR,United Kingdom of Great Britain and Northern Ireland,Year,2016,false,,,,,,,,,,,,,634,,,,,,633.99,,,EN,2025-12-04T23:00:00.000Z
GHED_OOP_pc_US_SHA2011,Out-of-pocket expenditure (OOP) per capita in US$,numeric,EUR,Europe,Country,ISR,Israel,Year,2016,false,,,,,,,,,,,,,635.3,,,,,,635.34,,,EN,2025-12-04T23:00:00.000Z
GHED_OOP_pc_US_SHA2011,Out-of-pocket expenditure (OOP) per capita in US$,numeric,AMR,Americas,Country,KNA,Saint Kitts and Nevis,Year,2016,false,,,,,,,,,,,,,637.8,,,,,,637.82,,,EN,2025-12-04T23:00:00.000Z
GHED_OOP_pc_US_SHA2011,Out-of-pocket expenditure (OOP) per capita in US$,numeric,EUR,Europe,Country,IRL,Ireland,Year,2016,false,,,,,,,,,,,,,639.5,,,,,,639.50,,,EN,2025-12-04T23:00:00.000Z
GHED_OOP_pc_US_SHA2011,Out-of-pocket expenditure (OOP) per capita in US$,numeric,EUR,Europe,Country,ITA,Italy,Year,2016,false,,,,,,,,,,,,,648.1,,,,,,648.09,,,EN,2025-12-04T23:00:00.000Z
GHED_OOP_pc_US_SHA2011,Out-of-pocket expenditure (OOP) per capita in US$,numeric,AMR,Americas,Country,BLZ,Belize,Year,2016,false,,,,,,,,,,,,,66.18,,,,,,66.18,,,EN,2025-12-04T23:00:00.000Z
GHED_OOP_pc_US_SHA2011,Out-of-pocket expenditure (OOP) per capita in US$,numeric,WPR,Western Pacific,Country,MHL,Marshall Islands,Year,2016,false,,,,,,,,,,,,,7.14,,,,,,7.14,,,EN,2025-12-04T23:00:00.000Z
GHED_OOP_pc_US_SHA2011,Out-of-pocket expenditure (OOP) per capita in US$,numeric,AFR,Africa,Country,COD,Democratic Republic of the Congo,Year,2016,false,,,,,,,,,,,,,7.2,,,,,,7.20,,,EN,2025-12-04T23:00:00.000Z
GHED_OOP_pc_US_SHA2011,Out-of-pocket expenditure (OOP) per capita in US$,numeric,SEAR,South-East Asia,Country,TLS,Timor-Leste,Year,2016,false,,,,,,,,,,,,,7.33,,,,,,7.33,,,EN,2025-12-04T23:00:00.000Z
GHED_OOP_pc_US_SHA2011,Out-of-pocket expenditure (OOP) per capita in US$,numeric,AMR,Americas,Country,COL,Colombia,Year,2016,false,,,,,,,,,,,,,70.07,,,,,,70.07,,,EN,2025-12-04T23:00:00.000Z
GHED_OOP_pc_US_SHA2011,Out-of-pocket expenditure (OOP) per capita in US$,numeric,AMR,Americas,Country,GUY,Guyana,Year,2016,false,,,,,,,,,,,,,70.62,,,,,,70.62,,,EN,2025-12-04T23:00:00.000Z
GHED_OOP_pc_US_SHA2011,Out-of-pocket expenditure (OOP) per capita in US$,numeric,EUR,Europe,Country,UZB,Uzbekistan,Year,2016,false,,,,,,,,,,,,,70.96,,,,,,70.96,,,EN,2025-12-04T23:00:00.000Z
GHED_OOP_pc_US_SHA2011,Out-of-pocket expenditure (OOP) per capita in US$,numeric,SEAR,South-East Asia,Country,LKA,Sri Lanka,Year,2016,false,,,,,,,,,,,,,72.84,,,,,,72.84,,,EN,2025-12-04T23:00:00.000Z
GHED_OOP_pc_US_SHA2011,Out-of-pocket expenditure (OOP) per capita in US$,numeric,EUR,Europe,Country,CYP,Cyprus,Year,2016,false,,,,,,,,,,,,,722.6,,,,,,722.60,,,EN,2025-12-04T23:00:00.000Z
GHED_OOP_pc_US_SHA2011,Out-of-pocket expenditure (OOP) per capita in US$,numeric,AMR,Americas,Country,CAN,Canada,Year,2016,false,,,,,,,,,,,,,725.3,,,,,,725.27,,,EN,2025-12-04T23:00:00.000Z
GHED_OOP_pc_US_SHA2011,Out-of-pocket expenditure (OOP) per capita in US$,numeric,AMR,Americas,Country,SUR,Suriname,Year,2016,false,,,,,,,,,,,,,73.81,,,,,,73.81,,,EN,2025-12-04T23:00:00.000Z
GHED_OOP_pc_US_SHA2011,Out-of-pocket expenditure (OOP) per capita in US$,numeric,EUR,Europe,Country,UKR,Ukraine,Year,2016,false,,,,,,,,,,,,,74.74,,,,,,74.74,,,EN,2025-12-04T23:00:00.000Z
GHED_OOP_pc_US_SHA2011,Out-of-pocket expenditure (OOP) per capita in US$,numeric,WPR,Western Pacific,Country,KOR,Republic of Korea,Year,2016,false,,,,,,,,,,,,,745.3,,,,,,745.28,,,EN,2025-12-04T23:00:00.000Z
GHED_OOP_pc_US_SHA2011,Out-of-pocket expenditure (OOP) per capita in US$,numeric,EUR,Europe,Country,TUR,Türkiye,Year,2016,false,,,,,,,,,,,,,75.15,,,,,,75.15,,,EN,2025-12-04T23:00:00.000Z
GHED_OOP_pc_US_SHA2011,Out-of-pocket expenditure (OOP) per capita in US$,numeric,EUR,Europe,Country,DNK,Denmark,Year,2016,false,,,,,,,,,,,,,757.7,,,,,,757.71,,,EN,2025-12-04T23:00:00.000Z
GHED_OOP_pc_US_SHA2011,Out-of-pocket expenditure (OOP) per capita in US$,numeric,EMR,Eastern Mediterranean,Country,MAR,Morocco,Year,2016,false,,,,,,,,,,,,,79.24,,,,,,79.24,,,EN,2025-12-04T23:00:00.000Z
GHED_OOP_pc_US_SHA2011,Out-of-pocket expenditure (OOP) per capita in US$,numeric,EUR,Europe,Country,MDA,Republic of Moldova,Year,2016,false,,,,,,,,,,,,,79.24,,,,,,79.24,,,EN,2025-12-04T23:00:00.000Z
GHED_OOP_pc_US_SHA2011,Out-of-pocket expenditure (OOP) per capita in US$,numeric,EUR,Europe,Country,BLR,Belarus,Year,2016,false,,,,,,,,,,,,,79.33,,,,,,79.33,,,EN,2025-12-04T23:00:00.000Z
GHED_OOP_pc_US_SHA2011,Out-of-pocket expenditure (OOP) per capita in US$,numeric,EUR,Europe,Country,FIN,Finland,Year,2016,false,,,,,,,,,,,,,791.9,,,,,,791.87,,,EN,2025-12-04T23:00:00.000Z
GHED_OOP_pc_US_SHA2011,Out-of-pocket expenditure (OOP) per capita in US$,numeric,AFR,Africa,Country,TZA,United Republic of Tanzania,Year,2016,false,,,,,,,,,,,,,8.02,,,,,,8.02,,,EN,2025-12-04T23:00:00.000Z
GHED_OOP_pc_US_SHA2011,Out-of-pocket expenditure (OOP) per capita in US$,numeric,AFR,Africa,Country,ETH,Ethiopia,Year,2016,false,,,,,,,,,,,,,8.63,,,,,,8.63,,,EN,2025-12-04T23:00:00.000Z
GHED_OOP_pc_US_SHA2011,Out-of-pocket expenditure (OOP) per capita in US$,numeric,EUR,Europe,Country,MLT,Malta,Year,2016,false,,,,,,,,,,,,,817.3,,,,,,817.31,,,EN,2025-12-04T23:00:00.000Z
GHED_OOP_pc_US_SHA2011,Out-of-pocket expenditure (OOP) per capita in US$,numeric,WPR,Western Pacific,Country,SGP,Singapore,Year,2016,false,,,,,,,,,,,,,818.8,,,,,,818.82,,,EN,2025-12-04T23:00:00.000Z
GHED_OOP_pc_US_SHA2011,Out-of-pocket expenditure (OOP) per capita in US$,numeric,EUR,Europe,Country,SWE,Sweden,Year,2016,false,,,,,,,,,,,,,837,,,,,,836.95,,,EN,2025-12-04T23:00:00.000Z
GHED_OOP_pc_US_SHA2011,Out-of-pocket expenditure (OOP) per capita in US$,numeric,EMR,Eastern Mediterranean,Country,EGY,Egypt,Year,2016,false,,,,,,,,,,,,,84.14,,,,,,84.14,,,EN,2025-12-04T23:00:00.000Z
GHED_OOP_pc_US_SHA2011,Out-of-pocket expenditure (OOP) per capita in US$,numeric,EUR,Europe,Country,ISL,Iceland,Year,2016,false,,,,,,,,,,,,,846.3,,,,,,846.30,,,EN,2025-12-04T23:00:00.000Z
GHED_OOP_pc_US_SHA2011,Out-of-pocket expenditure (OOP) per capita in US$,numeric,EUR,Europe,Country,BEL,Belgium,Year,2016,false,,,,,,,,,,,,,865.5,,,,,,865.54,,,EN,2025-12-04T23:00:00.000Z
GHED_OOP_pc_US_SHA2011,Out-of-pocket expenditure (OOP) per capita in US$,numeric,AFR,Africa,Country,DZA,Algeria,Year,2016,false,,,,,,,,,,,,,87.35,,,,,,87.35,,,EN,2025-12-04T23:00:00.000Z
GHED_OOP_pc_US_SHA2011,Out-of-pocket expenditure (OOP) per capita in US$,numeric,EMR,Eastern Mediterranean,Country,IRQ,Iraq,Year,2016,false,,,,,,,,,,,,,88.45,,,,,,88.45,,,EN,2025-12-04T23:00:00.000Z
GHED_OOP_pc_US_SHA2011,Out-of-pocket expenditure (OOP) per capita in US$,numeric,AMR,Americas,Country,HND,Honduras,Year,2016,false,,,,,,,,,,,,,88.52,,,,,,88.52,,,EN,2025-12-04T23:00:00.000Z
GHED_OOP_pc_US_SHA2011,Out-of-pocket expenditure (OOP) per capita in US$,numeric,WPR,Western Pacific,Country,VUT,Vanuatu,Year,2016,false,,,,,,,,,,,,,9.28,,,,,,9.28,,,EN,2025-12-04T23:00:00.000Z
GHED_OOP_pc_US_SHA2011,Out-of-pocket expenditure (OOP) per capita in US$,numeric,WPR,Western Pacific,Country,FSM,Micronesia (Federated States of),Year,2016,false,,,,,,,,,,,,,9.58,,,,,,9.58,,,EN,2025-12-04T23:00:00.000Z
GHED_OOP_pc_US_SHA2011,Out-of-pocket expenditure (OOP) per capita in US$,numeric,WPR,Western Pacific,Country,NIU,Niue,Year,2016,false,,,,,,,,,,,,,9.8,,,,,,9.80,,,EN,2025-12-04T23:00:00.000Z
GHED_OOP_pc_US_SHA2011,Out-of-pocket expenditure (OOP) per capita in US$,numeric,AFR,Africa,Country,MLI,Mali,Year,2016,false,,,,,,,,,,,,,9.86,,,,,,9.86,,,EN,2025-12-04T23:00:00.000Z
GHED_OOP_pc_US_SHA2011,Out-of-pocket expenditure (OOP) per capita in US$,numeric,WPR,Western Pacific,Country,AUS,Australia,Year,2016,false,,,,,,,,,,,,,901.3,,,,,,901.28,,,EN,2025-12-04T23:00:00.000Z
GHED_OOP_pc_US_SHA2011,Out-of-pocket expenditure (OOP) per capita in US$,numeric,EUR,Europe,Country,KAZ,Kazakhstan,Year,2016,false,,,,,,,,,,,,,91.27,,,,,,91.27,,,EN,2025-12-04T23:00:00.000Z
GHED_OOP_pc_US_SHA2011,Out-of-pocket expenditure (OOP) per capita in US$,numeric,EMR,Eastern Mediterranean,Country,JOR,Jordan,Year,2016,false,,,,,,,,,,,,,91.64,,,,,,91.64,,,EN,2025-12-04T23:00:00.000Z
GHED_OOP_pc_US_SHA2011,Out-of-pocket expenditure (OOP) per capita in US$,numeric,AMR,Americas,Country,PER,Peru,Year,2016,false,,,,,,,,,,,,,92.14,,,,,,92.14,,,EN,2025-12-04T23:00:00.000Z
GHED_OOP_pc_US_SHA2011,Out-of-pocket expenditure (OOP) per capita in US$,numeric,EUR,Europe,Country,HRV,Croatia,Year,2016,false,,,,,,,,,,,,,93.49,,,,,,93.49,,,EN,2025-12-04T23:00:00.000Z
GHED_OOP_pc_US_SHA2011,Out-of-pocket expenditure (OOP) per capita in US$,numeric,EMR,Eastern Mediterranean,Country,TUN,Tunisia,Year,2016,false,,,,,,,,,,,,,95.57,,,,,,95.57,,,EN,2025-12-04T23:00:00.000Z
GHED_OOP_pc_US_SHA2011,Out-of-pocket expenditure (OOP) per capita in US$,numeric,AMR,Americas,Country,JAM,Jamaica,Year,2016,false,,,,,,,,,,,,,95.76,,,,,,95.76,,,EN,2025-12-04T23:00:00.000Z
GHED_OOP_pc_US_SHA2011,Out-of-pocket expenditure (OOP) per capita in US$,numeric,EUR,Europe,Country,AUT,Austria,Year,2016,false,,,,,,,,,,,,,954,,,,,,953.95,,,EN,2025-12-04T23:00:00.000Z
GHED_OOP_pc_US_SHA2011,Out-of-pocket expenditure (OOP) per capita in US$,numeric,AMR,Americas,Country,DOM,Dominican Republic,Year,2016,false,,,,,,,,,,,,,96.8,,,,,,96.80,,,EN,2025-12-04T23:00:00.000Z
GHED_OOP_pc_US_SHA2011,Out-of-pocket expenditure (OOP) per capita in US$,numeric,EUR,Europe,Country,ROU,Romania,Year,2016,false,,,,,,,,,,,,,98.84,,,,,,98.84,,,EN,2025-12-04T23:00:00.000Z
GHED_OOP_pc_US_SHA2011,Out-of-pocket expenditure (OOP) per capita in US$,numeric,WPR,Western Pacific,Country,KIR,Kiribati,Year,2015,false,,,,,,,,,,,,,1.29,,,,,,1.29,,,EN,2025-12-04T23:00:00.000Z
GHED_OOP_pc_US_SHA2011,Out-of-pocket expenditure (OOP) per capita in US$,numeric,WPR,Western Pacific,Country,NRU,Nauru,Year,2015,false,,,,,,,,,,,,,10.47,,,,,,10.47,,,EN,2025-12-04T23:00:00.000Z
GHED_OOP_pc_US_SHA2011,Out-of-pocket expenditure (OOP) per capita in US$,numeric,EMR,Eastern Mediterranean,Country,EGY,Egypt,Year,2015,false,,,,,,,,,,,,,100.2,,,,,,100.16,,,EN,2025-12-04T23:00:00.000Z
GHED_OOP_pc_US_SHA2011,Out-of-pocket expenditure (OOP) per capita in US$,numeric,AMR,Americas,Country,VCT,Saint Vincent and the Grenadines,Year,2015,false,,,,,,,,,,,,,101.5,,,,,,101.53,,,EN,2025-12-04T23:00:00.000Z
GHED_OOP_pc_US_SHA2011,Out-of-pocket expenditure (OOP) per capita in US$,numeric,AMR,Americas,Country,JAM,Jamaica,Year,2015,false,,,,,,,,,,,,,104.2,,,,,,104.15,,,EN,2025-12-04T23:00:00.000Z
GHED_OOP_pc_US_SHA2011,Out-of-pocket expenditure (OOP) per capita in US$,numeric,EUR,Europe,Country,NOR,Norway,Year,2015,false,,,,,,,,,,,,,1070,,,,,,1070.12,,,EN,2025-12-04T23:00:00.000Z
GHED_OOP_pc_US_SHA2011,Out-of-pocket expenditure (OOP) per capita in US$,numeric,AMR,Americas,Country,USA,United States of America,Year,2015,false,,,,,,,,,,,,,1081,,,,,,1081.45,,,EN,2025-12-04T23:00:00.000Z
GHED_OOP_pc_US_SHA2011,Out-of-pocket expenditure (OOP) per capita in US$,numeric,AFR,Africa,Country,BFA,Burkina Faso,Year,2015,false,,,,,,,,,,,,,11.65,,,,,,11.65,,,EN,2025-12-04T23:00:00.000Z
GHED_OOP_pc_US_SHA2011,Out-of-pocket expenditure (OOP) per capita in US$,numeric,EUR,Europe,Country,MKD,North Macedonia,Year,2015,false,,,,,,,,,,,,,110.4,,,,,,110.41,,,EN,2025-12-04T23:00:00.000Z
GHED_OOP_pc_US_SHA2011,Out-of-pocket expenditure (OOP) per capita in US$,numeric,AMR,Americas,Country,SUR,Suriname,Year,2015,false,,,,,,,,,,,,,112.6,,,,,,112.61,,,EN,2025-12-04T23:00:00.000Z
GHED_OOP_pc_US_SHA2011,Out-of-pocket expenditure (OOP) per capita in US$,numeric,EMR,Eastern Mediterranean,Country,IRQ,Iraq,Year,2015,false,,,,,,,,,,,,,113.6,,,,,,113.58,,,EN,2025-12-04T23:00:00.000Z
GHED_OOP_pc_US_SHA2011,Out-of-pocket expenditure (OOP) per capita in US$,numeric,AMR,Americas,Country,SLV,El Salvador,Year,2015,false,,,,,,,,,,,,,116.9,,,,,,116.92,,,EN,2025-12-04T23:00:00.000Z
GHED_OOP_pc_US_SHA2011,Out-of-pocket expenditure (OOP) per capita in US$,numeric,AFR,Africa,Country,ERI,Eritrea,Year,2015,false,,,,,,,,,,,,,12.54,,,,,,12.54,,,EN,2025-12-04T23:00:00.000Z
GHED_OOP_pc_US_SHA2011,Out-of-pocket expenditure (OOP) per capita in US$,numeric,EUR,Europe,Country,BIH,Bosnia and Herzegovina,Year,2015,false,,,,,,,,,,,,,124.1,,,,,,124.09,,,EN,2025-12-04T23:00:00.000Z
GHED_OOP_pc_US_SHA2011,Out-of-pocket expenditure (OOP) per capita in US$,numeric,WPR,Western Pacific,Country,MYS,Malaysia,Year,2015,false,,,,,,,,,,,,,124.3,,,,,,124.30,,,EN,2025-12-04T23:00:00.000Z
GHED_OOP_pc_US_SHA2011,Out-of-pocket expenditure (OOP) per capita in US$,numeric,EMR,Eastern Mediterranean,Country,PSE,"occupied Palestinian territory, including east Jerusalem",Year,2015,false,,,,,,,,,,,,,128.5,,,,,,128.54,,,EN,2025-12-04T23:00:00.000Z
GHED_OOP_pc_US_SHA2011,Out-of-pocket expenditure (OOP) per capita in US$,numeric,EMR,Eastern Mediterranean,Country,QAT,Qatar,Year,2015,false,,,,,,,,,,,,,128.8,,,,,,128.79,,,EN,2025-12-04T23:00:00.000Z
GHED_OOP_pc_US_SHA2011,Out-of-pocket expenditure (OOP) per capita in US$,numeric,AFR,Africa,Country,BWA,Botswana,Year,2015,false,,,,,,,,,,,,,13.41,,,,,,13.41,,,EN,2025-12-04T23:00:00.000Z
GHED_OOP_pc_US_SHA2011,Out-of-pocket expenditure (OOP) per capita in US$,numeric,AFR,Africa,Country,NER,Niger,Year,2015,false,,,,,,,,,,,,,13.42,,,,,,13.42,,,EN,2025-12-04T23:00:00.000Z
GHED_OOP_pc_US_SHA2011,Out-of-pocket expenditure (OOP) per capita in US$,numeric,AFR,Africa,Country,STP,Sao Tome and Principe,Year,2015,false,,,,,,,,,,,,,13.68,,,,,,13.68,,,EN,2025-12-04T23:00:00.000Z
GHED_OOP_pc_US_SHA2011,Out-of-pocket expenditure (OOP) per capita in US$,numeric,AMR,Americas,Country,GTM,Guatemala,Year,2015,false,,,,,,,,,,,,,130.3,,,,,,130.30,,,EN,2025-12-04T23:00:00.000Z
GHED_OOP_pc_US_SHA2011,Out-of-pocket expenditure (OOP) per capita in US$,numeric,EUR,Europe,Country,BLR,Belarus,Year,2015,false,,,,,,,,,,,,,130.7,,,,,,130.66,,,EN,2025-12-04T23:00:00.000Z
GHED_OOP_pc_US_SHA2011,Out-of-pocket expenditure (OOP) per capita in US$,numeric,EMR,Eastern Mediterranean,Country,LBY,Libya,Year,2015,false,,,,,,,,,,,,,133,,,,,,133.03,,,EN,2025-12-04T23:00:00.000Z
GHED_OOP_pc_US_SHA2011,Out-of-pocket expenditure (OOP) per capita in US$,numeric,AMR,Americas,Country,DMA,Dominica,Year,2015,false,,,,,,,,,,,,,134.9,,,,,,134.94,,,EN,2025-12-04T23:00:00.000Z
GHED_OOP_pc_US_SHA2011,Out-of-pocket expenditure (OOP) per capita in US$,numeric,WPR,Western Pacific,Country,CHN,China,Year,2015,false,,,,,,,,,,,,,137.9,,,,,,137.94,,,EN,2025-12-04T23:00:00.000Z
GHED_OOP_pc_US_SHA2011,Out-of-pocket expenditure (OOP) per capita in US$,numeric,AFR,Africa,Country,BEN,Benin,Year,2015,false,,,,,,,,,,,,,14.06,,,,,,14.06,,,EN,2025-12-04T23:00:00.000Z
GHED_OOP_pc_US_SHA2011,Out-of-pocket expenditure (OOP) per capita in US$,numeric,WPR,Western Pacific,Country,TON,Tonga,Year,2015,false,,,,,,,,,,,,,14.39,,,,,,14.39,,,EN,2025-12-04T23:00:00.000Z
GHED_OOP_pc_US_SHA2011,Out-of-pocket expenditure (OOP) per capita in US$,numeric,EUR,Europe,Country,ALB,Albania,Year,2015,false,,,,,,,,,,,,,145.6,,,,,,145.61,,,EN,2025-12-04T23:00:00.000Z
GHED_OOP_pc_US_SHA2011,Out-of-pocket expenditure (OOP) per capita in US$,numeric,AFR,Africa,Country,SYC,Seychelles,Year,2015,false,,,,,,,,,,,,,147.8,,,,,,147.82,,,EN,2025-12-04T23:00:00.000Z
GHED_OOP_pc_US_SHA2011,Out-of-pocket expenditure (OOP) per capita in US$,numeric,WPR,Western Pacific,Country,TUV,Tuvalu,Year,2015,false,,,,,,,,,,,,,15.06,,,,,,15.06,,,EN,2025-12-04T23:00:00.000Z
GHED_OOP_pc_US_SHA2011,Out-of-pocket expenditure (OOP) per capita in US$,numeric,EMR,Eastern Mediterranean,Country,DJI,Djibouti,Year,2015,false,,,,,,,,,,,,,15.14,,,,,,15.14,,,EN,2025-12-04T23:00:00.000Z
GHED_OOP_pc_US_SHA2011,Out-of-pocket expenditure (OOP) per capita in US$,numeric,AFR,Africa,Country,UGA,Uganda,Year,2015,false,,,,,,,,,,,,,15.83,,,,,,15.83,,,EN,2025-12-04T23:00:00.000Z
GHED_OOP_pc_US_SHA2011,Out-of-pocket expenditure (OOP) per capita in US$,numeric,AFR,Africa,Country,GNQ,Equatorial Guinea,Year,2015,false,,,,,,,,,,,,,151.8,,,,,,151.84,,,EN,2025-12-04T23:00:00.000Z
GHED_OOP_pc_US_SHA2011,Out-of-pocket expenditure (OOP) per capita in US$,numeric,AMR,Americas,Country,ECU,Ecuador,Year,2015,false,,,,,,,,,,,,,156.8,,,,,,156.81,,,EN,2025-12-04T23:00:00.000Z
GHED_OOP_pc_US_SHA2011,Out-of-pocket expenditure (OOP) per capita in US$,numeric,AFR,Africa,Country,LSO,Lesotho,Year,2015,false,,,,,,,,,,,,,16.33,,,,,,16.33,,,EN,2025-12-04T23:00:00.000Z
GHED_OOP_pc_US_SHA2011,Out-of-pocket expenditure (OOP) per capita in US$,numeric,SEAR,South-East Asia,Country,MDV,Maldives,Year,2015,false,,,,,,,,,,,,,162.9,,,,,,162.91,,,EN,2025-12-04T23:00:00.000Z
GHED_OOP_pc_US_SHA2011,Out-of-pocket expenditure (OOP) per capita in US$,numeric,EUR,Europe,Country,AZE,Azerbaijan,Year,2015,false,,,,,,,,,,,,,163.3,,,,,,163.32,,,EN,2025-12-04T23:00:00.000Z
GHED_OOP_pc_US_SHA2011,Out-of-pocket expenditure (OOP) per capita in US$,numeric,EMR,Eastern Mediterranean,Country,IRN,Iran (Islamic Republic of),Year,2015,false,,,,,,,,,,,,,164.9,,,,,,164.88,,,EN,2025-12-04T23:00:00.000Z
GHED_OOP_pc_US_SHA2011,Out-of-pocket expenditure (OOP) per capita in US$,numeric,EMR,Eastern Mediterranean,Country,SYR,Syrian Arab Republic,Year,2015,false,,,,,,,,,,,,,17.04,,,,,,17.04,,,EN,2025-12-04T23:00:00.000Z
GHED_OOP_pc_US_SHA2011,Out-of-pocket expenditure (OOP) per capita in US$,numeric,AMR,Americas,Country,PRY,Paraguay,Year,2015,false,,,,,,,,,,,,,172.3,,,,,,172.35,,,EN,2025-12-04T23:00:00.000Z
GHED_OOP_pc_US_SHA2011,Out-of-pocket expenditure (OOP) per capita in US$,numeric,EMR,Eastern Mediterranean,Country,KWT,Kuwait,Year,2015,false,,,,,,,,,,,,,172.5,,,,,,172.50,,,EN,2025-12-04T23:00:00.000Z
GHED_OOP_pc_US_SHA2011,Out-of-pocket expenditure (OOP) per capita in US$,numeric,WPR,Western Pacific,Country,COK,Cook Islands,Year,2015,false,,,,,,,,,,,,,18.5,,,,,,18.50,,,EN,2025-12-04T23:00:00.000Z
GHED_OOP_pc_US_SHA2011,Out-of-pocket expenditure (OOP) per capita in US$,numeric,AFR,Africa,Country,COG,Congo,Year,2015,false,,,,,,,,,,,,,18.6,,,,,,18.60,,,EN,2025-12-04T23:00:00.000Z
GHED_OOP_pc_US_SHA2011,Out-of-pocket expenditure (OOP) per capita in US$,numeric,EUR,Europe,Country,POL,Poland,Year,2015,false,,,,,,,,,,,,,185.2,,,,,,185.21,,,EN,2025-12-04T23:00:00.000Z
GHED_OOP_pc_US_SHA2011,Out-of-pocket expenditure (OOP) per capita in US$,numeric,AMR,Americas,Country,ATG,Antigua and Barbuda,Year,2015,false,,,,,,,,,,,,,185.7,,,,,,185.73,,,EN,2025-12-04T23:00:00.000Z
GHED_OOP_pc_US_SHA2011,Out-of-pocket expenditure (OOP) per capita in US$,numeric,EMR,Eastern Mediterranean,Country,LBN,Lebanon,Year,2015,false,,,,,,,,,,,,,187.1,,,,,,187.05,,,EN,2025-12-04T23:00:00.000Z
GHED_OOP_pc_US_SHA2011,Out-of-pocket expenditure (OOP) per capita in US$,numeric,EMR,Eastern Mediterranean,Country,SAU,Saudi Arabia,Year,2015,false,,,,,,,,,,,,,188.3,,,,,,188.32,,,EN,2025-12-04T23:00:00.000Z
GHED_OOP_pc_US_SHA2011,Out-of-pocket expenditure (OOP) per capita in US$,numeric,EUR,Europe,Country,CZE,Czechia,Year,2015,false,,,,,,,,,,,,,190,,,,,,189.96,,,EN,2025-12-04T23:00:00.000Z
GHED_OOP_pc_US_SHA2011,Out-of-pocket expenditure (OOP) per capita in US$,numeric,AFR,Africa,Country,KEN,Kenya,Year,2015,false,,,,,,,,,,,,,19.08,,,,,,19.08,,,EN,2025-12-04T23:00:00.000Z
GHED_OOP_pc_US_SHA2011,Out-of-pocket expenditure (OOP) per capita in US$,numeric,SEAR,South-East Asia,Country,BTN,Bhutan,Year,2015,false,,,,,,,,,,,,,19.17,,,,,,19.17,,,EN,2025-12-04T23:00:00.000Z
GHED_OOP_pc_US_SHA2011,Out-of-pocket expenditure (OOP) per capita in US$,numeric,AFR,Africa,Country,TCD,Chad,Year,2015,false,,,,,,,,,,,,,19.18,,,,,,19.18,,,EN,2025-12-04T23:00:00.000Z
GHED_OOP_pc_US_SHA2011,Out-of-pocket expenditure (OOP) per capita in US$,numeric,EUR,Europe,Country,RUS,Russian Federation,Year,2015,false,,,,,,,,,,,,,192.1,,,,,,192.05,,,EN,2025-12-04T23:00:00.000Z
GHED_OOP_pc_US_SHA2011,Out-of-pocket expenditure (OOP) per capita in US$,numeric,AMR,Americas,Country,BRA,Brazil,Year,2015,false,,,,,,,,,,,,,196.7,,,,,,196.71,,,EN,2025-12-04T23:00:00.000Z
GHED_OOP_pc_US_SHA2011,Out-of-pocket expenditure (OOP) per capita in US$,numeric,EUR,Europe,Country,LIE,Liechtenstein,Year,2015,false,,,,,,,,,,,,,1979,,,,,,1978.59,,,EN,2026-01-11T23:00:00.000Z
GHED_OOP_pc_US_SHA2011,Out-of-pocket expenditure (OOP) per capita in US$,numeric,EUR,Europe,Country,SRB,Serbia,Year,2015,false,,,,,,,,,,,,,199.4,,,,,,199.39,,,EN,2025-12-04T23:00:00.000Z
GHED_OOP_pc_US_SHA2011,Out-of-pocket expenditure (OOP) per capita in US$,numeric,WPR,Western Pacific,Country,SLB,Solomon Islands,Year,2015,false,,,,,,,,,,,,,2.81,,,,,,2.81,,,EN,2025-12-04T23:00:00.000Z
GHED_OOP_pc_US_SHA2011,Out-of-pocket expenditure (OOP) per capita in US$,numeric,AMR,Americas,Country,CRI,Costa Rica,Year,2015,false,,,,,,,,,,,,,201,,,,,,200.99,,,EN,2025-12-04T23:00:00.000Z
GHED_OOP_pc_US_SHA2011,Out-of-pocket expenditure (OOP) per capita in US$,numeric,EUR,Europe,Country,CHE,Switzerland,Year,2015,false,,,,,,,,,,,,,2028,,,,,,2028.28,,,EN,2025-12-04T23:00:00.000Z
GHED_OOP_pc_US_SHA2011,Out-of-pocket expenditure (OOP) per capita in US$,numeric,EUR,Europe,Country,SVK,Slovakia,Year,2015,false,,,,,,,,,,,,,204.5,,,,,,204.52,,,EN,2025-12-04T23:00:00.000Z
GHED_OOP_pc_US_SHA2011,Out-of-pocket expenditure (OOP) per capita in US$,numeric,AFR,Africa,Country,GIN,Guinea,Year,2015,false,,,,,,,,,,,,,21.43,,,,,,21.43,,,EN,2025-12-04T23:00:00.000Z
GHED_OOP_pc_US_SHA2011,Out-of-pocket expenditure (OOP) per capita in US$,numeric,EMR,Eastern Mediterranean,Country,PAK,Pakistan,Year,2015,false,,,,,,,,,,,,,21.91,,,,,,21.91,,,EN,2025-12-04T23:00:00.000Z
GHED_OOP_pc_US_SHA2011,Out-of-pocket expenditure (OOP) per capita in US$,numeric,EUR,Europe,Country,GEO,Georgia,Year,2015,false,,,,,,,,,,,,,216.7,,,,,,216.68,,,EN,2025-12-04T23:00:00.000Z
GHED_OOP_pc_US_SHA2011,Out-of-pocket expenditure (OOP) per capita in US$,numeric,AMR,Americas,Country,GRD,Grenada,Year,2015,false,,,,,,,,,,,,,218.1,,,,,,218.08,,,EN,2025-12-04T23:00:00.000Z
GHED_OOP_pc_US_SHA2011,Out-of-pocket expenditure (OOP) per capita in US$,numeric,EUR,Europe,Country,MNE,Montenegro,Year,2015,false,,,,,,,,,,,,,219.6,,,,,,219.63,,,EN,2025-12-04T23:00:00.000Z
GHED_OOP_pc_US_SHA2011,Out-of-pocket expenditure (OOP) per capita in US$,numeric,EUR,Europe,Country,SVN,Slovenia,Year,2015,false,,,,,,,,,,,,,222,,,,,,221.96,,,EN,2025-12-04T23:00:00.000Z
GHED_OOP_pc_US_SHA2011,Out-of-pocket expenditure (OOP) per capita in US$,numeric,EUR,Europe,Country,BGR,Bulgaria,Year,2015,false,,,,,,,,,,,,,227.1,,,,,,227.09,,,EN,2025-12-04T23:00:00.000Z
GHED_OOP_pc_US_SHA2011,Out-of-pocket expenditure (OOP) per capita in US$,numeric,AMR,Americas,Country,MEX,Mexico,Year,2015,false,,,,,,,,,,,,,227.3,,,,,,227.35,,,EN,2025-12-04T23:00:00.000Z
GHED_OOP_pc_US_SHA2011,Out-of-pocket expenditure (OOP) per capita in US$,numeric,AMR,Americas,Country,LCA,Saint Lucia,Year,2015,false,,,,,,,,,,,,,227.5,,,,,,227.50,,,EN,2025-12-04T23:00:00.000Z
GHED_OOP_pc_US_SHA2011,Out-of-pocket expenditure (OOP) per capita in US$,numeric,AMR,Americas,Country,HTI,Haiti,Year,2015,false,,,,,,,,,,,,,23.27,,,,,,23.27,,,EN,2025-12-04T23:00:00.000Z
GHED_OOP_pc_US_SHA2011,Out-of-pocket expenditure (OOP) per capita in US$,numeric,WPR,Western Pacific,Country,LAO,Lao People's Democratic Republic,Year,2015,false,,,,,,,,,,,,,23.61,,,,,,23.61,,,EN,2025-12-04T23:00:00.000Z
GHED_OOP_pc_US_SHA2011,Out-of-pocket expenditure (OOP) per capita in US$,numeric,SEAR,South-East Asia,Country,BGD,Bangladesh,Year,2015,false,,,,,,,,,,,,,24.14,,,,,,24.14,,,EN,2025-12-04T23:00:00.000Z
GHED_OOP_pc_US_SHA2011,Out-of-pocket expenditure (OOP) per capita in US$,numeric,WPR,Western Pacific,Country,WSM,Samoa,Year,2015,false,,,,,,,,,,,,,24.62,,,,,,24.62,,,EN,2025-12-04T23:00:00.000Z
GHED_OOP_pc_US_SHA2011,Out-of-pocket expenditure (OOP) per capita in US$,numeric,AFR,Africa,Country,CIV,Cote d'Ivoire,Year,2015,false,,,,,,,,,,,,,24.89,,,,,,24.89,,,EN,2025-12-04T23:00:00.000Z
GHED_OOP_pc_US_SHA2011,Out-of-pocket expenditure (OOP) per capita in US$,numeric,EUR,Europe,Country,HUN,Hungary,Year,2015,false,,,,,,,,,,,,,240.3,,,,,,240.26,,,EN,2025-12-04T23:00:00.000Z
GHED_OOP_pc_US_SHA2011,Out-of-pocket expenditure (OOP) per capita in US$,numeric,AMR,Americas,Country,URY,Uruguay,Year,2015,false,,,,,,,,,,,,,241.1,,,,,,241.11,,,EN,2025-12-04T23:00:00.000Z
GHED_OOP_pc_US_SHA2011,Out-of-pocket expenditure (OOP) per capita in US$,numeric,AFR,Africa,Country,MUS,Mauritius,Year,2015,false,,,,,,,,,,,,,255.7,,,,,,255.68,,,EN,2025-12-04T23:00:00.000Z
GHED_OOP_pc_US_SHA2011,Out-of-pocket expenditure (OOP) per capita in US$,numeric,EUR,Europe,Country,TKM,Turkmenistan,Year,2015,false,,,,,,,,,,,,,257.8,,,,,,257.80,,,EN,2025-12-04T23:00:00.000Z
GHED_OOP_pc_US_SHA2011,Out-of-pocket expenditure (OOP) per capita in US$,numeric,SEAR,South-East Asia,Country,THA,Thailand,Year,2015,false,,,,,,,,,,,,,26.1,,,,,,26.10,,,EN,2025-12-04T23:00:00.000Z
GHED_OOP_pc_US_SHA2011,Out-of-pocket expenditure (OOP) per capita in US$,numeric,AFR,Africa,Country,SWZ,Eswatini,Year,2015,false,,,,,,,,,,,,,26.5,,,,,,26.50,,,EN,2025-12-04T23:00:00.000Z
GHED_OOP_pc_US_SHA2011,Out-of-pocket expenditure (OOP) per capita in US$,numeric,AFR,Africa,Country,ZWE,Zimbabwe,Year,2015,false,,,,,,,,,,,,,26.64,,,,,,26.64,,,EN,2025-12-04T23:00:00.000Z
GHED_OOP_pc_US_SHA2011,Out-of-pocket expenditure (OOP) per capita in US$,numeric,EMR,Eastern Mediterranean,Country,ARE,United Arab Emirates,Year,2015,false,,,,,,,,,,,,,263.2,,,,,,263.20,,,EN,2025-12-04T23:00:00.000Z
GHED_OOP_pc_US_SHA2011,Out-of-pocket expenditure (OOP) per capita in US$,numeric,WPR,Western Pacific,Country,PLW,Palau,Year,2015,false,,,,,,,,,,,,,268.3,,,,,,268.26,,,EN,2025-12-04T23:00:00.000Z
GHED_OOP_pc_US_SHA2011,Out-of-pocket expenditure (OOP) per capita in US$,numeric,AFR,Africa,Country,SEN,Senegal,Year,2015,false,,,,,,,,,,,,,27.11,,,,,,27.11,,,EN,2025-12-04T23:00:00.000Z
GHED_OOP_pc_US_SHA2011,Out-of-pocket expenditure (OOP) per capita in US$,numeric,AFR,Africa,Country,MRT,Mauritania,Year,2015,false,,,,,,,,,,,,,27.27,,,,,,27.27,,,EN,2025-12-04T23:00:00.000Z
GHED_OOP_pc_US_SHA2011,Out-of-pocket expenditure (OOP) per capita in US$,numeric,SEAR,South-East Asia,Country,NPL,Nepal,Year,2015,false,,,,,,,,,,,,,27.63,,,,,,27.63,,,EN,2025-12-04T23:00:00.000Z
GHED_OOP_pc_US_SHA2011,Out-of-pocket expenditure (OOP) per capita in US$,numeric,EUR,Europe,Country,EST,Estonia,Year,2015,false,,,,,,,,,,,,,274.2,,,,,,274.24,,,EN,2025-12-04T23:00:00.000Z
GHED_OOP_pc_US_SHA2011,Out-of-pocket expenditure (OOP) per capita in US$,numeric,AFR,Africa,Country,GHA,Ghana,Year,2015,false,,,,,,,,,,,,,28,,,,,,28.00,,,EN,2025-12-04T23:00:00.000Z
GHED_OOP_pc_US_SHA2011,Out-of-pocket expenditure (OOP) per capita in US$,numeric,AFR,Africa,Country,ZAF,South Africa,Year,2015,false,,,,,,,,,,,,,28.22,,,,,,28.22,,,EN,2025-12-04T23:00:00.000Z
GHED_OOP_pc_US_SHA2011,Out-of-pocket expenditure (OOP) per capita in US$,numeric,EMR,Eastern Mediterranean,Country,BHR,Bahrain,Year,2015,false,,,,,,,,,,,,,292.1,,,,,,292.14,,,EN,2025-12-04T23:00:00.000Z
GHED_OOP_pc_US_SHA2011,Out-of-pocket expenditure (OOP) per capita in US$,numeric,EUR,Europe,Country,LTU,Lithuania,Year,2015,false,,,,,,,,,,,,,292.4,,,,,,292.43,,,EN,2025-12-04T23:00:00.000Z
GHED_OOP_pc_US_SHA2011,Out-of-pocket expenditure (OOP) per capita in US$,numeric,EUR,Europe,Country,ARM,Armenia,Year,2015,false,,,,,,,,,,,,,298.4,,,,,,298.37,,,EN,2025-12-04T23:00:00.000Z
GHED_OOP_pc_US_SHA2011,Out-of-pocket expenditure (OOP) per capita in US$,numeric,AFR,Africa,Country,MWI,Malawi,Year,2015,false,,,,,,,,,,,,,3.84,,,,,,3.84,,,EN,2025-12-04T23:00:00.000Z
GHED_OOP_pc_US_SHA2011,Out-of-pocket expenditure (OOP) per capita in US$,numeric,AFR,Africa,Country,LBR,Liberia,Year,2015,false,,,,,,,,,,,,,31.21,,,,,,31.21,,,EN,2025-12-04T23:00:00.000Z
GHED_OOP_pc_US_SHA2011,Out-of-pocket expenditure (OOP) per capita in US$,numeric,AFR,Africa,Country,TGO,Togo,Year,2015,false,,,,,,,,,,,,,31.42,,,,,,31.42,,,EN,2025-12-04T23:00:00.000Z
GHED_OOP_pc_US_SHA2011,Out-of-pocket expenditure (OOP) per capita in US$,numeric,EUR,Europe,Country,LVA,Latvia,Year,2015,false,,,,,,,,,,,,,314,,,,,,313.96,,,EN,2025-12-04T23:00:00.000Z
GHED_OOP_pc_US_SHA2011,Out-of-pocket expenditure (OOP) per capita in US$,numeric,AMR,Americas,Country,PAN,Panama,Year,2015,false,,,,,,,,,,,,,324.4,,,,,,324.44,,,EN,2025-12-04T23:00:00.000Z
GHED_OOP_pc_US_SHA2011,Out-of-pocket expenditure (OOP) per capita in US$,numeric,AFR,Africa,Country,NAM,Namibia,Year,2015,false,,,,,,,,,,,,,34.92,,,,,,34.92,,,EN,2025-12-04T23:00:00.000Z
GHED_OOP_pc_US_SHA2011,Out-of-pocket expenditure (OOP) per capita in US$,numeric,AFR,Africa,Country,GNB,Guinea-Bissau,Year,2015,false,,,,,,,,,,,,,35.11,,,,,,35.11,,,EN,2025-12-04T23:00:00.000Z
GHED_OOP_pc_US_SHA2011,Out-of-pocket expenditure (OOP) per capita in US$,numeric,WPR,Western Pacific,Country,FJI,Fiji,Year,2015,false,,,,,,,,,,,,,35.63,,,,,,35.63,,,EN,2025-12-04T23:00:00.000Z
GHED_OOP_pc_US_SHA2011,Out-of-pocket expenditure (OOP) per capita in US$,numeric,EUR,Europe,Country,AND,Andorra,Year,2015,false,,,,,,,,,,,,,350.8,,,,,,350.83,,,EN,2025-12-04T23:00:00.000Z
GHED_OOP_pc_US_SHA2011,Out-of-pocket expenditure (OOP) per capita in US$,numeric,AFR,Africa,Country,AGO,Angola,Year,2015,false,,,,,,,,,,,,,36.05,,,,,,36.05,,,EN,2025-12-04T23:00:00.000Z
GHED_OOP_pc_US_SHA2011,Out-of-pocket expenditure (OOP) per capita in US$,numeric,WPR,Western Pacific,Country,BRN,Brunei Darussalam,Year,2015,false,,,,,,,,,,,,,36.36,,,,,,36.36,,,EN,2025-12-04T23:00:00.000Z
GHED_OOP_pc_US_SHA2011,Out-of-pocket expenditure (OOP) per capita in US$,numeric,SEAR,South-East Asia,Country,IND,India,Year,2015,false,,,,,,,,,,,,,37.59,,,,,,37.59,,,EN,2025-12-04T23:00:00.000Z
GHED_OOP_pc_US_SHA2011,Out-of-pocket expenditure (OOP) per capita in US$,numeric,AMR,Americas,Country,CHL,Chile,Year,2015,false,,,,,,,,,,,,,387.2,,,,,,387.24,,,EN,2025-12-04T23:00:00.000Z
GHED_OOP_pc_US_SHA2011,Out-of-pocket expenditure (OOP) per capita in US$,numeric,EUR,Europe,Country,TJK,Tajikistan,Year,2015,false,,,,,,,,,,,,,39.27,,,,,,39.27,,,EN,2025-12-04T23:00:00.000Z
GHED_OOP_pc_US_SHA2011,Out-of-pocket expenditure (OOP) per capita in US$,numeric,AMR,Americas,Country,ARG,Argentina,Year,2015,false,,,,,,,,,,,,,393.5,,,,,,393.48,,,EN,2025-12-04T23:00:00.000Z
GHED_OOP_pc_US_SHA2011,Out-of-pocket expenditure (OOP) per capita in US$,numeric,AFR,Africa,Country,MOZ,Mozambique,Year,2015,false,,,,,,,,,,,,,4.54,,,,,,4.54,,,EN,2025-12-04T23:00:00.000Z
GHED_OOP_pc_US_SHA2011,Out-of-pocket expenditure (OOP) per capita in US$,numeric,AFR,Africa,Country,GMB,Gambia,Year,2015,false,,,,,,,,,,,,,4.61,,,,,,4.61,,,EN,2025-12-04T23:00:00.000Z
GHED_OOP_pc_US_SHA2011,Out-of-pocket expenditure (OOP) per capita in US$,numeric,EMR,Eastern Mediterranean,Country,OMN,Oman,Year,2015,false,,,,,,,,,,,,,40.66,,,,,,40.66,,,EN,2025-12-04T23:00:00.000Z
GHED_OOP_pc_US_SHA2011,Out-of-pocket expenditure (OOP) per capita in US$,numeric,WPR,Western Pacific,Country,KHM,Cambodia,Year,2015,false,,,,,,,,,,,,,41.03,,,,,,41.03,,,EN,2025-12-04T23:00:00.000Z
GHED_OOP_pc_US_SHA2011,Out-of-pocket expenditure (OOP) per capita in US$,numeric,WPR,Western Pacific,Country,IDN,Indonesia,Year,2015,false,,,,,,,,,,,,,41.07,,,,,,41.07,,,EN,2025-12-04T23:00:00.000Z
GHED_OOP_pc_US_SHA2011,Out-of-pocket expenditure (OOP) per capita in US$,numeric,AFR,Africa,Country,CPV,Cabo Verde,Year,2015,false,,,,,,,,,,,,,41.68,,,,,,41.68,,,EN,2025-12-04T23:00:00.000Z
GHED_OOP_pc_US_SHA2011,Out-of-pocket expenditure (OOP) per capita in US$,numeric,AFR,Africa,Country,SLE,Sierra Leone,Year,2015,false,,,,,,,,,,,,,42.24,,,,,,42.24,,,EN,2025-12-04T23:00:00.000Z
GHED_OOP_pc_US_SHA2011,Out-of-pocket expenditure (OOP) per capita in US$,numeric,AFR,Africa,Country,CMR,Cameroon,Year,2015,false,,,,,,,,,,,,,43.11,,,,,,43.11,,,EN,2025-12-04T23:00:00.000Z
GHED_OOP_pc_US_SHA2011,Out-of-pocket expenditure (OOP) per capita in US$,numeric,EUR,Europe,Country,KGZ,Kyrgyzstan,Year,2015,false,,,,,,,,,,,,,43.39,,,,,,43.39,,,EN,2025-12-04T23:00:00.000Z
GHED_OOP_pc_US_SHA2011,Out-of-pocket expenditure (OOP) per capita in US$,numeric,AMR,Americas,Country,TTO,Trinidad and Tobago,Year,2015,false,,,,,,,,,,,,,438.5,,,,,,438.50,,,EN,2025-12-04T23:00:00.000Z
GHED_OOP_pc_US_SHA2011,Out-of-pocket expenditure (OOP) per capita in US$,numeric,SEAR,South-East Asia,Country,MMR,Myanmar,Year,2015,false,,,,,,,,,,,,,44.82,,,,,,44.82,,,EN,2025-12-04T23:00:00.000Z
GHED_OOP_pc_US_SHA2011,Out-of-pocket expenditure (OOP) per capita in US$,numeric,EUR,Europe,Country,MCO,Monaco,Year,2015,false,,,,,,,,,,,,,445.6,,,,,,445.61,,,EN,2025-12-04T23:00:00.000Z
GHED_OOP_pc_US_SHA2011,Out-of-pocket expenditure (OOP) per capita in US$,numeric,AFR,Africa,Country,COM,Comoros,Year,2015,false,,,,,,,,,,,,,45.86,,,,,,45.86,,,EN,2025-12-04T23:00:00.000Z
GHED_OOP_pc_US_SHA2011,Out-of-pocket expenditure (OOP) per capita in US$,numeric,EMR,Eastern Mediterranean,Country,AFG,Afghanistan,Year,2015,false,,,,,,,,,,,,,46.97,,,,,,46.97,,,EN,2025-12-04T23:00:00.000Z
GHED_OOP_pc_US_SHA2011,Out-of-pocket expenditure (OOP) per capita in US$,numeric,EUR,Europe,Country,FRA,France,Year,2015,false,,,,,,,,,,,,,464,,,,,,464.00,,,EN,2025-12-04T23:00:00.000Z
GHED_OOP_pc_US_SHA2011,Out-of-pocket expenditure (OOP) per capita in US$,numeric,WPR,Western Pacific,Country,NZL,New Zealand,Year,2015,false,,,,,,,,,,,,,473.9,,,,,,473.86,,,EN,2025-12-04T23:00:00.000Z
GHED_OOP_pc_US_SHA2011,Out-of-pocket expenditure (OOP) per capita in US$,numeric,AFR,Africa,Country,GAB,Gabon,Year,2015,false,,,,,,,,,,,,,48.51,,,,,,48.51,,,EN,2025-12-04T23:00:00.000Z
GHED_OOP_pc_US_SHA2011,Out-of-pocket expenditure (OOP) per capita in US$,numeric,EUR,Europe,Country,SMR,San Marino,Year,2015,false,,,,,,,,,,,,,480.2,,,,,,480.16,,,EN,2025-12-04T23:00:00.000Z
GHED_OOP_pc_US_SHA2011,Out-of-pocket expenditure (OOP) per capita in US$,numeric,AMR,Americas,Country,BHS,Bahamas,Year,2015,false,,,,,,,,,,,,,482.8,,,,,,482.78,,,EN,2025-12-04T23:00:00.000Z
GHED_OOP_pc_US_SHA2011,Out-of-pocket expenditure (OOP) per capita in US$,numeric,WPR,Western Pacific,Country,JPN,Japan,Year,2015,false,,,,,,,,,,,,,486.1,,,,,,486.08,,,EN,2025-12-04T23:00:00.000Z
GHED_OOP_pc_US_SHA2011,Out-of-pocket expenditure (OOP) per capita in US$,numeric,EMR,Eastern Mediterranean,Country,SOM,Somalia,Year,2015,false,,,,,,,,,,,,,5.3,,,,,,5.30,,,EN,2025-12-04T23:00:00.000Z
GHED_OOP_pc_US_SHA2011,Out-of-pocket expenditure (OOP) per capita in US$,numeric,AFR,Africa,Country,BDI,Burundi,Year,2015,false,,,,,,,,,,,,,5.52,,,,,,5.52,,,EN,2025-12-04T23:00:00.000Z
GHED_OOP_pc_US_SHA2011,Out-of-pocket expenditure (OOP) per capita in US$,numeric,WPR,Western Pacific,Country,PNG,Papua New Guinea,Year,2015,false,,,,,,,,,,,,,5.59,,,,,,5.59,,,EN,2025-12-04T23:00:00.000Z
GHED_OOP_pc_US_SHA2011,Out-of-pocket expenditure (OOP) per capita in US$,numeric,AFR,Africa,Country,MDG,Madagascar,Year,2015,false,,,,,,,,,,,,,5.61,,,,,,5.61,,,EN,2025-12-04T23:00:00.000Z
GHED_OOP_pc_US_SHA2011,Out-of-pocket expenditure (OOP) per capita in US$,numeric,AFR,Africa,Country,RWA,Rwanda,Year,2015,false,,,,,,,,,,,,,5.95,,,,,,5.95,,,EN,2025-12-04T23:00:00.000Z
GHED_OOP_pc_US_SHA2011,Out-of-pocket expenditure (OOP) per capita in US$,numeric,WPR,Western Pacific,Country,VNM,Viet Nam,Year,2015,false,,,,,,,,,,,,,51.17,,,,,,51.17,,,EN,2025-12-04T23:00:00.000Z
GHED_OOP_pc_US_SHA2011,Out-of-pocket expenditure (OOP) per capita in US$,numeric,AMR,Americas,Country,BRB,Barbados,Year,2015,false,,,,,,,,,,,,,512.8,,,,,,512.83,,,EN,2025-12-04T23:00:00.000Z
GHED_OOP_pc_US_SHA2011,Out-of-pocket expenditure (OOP) per capita in US$,numeric,EUR,Europe,Country,PRT,Portugal,Year,2015,false,,,,,,,,,,,,,527.8,,,,,,527.80,,,EN,2025-12-04T23:00:00.000Z
GHED_OOP_pc_US_SHA2011,Out-of-pocket expenditure (OOP) per capita in US$,numeric,EUR,Europe,Country,NLD,Netherlands (Kingdom of the),Year,2015,false,,,,,,,,,,,,,527.8,,,,,,527.82,,,EN,2025-12-04T23:00:00.000Z
GHED_OOP_pc_US_SHA2011,Out-of-pocket expenditure (OOP) per capita in US$,numeric,AMR,Americas,Country,BOL,Bolivia (Plurinational State of),Year,2015,false,,,,,,,,,,,,,53.63,,,,,,53.63,,,EN,2025-12-04T23:00:00.000Z
GHED_OOP_pc_US_SHA2011,Out-of-pocket expenditure (OOP) per capita in US$,numeric,EUR,Europe,Country,GRC,Greece,Year,2015,false,,,,,,,,,,,,,533.8,,,,,,533.82,,,EN,2025-12-04T23:00:00.000Z
GHED_OOP_pc_US_SHA2011,Out-of-pocket expenditure (OOP) per capita in US$,numeric,EUR,Europe,Country,DEU,Germany,Year,2015,false,,,,,,,,,,,,,568.8,,,,,,568.83,,,EN,2025-12-04T23:00:00.000Z
GHED_OOP_pc_US_SHA2011,Out-of-pocket expenditure (OOP) per capita in US$,numeric,EUR,Europe,Country,ESP,Spain,Year,2015,false,,,,,,,,,,,,,569.1,,,,,,569.10,,,EN,2025-12-04T23:00:00.000Z
GHED_OOP_pc_US_SHA2011,Out-of-pocket expenditure (OOP) per capita in US$,numeric,WPR,Western Pacific,Country,PHL,Philippines,Year,2015,false,,,,,,,,,,,,,58.05,,,,,,58.05,,,EN,2025-12-04T23:00:00.000Z
GHED_OOP_pc_US_SHA2011,Out-of-pocket expenditure (OOP) per capita in US$,numeric,AMR,Americas,Country,NIC,Nicaragua,Year,2015,false,,,,,,,,,,,,,58.47,,,,,,58.47,,,EN,2025-12-04T23:00:00.000Z
GHED_OOP_pc_US_SHA2011,Out-of-pocket expenditure (OOP) per capita in US$,numeric,EUR,Europe,Country,LUX,Luxembourg,Year,2015,false,,,,,,,,,,,,,581,,,,,,580.97,,,EN,2025-12-04T23:00:00.000Z
GHED_OOP_pc_US_SHA2011,Out-of-pocket expenditure (OOP) per capita in US$,numeric,AMR,Americas,Country,KNA,Saint Kitts and Nevis,Year,2015,false,,,,,,,,,,,,,594.8,,,,,,594.77,,,EN,2025-12-04T23:00:00.000Z
GHED_OOP_pc_US_SHA2011,Out-of-pocket expenditure (OOP) per capita in US$,numeric,EUR,Europe,Country,ISR,Israel,Year,2015,false,,,,,,,,,,,,,595.3,,,,,,595.33,,,EN,2025-12-04T23:00:00.000Z
GHED_OOP_pc_US_SHA2011,Out-of-pocket expenditure (OOP) per capita in US$,numeric,WPR,Western Pacific,Country,MHL,Marshall Islands,Year,2015,false,,,,,,,,,,,,,6.8,,,,,,6.80,,,EN,2025-12-04T23:00:00.000Z
GHED_OOP_pc_US_SHA2011,Out-of-pocket expenditure (OOP) per capita in US$,numeric,AFR,Africa,Country,COD,Democratic Republic of the Congo,Year,2015,false,,,,,,,,,,,,,6.95,,,,,,6.95,,,EN,2025-12-04T23:00:00.000Z
GHED_OOP_pc_US_SHA2011,Out-of-pocket expenditure (OOP) per capita in US$,numeric,WPR,Western Pacific,Country,MNG,Mongolia,Year,2015,false,,,,,,,,,,,,,60.09,,,,,,60.09,,,EN,2025-12-04T23:00:00.000Z
GHED_OOP_pc_US_SHA2011,Out-of-pocket expenditure (OOP) per capita in US$,numeric,EUR,Europe,Country,IRL,Ireland,Year,2015,false,,,,,,,,,,,,,618.2,,,,,,618.24,,,EN,2025-12-04T23:00:00.000Z
GHED_OOP_pc_US_SHA2011,Out-of-pocket expenditure (OOP) per capita in US$,numeric,EUR,Europe,Country,UZB,Uzbekistan,Year,2015,false,,,,,,,,,,,,,64.2,,,,,,64.20,,,EN,2025-12-04T23:00:00.000Z
GHED_OOP_pc_US_SHA2011,Out-of-pocket expenditure (OOP) per capita in US$,numeric,EUR,Europe,Country,ITA,Italy,Year,2015,false,,,,,,,,,,,,,644.3,,,,,,644.27,,,EN,2025-12-04T23:00:00.000Z
GHED_OOP_pc_US_SHA2011,Out-of-pocket expenditure (OOP) per capita in US$,numeric,AMR,Americas,Country,BLZ,Belize,Year,2015,false,,,,,,,,,,,,,66.77,,,,,,66.77,,,EN,2025-12-04T23:00:00.000Z
GHED_OOP_pc_US_SHA2011,Out-of-pocket expenditure (OOP) per capita in US$,numeric,AFR,Africa,Country,NGA,Nigeria,Year,2015,false,,,,,,,,,,,,,66.79,,,,,,66.79,,,EN,2025-12-04T23:00:00.000Z
GHED_OOP_pc_US_SHA2011,Out-of-pocket expenditure (OOP) per capita in US$,numeric,AMR,Americas,Country,CAN,Canada,Year,2015,false,,,,,,,,,,,,,684.9,,,,,,684.94,,,EN,2025-12-04T23:00:00.000Z
GHED_OOP_pc_US_SHA2011,Out-of-pocket expenditure (OOP) per capita in US$,numeric,EUR,Europe,Country,CYP,Cyprus,Year,2015,false,,,,,,,,,,,,,685.1,,,,,,685.15,,,EN,2025-12-04T23:00:00.000Z
GHED_OOP_pc_US_SHA2011,Out-of-pocket expenditure (OOP) per capita in US$,numeric,AFR,Africa,Country,ZMB,Zambia,Year,2015,false,,,,,,,,,,,,,7.03,,,,,,7.03,,,EN,2025-12-04T23:00:00.000Z
GHED_OOP_pc_US_SHA2011,Out-of-pocket expenditure (OOP) per capita in US$,numeric,SEAR,South-East Asia,Country,TLS,Timor-Leste,Year,2015,false,,,,,,,,,,,,,7.47,,,,,,7.47,,,EN,2025-12-04T23:00:00.000Z
GHED_OOP_pc_US_SHA2011,Out-of-pocket expenditure (OOP) per capita in US$,numeric,SEAR,South-East Asia,Country,LKA,Sri Lanka,Year,2015,false,,,,,,,,,,,,,70.6,,,,,,70.60,,,EN,2025-12-04T23:00:00.000Z
GHED_OOP_pc_US_SHA2011,Out-of-pocket expenditure (OOP) per capita in US$,numeric,EUR,Europe,Country,GBR,United Kingdom of Great Britain and Northern Ireland,Year,2015,false,,,,,,,,,,,,,709.2,,,,,,709.20,,,EN,2025-12-04T23:00:00.000Z
GHED_OOP_pc_US_SHA2011,Out-of-pocket expenditure (OOP) per capita in US$,numeric,AMR,Americas,Country,COL,Colombia,Year,2015,false,,,,,,,,,,,,,72.4,,,,,,72.40,,,EN,2025-12-04T23:00:00.000Z
GHED_OOP_pc_US_SHA2011,Out-of-pocket expenditure (OOP) per capita in US$,numeric,WPR,Western Pacific,Country,KOR,Republic of Korea,Year,2015,false,,,,,,,,,,,,,735.6,,,,,,735.61,,,EN,2025-12-04T23:00:00.000Z
GHED_OOP_pc_US_SHA2011,Out-of-pocket expenditure (OOP) per capita in US$,numeric,EMR,Eastern Mediterranean,Country,SDN,Sudan,Year,2015,false,,,,,,,,,,,,,74.4,,,,,,74.40,,,EN,2025-12-04T23:00:00.000Z
GHED_OOP_pc_US_SHA2011,Out-of-pocket expenditure (OOP) per capita in US$,numeric,EUR,Europe,Country,UKR,Ukraine,Year,2015,false,,,,,,,,,,,,,74.65,,,,,,74.65,,,EN,2025-12-04T23:00:00.000Z
GHED_OOP_pc_US_SHA2011,Out-of-pocket expenditure (OOP) per capita in US$,numeric,EUR,Europe,Country,DNK,Denmark,Year,2015,false,,,,,,,,,,,,,741.4,,,,,,741.37,,,EN,2025-12-04T23:00:00.000Z
GHED_OOP_pc_US_SHA2011,Out-of-pocket expenditure (OOP) per capita in US$,numeric,EUR,Europe,Country,TUR,Türkiye,Year,2015,false,,,,,,,,,,,,,75.37,,,,,,75.37,,,EN,2025-12-04T23:00:00.000Z
GHED_OOP_pc_US_SHA2011,Out-of-pocket expenditure (OOP) per capita in US$,numeric,EUR,Europe,Country,ISL,Iceland,Year,2015,false,,,,,,,,,,,,,753.5,,,,,,753.50,,,EN,2025-12-04T23:00:00.000Z
GHED_OOP_pc_US_SHA2011,Out-of-pocket expenditure (OOP) per capita in US$,numeric,AMR,Americas,Country,GUY,Guyana,Year,2015,false,,,,,,,,,,,,,76.5,,,,,,76.50,,,EN,2025-12-04T23:00:00.000Z
GHED_OOP_pc_US_SHA2011,Out-of-pocket expenditure (OOP) per capita in US$,numeric,EMR,Eastern Mediterranean,Country,YEM,Yemen,Year,2015,false,,,,,,,,,,,,,76.79,,,,,,76.79,,,EN,2025-12-04T23:00:00.000Z
GHED_OOP_pc_US_SHA2011,Out-of-pocket expenditure (OOP) per capita in US$,numeric,EUR,Europe,Country,FIN,Finland,Year,2015,false,,,,,,,,,,,,,769,,,,,,769.04,,,EN,2025-12-04T23:00:00.000Z
GHED_OOP_pc_US_SHA2011,Out-of-pocket expenditure (OOP) per capita in US$,numeric,WPR,Western Pacific,Country,SGP,Singapore,Year,2015,false,,,,,,,,,,,,,771,,,,,,771.04,,,EN,2025-12-04T23:00:00.000Z
GHED_OOP_pc_US_SHA2011,Out-of-pocket expenditure (OOP) per capita in US$,numeric,EMR,Eastern Mediterranean,Country,MAR,Morocco,Year,2015,false,,,,,,,,,,,,,79.72,,,,,,79.72,,,EN,2025-12-04T23:00:00.000Z
GHED_OOP_pc_US_SHA2011,Out-of-pocket expenditure (OOP) per capita in US$,numeric,AFR,Africa,Country,ETH,Ethiopia,Year,2015,false,,,,,,,,,,,,,8.53,,,,,,8.53,,,EN,2025-12-04T23:00:00.000Z
GHED_OOP_pc_US_SHA2011,Out-of-pocket expenditure (OOP) per capita in US$,numeric,AFR,Africa,Country,TZA,United Republic of Tanzania,Year,2015,false,,,,,,,,,,,,,8.59,,,,,,8.59,,,EN,2025-12-04T23:00:00.000Z
GHED_OOP_pc_US_SHA2011,Out-of-pocket expenditure (OOP) per capita in US$,numeric,EUR,Europe,Country,MLT,Malta,Year,2015,false,,,,,,,,,,,,,836.9,,,,,,836.86,,,EN,2025-12-04T23:00:00.000Z
GHED_OOP_pc_US_SHA2011,Out-of-pocket expenditure (OOP) per capita in US$,numeric,EUR,Europe,Country,SWE,Sweden,Year,2015,false,,,,,,,,,,,,,845.7,,,,,,845.68,,,EN,2025-12-04T23:00:00.000Z
GHED_OOP_pc_US_SHA2011,Out-of-pocket expenditure (OOP) per capita in US$,numeric,AMR,Americas,Country,HND,Honduras,Year,2015,false,,,,,,,,,,,,,86.11,,,,,,86.11,,,EN,2025-12-04T23:00:00.000Z
GHED_OOP_pc_US_SHA2011,Out-of-pocket expenditure (OOP) per capita in US$,numeric,EUR,Europe,Country,MDA,Republic of Moldova,Year,2015,false,,,,,,,,,,,,,86.11,,,,,,86.11,,,EN,2025-12-04T23:00:00.000Z
GHED_OOP_pc_US_SHA2011,Out-of-pocket expenditure (OOP) per capita in US$,numeric,EUR,Europe,Country,BEL,Belgium,Year,2015,false,,,,,,,,,,,,,868.1,,,,,,868.07,,,EN,2025-12-04T23:00:00.000Z
GHED_OOP_pc_US_SHA2011,Out-of-pocket expenditure (OOP) per capita in US$,numeric,EUR,Europe,Country,HRV,Croatia,Year,2015,false,,,,,,,,,,,,,87.94,,,,,,87.94,,,EN,2025-12-04T23:00:00.000Z
GHED_OOP_pc_US_SHA2011,Out-of-pocket expenditure (OOP) per capita in US$,numeric,EMR,Eastern Mediterranean,Country,JOR,Jordan,Year,2015,false,,,,,,,,,,,,,88.48,,,,,,88.48,,,EN,2025-12-04T23:00:00.000Z
GHED_OOP_pc_US_SHA2011,Out-of-pocket expenditure (OOP) per capita in US$,numeric,AFR,Africa,Country,DZA,Algeria,Year,2015,false,,,,,,,,,,,,,89.6,,,,,,89.60,,,EN,2025-12-04T23:00:00.000Z
GHED_OOP_pc_US_SHA2011,Out-of-pocket expenditure (OOP) per capita in US$,numeric,WPR,Western Pacific,Country,AUS,Australia,Year,2015,false,,,,,,,,,,,,,891.8,,,,,,891.82,,,EN,2025-12-04T23:00:00.000Z
GHED_OOP_pc_US_SHA2011,Out-of-pocket expenditure (OOP) per capita in US$,numeric,AFR,Africa,Country,CAF,Central African Republic,Year,2015,false,,,,,,,,,,,,,9,,,,,,9.00,,,EN,2025-12-04T23:00:00.000Z
GHED_OOP_pc_US_SHA2011,Out-of-pocket expenditure (OOP) per capita in US$,numeric,WPR,Western Pacific,Country,VUT,Vanuatu,Year,2015,false,,,,,,,,,,,,,9.07,,,,,,9.07,,,EN,2025-12-04T23:00:00.000Z
GHED_OOP_pc_US_SHA2011,Out-of-pocket expenditure (OOP) per capita in US$,numeric,WPR,Western Pacific,Country,FSM,Micronesia (Federated States of),Year,2015,false,,,,,,,,,,,,,9.52,,,,,,9.52,,,EN,2025-12-04T23:00:00.000Z
GHED_OOP_pc_US_SHA2011,Out-of-pocket expenditure (OOP) per capita in US$,numeric,WPR,Western Pacific,Country,NIU,Niue,Year,2015,false,,,,,,,,,,,,,9.7,,,,,,9.70,,,EN,2025-12-04T23:00:00.000Z
GHED_OOP_pc_US_SHA2011,Out-of-pocket expenditure (OOP) per capita in US$,numeric,AFR,Africa,Country,MLI,Mali,Year,2015,false,,,,,,,,,,,,,9.9,,,,,,9.90,,,EN,2025-12-04T23:00:00.000Z
GHED_OOP_pc_US_SHA2011,Out-of-pocket expenditure (OOP) per capita in US$,numeric,EUR,Europe,Country,AUT,Austria,Year,2015,false,,,,,,,,,,,,,922.7,,,,,,922.72,,,EN,2025-12-04T23:00:00.000Z
GHED_OOP_pc_US_SHA2011,Out-of-pocket expenditure (OOP) per capita in US$,numeric,AMR,Americas,Country,PER,Peru,Year,2015,false,,,,,,,,,,,,,93.64,,,,,,93.64,,,EN,2025-12-04T23:00:00.000Z
GHED_OOP_pc_US_SHA2011,Out-of-pocket expenditure (OOP) per capita in US$,numeric,EUR,Europe,Country,ROU,Romania,Year,2015,false,,,,,,,,,,,,,94.12,,,,,,94.12,,,EN,2025-12-04T23:00:00.000Z
GHED_OOP_pc_US_SHA2011,Out-of-pocket expenditure (OOP) per capita in US$,numeric,AMR,Americas,Country,CUB,Cuba,Year,2015,false,,,,,,,,,,,,,95.36,,,,,,95.36,,,EN,2025-12-04T23:00:00.000Z
GHED_OOP_pc_US_SHA2011,Out-of-pocket expenditure (OOP) per capita in US$,numeric,AMR,Americas,Country,DOM,Dominican Republic,Year,2015,false,,,,,,,,,,,,,96.59,,,,,,96.59,,,EN,2025-12-04T23:00:00.000Z
GHED_OOP_pc_US_SHA2011,Out-of-pocket expenditure (OOP) per capita in US$,numeric,EMR,Eastern Mediterranean,Country,TUN,Tunisia,Year,2015,false,,,,,,,,,,,,,98.97,,,,,,98.97,,,EN,2025-12-04T23:00:00.000Z
GHED_OOP_pc_US_SHA2011,Out-of-pocket expenditure (OOP) per capita in US$,numeric,EUR,Europe,Country,KAZ,Kazakhstan,Year,2015,false,,,,,,,,,,,,,99.5,,,,,,99.50,,,EN,2025-12-04T23:00:00.000Z
GHED_OOP_pc_US_SHA2011,Out-of-pocket expenditure (OOP) per capita in US$,numeric,WPR,Western Pacific,Country,KIR,Kiribati,Year,2014,false,,,,,,,,,,,,,0.78,,,,,,0.78,,,EN,2025-12-04T23:00:00.000Z
GHED_OOP_pc_US_SHA2011,Out-of-pocket expenditure (OOP) per capita in US$,numeric,AFR,Africa,Country,TZA,United Republic of Tanzania,Year,2014,false,,,,,,,,,,,,,10.35,,,,,,10.35,,,EN,2025-12-04T23:00:00.000Z
GHED_OOP_pc_US_SHA2011,Out-of-pocket expenditure (OOP) per capita in US$,numeric,EUR,Europe,Country,UKR,Ukraine,Year,2014,false,,,,,,,,,,,,,100.6,,,,,,100.57,,,EN,2025-12-04T23:00:00.000Z
GHED_OOP_pc_US_SHA2011,Out-of-pocket expenditure (OOP) per capita in US$,numeric,AMR,Americas,Country,VCT,Saint Vincent and the Grenadines,Year,2014,false,,,,,,,,,,,,,101.8,,,,,,101.81,,,EN,2025-12-04T23:00:00.000Z
GHED_OOP_pc_US_SHA2011,Out-of-pocket expenditure (OOP) per capita in US$,numeric,EUR,Europe,Country,ROU,Romania,Year,2014,false,,,,,,,,,,,,,102.2,,,,,,102.25,,,EN,2025-12-04T23:00:00.000Z
GHED_OOP_pc_US_SHA2011,Out-of-pocket expenditure (OOP) per capita in US$,numeric,EUR,Europe,Country,BEL,Belgium,Year,2014,false,,,,,,,,,,,,,1022,,,,,,1022.46,,,EN,2025-12-04T23:00:00.000Z
GHED_OOP_pc_US_SHA2011,Out-of-pocket expenditure (OOP) per capita in US$,numeric,EUR,Europe,Country,HRV,Croatia,Year,2014,false,,,,,,,,,,,,,103.2,,,,,,103.20,,,EN,2025-12-04T23:00:00.000Z
GHED_OOP_pc_US_SHA2011,Out-of-pocket expenditure (OOP) per capita in US$,numeric,AFR,Africa,Country,DZA,Algeria,Year,2014,false,,,,,,,,,,,,,104.7,,,,,,104.71,,,EN,2025-12-04T23:00:00.000Z
GHED_OOP_pc_US_SHA2011,Out-of-pocket expenditure (OOP) per capita in US$,numeric,AMR,Americas,Country,PER,Peru,Year,2014,false,,,,,,,,,,,,,105.5,,,,,,105.54,,,EN,2025-12-04T23:00:00.000Z
GHED_OOP_pc_US_SHA2011,Out-of-pocket expenditure (OOP) per capita in US$,numeric,AMR,Americas,Country,USA,United States of America,Year,2014,false,,,,,,,,,,,,,1053,,,,,,1053.46,,,EN,2025-12-04T23:00:00.000Z
GHED_OOP_pc_US_SHA2011,Out-of-pocket expenditure (OOP) per capita in US$,numeric,EUR,Europe,Country,AUT,Austria,Year,2014,false,,,,,,,,,,,,,1063,,,,,,1062.71,,,EN,2025-12-04T23:00:00.000Z
GHED_OOP_pc_US_SHA2011,Out-of-pocket expenditure (OOP) per capita in US$,numeric,WPR,Western Pacific,Country,AUS,Australia,Year,2014,false,,,,,,,,,,,,,1088,,,,,,1088.38,,,EN,2025-12-04T23:00:00.000Z
GHED_OOP_pc_US_SHA2011,Out-of-pocket expenditure (OOP) per capita in US$,numeric,EMR,Eastern Mediterranean,Country,TUN,Tunisia,Year,2014,false,,,,,,,,,,,,,109.3,,,,,,109.31,,,EN,2025-12-04T23:00:00.000Z
GHED_OOP_pc_US_SHA2011,Out-of-pocket expenditure (OOP) per capita in US$,numeric,AFR,Africa,Country,MLI,Mali,Year,2014,false,,,,,,,,,,,,,11.99,,,,,,11.99,,,EN,2025-12-04T23:00:00.000Z
GHED_OOP_pc_US_SHA2011,Out-of-pocket expenditure (OOP) per capita in US$,numeric,AMR,Americas,Country,JAM,Jamaica,Year,2014,false,,,,,,,,,,,,,110.8,,,,,,110.80,,,EN,2025-12-04T23:00:00.000Z
GHED_OOP_pc_US_SHA2011,Out-of-pocket expenditure (OOP) per capita in US$,numeric,EMR,Eastern Mediterranean,Country,IRQ,Iraq,Year,2014,false,,,,,,,,,,,,,111,,,,,,111.02,,,EN,2025-12-04T23:00:00.000Z
GHED_OOP_pc_US_SHA2011,Out-of-pocket expenditure (OOP) per capita in US$,numeric,AMR,Americas,Country,SLV,El Salvador,Year,2014,false,,,,,,,,,,,,,115.3,,,,,,115.29,,,EN,2025-12-04T23:00:00.000Z
GHED_OOP_pc_US_SHA2011,Out-of-pocket expenditure (OOP) per capita in US$,numeric,AMR,Americas,Country,GTM,Guatemala,Year,2014,false,,,,,,,,,,,,,120.7,,,,,,120.69,,,EN,2025-12-04T23:00:00.000Z
GHED_OOP_pc_US_SHA2011,Out-of-pocket expenditure (OOP) per capita in US$,numeric,EUR,Europe,Country,MKD,North Macedonia,Year,2014,false,,,,,,,,,,,,,125.1,,,,,,125.09,,,EN,2025-12-04T23:00:00.000Z
GHED_OOP_pc_US_SHA2011,Out-of-pocket expenditure (OOP) per capita in US$,numeric,EMR,Eastern Mediterranean,Country,QAT,Qatar,Year,2014,false,,,,,,,,,,,,,127.2,,,,,,127.21,,,EN,2025-12-04T23:00:00.000Z
GHED_OOP_pc_US_SHA2011,Out-of-pocket expenditure (OOP) per capita in US$,numeric,AMR,Americas,Country,SUR,Suriname,Year,2014,false,,,,,,,,,,,,,127.8,,,,,,127.80,,,EN,2025-12-04T23:00:00.000Z
GHED_OOP_pc_US_SHA2011,Out-of-pocket expenditure (OOP) per capita in US$,numeric,AFR,Africa,Country,BFA,Burkina Faso,Year,2014,false,,,,,,,,,,,,,13.03,,,,,,13.03,,,EN,2025-12-04T23:00:00.000Z
GHED_OOP_pc_US_SHA2011,Out-of-pocket expenditure (OOP) per capita in US$,numeric,AFR,Africa,Country,NER,Niger,Year,2014,false,,,,,,,,,,,,,13.72,,,,,,13.72,,,EN,2025-12-04T23:00:00.000Z
GHED_OOP_pc_US_SHA2011,Out-of-pocket expenditure (OOP) per capita in US$,numeric,EUR,Europe,Country,NOR,Norway,Year,2014,false,,,,,,,,,,,,,1311,,,,,,1310.80,,,EN,2025-12-04T23:00:00.000Z
GHED_OOP_pc_US_SHA2011,Out-of-pocket expenditure (OOP) per capita in US$,numeric,WPR,Western Pacific,Country,CHN,China,Year,2014,false,,,,,,,,,,,,,132.5,,,,,,132.47,,,EN,2025-12-04T23:00:00.000Z
GHED_OOP_pc_US_SHA2011,Out-of-pocket expenditure (OOP) per capita in US$,numeric,AMR,Americas,Country,ECU,Ecuador,Year,2014,false,,,,,,,,,,,,,134.2,,,,,,134.18,,,EN,2025-12-04T23:00:00.000Z
GHED_OOP_pc_US_SHA2011,Out-of-pocket expenditure (OOP) per capita in US$,numeric,WPR,Western Pacific,Country,MYS,Malaysia,Year,2014,false,,,,,,,,,,,,,137,,,,,,136.95,,,EN,2025-12-04T23:00:00.000Z
GHED_OOP_pc_US_SHA2011,Out-of-pocket expenditure (OOP) per capita in US$,numeric,AMR,Americas,Country,DMA,Dominica,Year,2014,false,,,,,,,,,,,,,139.1,,,,,,139.07,,,EN,2025-12-04T23:00:00.000Z
GHED_OOP_pc_US_SHA2011,Out-of-pocket expenditure (OOP) per capita in US$,numeric,EMR,Eastern Mediterranean,Country,PSE,"occupied Palestinian territory, including east Jerusalem",Year,2014,false,,,,,,,,,,,,,139.5,,,,,,139.54,,,EN,2025-12-04T23:00:00.000Z
GHED_OOP_pc_US_SHA2011,Out-of-pocket expenditure (OOP) per capita in US$,numeric,EMR,Eastern Mediterranean,Country,DJI,Djibouti,Year,2014,false,,,,,,,,,,,,,14.85,,,,,,14.85,,,EN,2025-12-04T23:00:00.000Z
GHED_OOP_pc_US_SHA2011,Out-of-pocket expenditure (OOP) per capita in US$,numeric,EUR,Europe,Country,BIH,Bosnia and Herzegovina,Year,2014,false,,,,,,,,,,,,,142.6,,,,,,142.61,,,EN,2025-12-04T23:00:00.000Z
GHED_OOP_pc_US_SHA2011,Out-of-pocket expenditure (OOP) per capita in US$,numeric,AFR,Africa,Country,BEN,Benin,Year,2014,false,,,,,,,,,,,,,15.07,,,,,,15.07,,,EN,2025-12-04T23:00:00.000Z
GHED_OOP_pc_US_SHA2011,Out-of-pocket expenditure (OOP) per capita in US$,numeric,WPR,Western Pacific,Country,TON,Tonga,Year,2014,false,,,,,,,,,,,,,15.16,,,,,,15.16,,,EN,2025-12-04T23:00:00.000Z
GHED_OOP_pc_US_SHA2011,Out-of-pocket expenditure (OOP) per capita in US$,numeric,AFR,Africa,Country,BWA,Botswana,Year,2014,false,,,,,,,,,,,,,15.57,,,,,,15.57,,,EN,2025-12-04T23:00:00.000Z
GHED_OOP_pc_US_SHA2011,Out-of-pocket expenditure (OOP) per capita in US$,numeric,EMR,Eastern Mediterranean,Country,LBY,Libya,Year,2014,false,,,,,,,,,,,,,155.4,,,,,,155.42,,,EN,2025-12-04T23:00:00.000Z
GHED_OOP_pc_US_SHA2011,Out-of-pocket expenditure (OOP) per capita in US$,numeric,EUR,Europe,Country,BLR,Belarus,Year,2014,false,,,,,,,,,,,,,156.4,,,,,,156.42,,,EN,2025-12-04T23:00:00.000Z
GHED_OOP_pc_US_SHA2011,Out-of-pocket expenditure (OOP) per capita in US$,numeric,EMR,Eastern Mediterranean,Country,IRN,Iran (Islamic Republic of),Year,2014,false,,,,,,,,,,,,,158.4,,,,,,158.44,,,EN,2025-12-04T23:00:00.000Z
GHED_OOP_pc_US_SHA2011,Out-of-pocket expenditure (OOP) per capita in US$,numeric,AFR,Africa,Country,ERI,Eritrea,Year,2014,false,,,,,,,,,,,,,16.78,,,,,,16.78,,,EN,2025-12-04T23:00:00.000Z
GHED_OOP_pc_US_SHA2011,Out-of-pocket expenditure (OOP) per capita in US$,numeric,AFR,Africa,Country,SYC,Seychelles,Year,2014,false,,,,,,,,,,,,,161.6,,,,,,161.61,,,EN,2025-12-04T23:00:00.000Z
GHED_OOP_pc_US_SHA2011,Out-of-pocket expenditure (OOP) per capita in US$,numeric,AFR,Africa,Country,LSO,Lesotho,Year,2014,false,,,,,,,,,,,,,17.2,,,,,,17.20,,,EN,2025-12-04T23:00:00.000Z
GHED_OOP_pc_US_SHA2011,Out-of-pocket expenditure (OOP) per capita in US$,numeric,WPR,Western Pacific,Country,NIU,Niue,Year,2014,false,,,,,,,,,,,,,17.37,,,,,,17.37,,,EN,2025-12-04T23:00:00.000Z
GHED_OOP_pc_US_SHA2011,Out-of-pocket expenditure (OOP) per capita in US$,numeric,AFR,Africa,Country,STP,Sao Tome and Principe,Year,2014,false,,,,,,,,,,,,,17.86,,,,,,17.86,,,EN,2025-12-04T23:00:00.000Z
GHED_OOP_pc_US_SHA2011,Out-of-pocket expenditure (OOP) per capita in US$,numeric,EUR,Europe,Country,ALB,Albania,Year,2014,false,,,,,,,,,,,,,173.5,,,,,,173.47,,,EN,2025-12-04T23:00:00.000Z
GHED_OOP_pc_US_SHA2011,Out-of-pocket expenditure (OOP) per capita in US$,numeric,EMR,Eastern Mediterranean,Country,SAU,Saudi Arabia,Year,2014,false,,,,,,,,,,,,,179.1,,,,,,179.12,,,EN,2025-12-04T23:00:00.000Z
GHED_OOP_pc_US_SHA2011,Out-of-pocket expenditure (OOP) per capita in US$,numeric,WPR,Western Pacific,Country,TUV,Tuvalu,Year,2014,false,,,,,,,,,,,,,18.27,,,,,,18.27,,,EN,2025-12-04T23:00:00.000Z
GHED_OOP_pc_US_SHA2011,Out-of-pocket expenditure (OOP) per capita in US$,numeric,SEAR,South-East Asia,Country,BTN,Bhutan,Year,2014,false,,,,,,,,,,,,,18.46,,,,,,18.46,,,EN,2025-12-04T23:00:00.000Z
GHED_OOP_pc_US_SHA2011,Out-of-pocket expenditure (OOP) per capita in US$,numeric,EMR,Eastern Mediterranean,Country,KWT,Kuwait,Year,2014,false,,,,,,,,,,,,,180.2,,,,,,180.22,,,EN,2025-12-04T23:00:00.000Z
GHED_OOP_pc_US_SHA2011,Out-of-pocket expenditure (OOP) per capita in US$,numeric,AFR,Africa,Country,GNQ,Equatorial Guinea,Year,2014,false,,,,,,,,,,,,,185.7,,,,,,185.71,,,EN,2025-12-04T23:00:00.000Z
GHED_OOP_pc_US_SHA2011,Out-of-pocket expenditure (OOP) per capita in US$,numeric,EUR,Europe,Country,AZE,Azerbaijan,Year,2014,false,,,,,,,,,,,,,189.3,,,,,,189.29,,,EN,2025-12-04T23:00:00.000Z
GHED_OOP_pc_US_SHA2011,Out-of-pocket expenditure (OOP) per capita in US$,numeric,AMR,Americas,Country,PRY,Paraguay,Year,2014,false,,,,,,,,,,,,,195.7,,,,,,195.68,,,EN,2025-12-04T23:00:00.000Z
GHED_OOP_pc_US_SHA2011,Out-of-pocket expenditure (OOP) per capita in US$,numeric,AMR,Americas,Country,GRD,Grenada,Year,2014,false,,,,,,,,,,,,,197.8,,,,,,197.82,,,EN,2025-12-04T23:00:00.000Z
GHED_OOP_pc_US_SHA2011,Out-of-pocket expenditure (OOP) per capita in US$,numeric,SEAR,South-East Asia,Country,MDV,Maldives,Year,2014,false,,,,,,,,,,,,,198.9,,,,,,198.90,,,EN,2025-12-04T23:00:00.000Z
GHED_OOP_pc_US_SHA2011,Out-of-pocket expenditure (OOP) per capita in US$,numeric,AFR,Africa,Country,MWI,Malawi,Year,2014,false,,,,,,,,,,,,,2.89,,,,,,2.89,,,EN,2025-12-04T23:00:00.000Z
GHED_OOP_pc_US_SHA2011,Out-of-pocket expenditure (OOP) per capita in US$,numeric,AMR,Americas,Country,HTI,Haiti,Year,2014,false,,,,,,,,,,,,,20.19,,,,,,20.19,,,EN,2025-12-04T23:00:00.000Z
GHED_OOP_pc_US_SHA2011,Out-of-pocket expenditure (OOP) per capita in US$,numeric,AFR,Africa,Country,UGA,Uganda,Year,2014,false,,,,,,,,,,,,,20.46,,,,,,20.46,,,EN,2025-12-04T23:00:00.000Z
GHED_OOP_pc_US_SHA2011,Out-of-pocket expenditure (OOP) per capita in US$,numeric,EMR,Eastern Mediterranean,Country,LBN,Lebanon,Year,2014,false,,,,,,,,,,,,,202.7,,,,,,202.71,,,EN,2025-12-04T23:00:00.000Z
GHED_OOP_pc_US_SHA2011,Out-of-pocket expenditure (OOP) per capita in US$,numeric,AMR,Americas,Country,CRI,Costa Rica,Year,2014,false,,,,,,,,,,,,,204.2,,,,,,204.15,,,EN,2025-12-04T23:00:00.000Z
GHED_OOP_pc_US_SHA2011,Out-of-pocket expenditure (OOP) per capita in US$,numeric,EUR,Europe,Country,LIE,Liechtenstein,Year,2014,false,,,,,,,,,,,,,2065,,,,,,2065.25,,,EN,2026-01-11T23:00:00.000Z
GHED_OOP_pc_US_SHA2011,Out-of-pocket expenditure (OOP) per capita in US$,numeric,EUR,Europe,Country,POL,Poland,Year,2014,false,,,,,,,,,,,,,207.2,,,,,,207.21,,,EN,2025-12-04T23:00:00.000Z
GHED_OOP_pc_US_SHA2011,Out-of-pocket expenditure (OOP) per capita in US$,numeric,AMR,Americas,Country,ATG,Antigua and Barbuda,Year,2014,false,,,,,,,,,,,,,209.5,,,,,,209.53,,,EN,2025-12-04T23:00:00.000Z
GHED_OOP_pc_US_SHA2011,Out-of-pocket expenditure (OOP) per capita in US$,numeric,EMR,Eastern Mediterranean,Country,PAK,Pakistan,Year,2014,false,,,,,,,,,,,,,21.04,,,,,,21.04,,,EN,2025-12-04T23:00:00.000Z
GHED_OOP_pc_US_SHA2011,Out-of-pocket expenditure (OOP) per capita in US$,numeric,SEAR,South-East Asia,Country,BGD,Bangladesh,Year,2014,false,,,,,,,,,,,,,21.16,,,,,,21.16,,,EN,2025-12-04T23:00:00.000Z
GHED_OOP_pc_US_SHA2011,Out-of-pocket expenditure (OOP) per capita in US$,numeric,AFR,Africa,Country,KEN,Kenya,Year,2014,false,,,,,,,,,,,,,21.29,,,,,,21.29,,,EN,2025-12-04T23:00:00.000Z
GHED_OOP_pc_US_SHA2011,Out-of-pocket expenditure (OOP) per capita in US$,numeric,AFR,Africa,Country,GIN,Guinea,Year,2014,false,,,,,,,,,,,,,21.38,,,,,,21.38,,,EN,2025-12-04T23:00:00.000Z
GHED_OOP_pc_US_SHA2011,Out-of-pocket expenditure (OOP) per capita in US$,numeric,EUR,Europe,Country,CHE,Switzerland,Year,2014,false,,,,,,,,,,,,,2141,,,,,,2141.46,,,EN,2025-12-04T23:00:00.000Z
GHED_OOP_pc_US_SHA2011,Out-of-pocket expenditure (OOP) per capita in US$,numeric,EUR,Europe,Country,CZE,Czechia,Year,2014,false,,,,,,,,,,,,,218.7,,,,,,218.70,,,EN,2025-12-04T23:00:00.000Z
GHED_OOP_pc_US_SHA2011,Out-of-pocket expenditure (OOP) per capita in US$,numeric,AFR,Africa,Country,COG,Congo,Year,2014,false,,,,,,,,,,,,,22.15,,,,,,22.15,,,EN,2025-12-04T23:00:00.000Z
GHED_OOP_pc_US_SHA2011,Out-of-pocket expenditure (OOP) per capita in US$,numeric,WPR,Western Pacific,Country,COK,Cook Islands,Year,2014,false,,,,,,,,,,,,,22.19,,,,,,22.19,,,EN,2025-12-04T23:00:00.000Z
GHED_OOP_pc_US_SHA2011,Out-of-pocket expenditure (OOP) per capita in US$,numeric,EMR,Eastern Mediterranean,Country,SYR,Syrian Arab Republic,Year,2014,false,,,,,,,,,,,,,22.95,,,,,,22.95,,,EN,2025-12-04T23:00:00.000Z
GHED_OOP_pc_US_SHA2011,Out-of-pocket expenditure (OOP) per capita in US$,numeric,EUR,Europe,Country,MNE,Montenegro,Year,2014,false,,,,,,,,,,,,,227.4,,,,,,227.42,,,EN,2025-12-04T23:00:00.000Z
GHED_OOP_pc_US_SHA2011,Out-of-pocket expenditure (OOP) per capita in US$,numeric,WPR,Western Pacific,Country,LAO,Lao People's Democratic Republic,Year,2014,false,,,,,,,,,,,,,23.17,,,,,,23.17,,,EN,2025-12-04T23:00:00.000Z
GHED_OOP_pc_US_SHA2011,Out-of-pocket expenditure (OOP) per capita in US$,numeric,AFR,Africa,Country,TCD,Chad,Year,2014,false,,,,,,,,,,,,,23.49,,,,,,23.49,,,EN,2025-12-04T23:00:00.000Z
GHED_OOP_pc_US_SHA2011,Out-of-pocket expenditure (OOP) per capita in US$,numeric,EUR,Europe,Country,SVK,Slovakia,Year,2014,false,,,,,,,,,,,,,232.2,,,,,,232.18,,,EN,2025-12-04T23:00:00.000Z
GHED_OOP_pc_US_SHA2011,Out-of-pocket expenditure (OOP) per capita in US$,numeric,WPR,Western Pacific,Country,PLW,Palau,Year,2014,false,,,,,,,,,,,,,232.5,,,,,,232.46,,,EN,2025-12-04T23:00:00.000Z
GHED_OOP_pc_US_SHA2011,Out-of-pocket expenditure (OOP) per capita in US$,numeric,AFR,Africa,Country,TGO,Togo,Year,2014,false,,,,,,,,,,,,,24.05,,,,,,24.05,,,EN,2025-12-04T23:00:00.000Z
GHED_OOP_pc_US_SHA2011,Out-of-pocket expenditure (OOP) per capita in US$,numeric,AFR,Africa,Country,LBR,Liberia,Year,2014,false,,,,,,,,,,,,,24.54,,,,,,24.54,,,EN,2025-12-04T23:00:00.000Z
GHED_OOP_pc_US_SHA2011,Out-of-pocket expenditure (OOP) per capita in US$,numeric,AMR,Americas,Country,LCA,Saint Lucia,Year,2014,false,,,,,,,,,,,,,241.4,,,,,,241.38,,,EN,2025-12-04T23:00:00.000Z
GHED_OOP_pc_US_SHA2011,Out-of-pocket expenditure (OOP) per capita in US$,numeric,EUR,Europe,Country,SRB,Serbia,Year,2014,false,,,,,,,,,,,,,243.2,,,,,,243.21,,,EN,2025-12-04T23:00:00.000Z
GHED_OOP_pc_US_SHA2011,Out-of-pocket expenditure (OOP) per capita in US$,numeric,EUR,Europe,Country,BGR,Bulgaria,Year,2014,false,,,,,,,,,,,,,247.9,,,,,,247.95,,,EN,2025-12-04T23:00:00.000Z
GHED_OOP_pc_US_SHA2011,Out-of-pocket expenditure (OOP) per capita in US$,numeric,AMR,Americas,Country,MEX,Mexico,Year,2014,false,,,,,,,,,,,,,249.2,,,,,,249.25,,,EN,2025-12-04T23:00:00.000Z
GHED_OOP_pc_US_SHA2011,Out-of-pocket expenditure (OOP) per capita in US$,numeric,SEAR,South-East Asia,Country,NPL,Nepal,Year,2014,false,,,,,,,,,,,,,25.2,,,,,,25.20,,,EN,2025-12-04T23:00:00.000Z
GHED_OOP_pc_US_SHA2011,Out-of-pocket expenditure (OOP) per capita in US$,numeric,AMR,Americas,Country,URY,Uruguay,Year,2014,false,,,,,,,,,,,,,255.7,,,,,,255.68,,,EN,2025-12-04T23:00:00.000Z
GHED_OOP_pc_US_SHA2011,Out-of-pocket expenditure (OOP) per capita in US$,numeric,EUR,Europe,Country,GEO,Georgia,Year,2014,false,,,,,,,,,,,,,263.4,,,,,,263.37,,,EN,2025-12-04T23:00:00.000Z
GHED_OOP_pc_US_SHA2011,Out-of-pocket expenditure (OOP) per capita in US$,numeric,EUR,Europe,Country,RUS,Russian Federation,Year,2014,false,,,,,,,,,,,,,263.8,,,,,,263.79,,,EN,2025-12-04T23:00:00.000Z
GHED_OOP_pc_US_SHA2011,Out-of-pocket expenditure (OOP) per capita in US$,numeric,EUR,Europe,Country,SVN,Slovenia,Year,2014,false,,,,,,,,,,,,,267.8,,,,,,267.77,,,EN,2025-12-04T23:00:00.000Z
GHED_OOP_pc_US_SHA2011,Out-of-pocket expenditure (OOP) per capita in US$,numeric,EUR,Europe,Country,TKM,Turkmenistan,Year,2014,false,,,,,,,,,,,,,268.7,,,,,,268.65,,,EN,2025-12-04T23:00:00.000Z
GHED_OOP_pc_US_SHA2011,Out-of-pocket expenditure (OOP) per capita in US$,numeric,WPR,Western Pacific,Country,WSM,Samoa,Year,2014,false,,,,,,,,,,,,,27.38,,,,,,27.38,,,EN,2025-12-04T23:00:00.000Z
GHED_OOP_pc_US_SHA2011,Out-of-pocket expenditure (OOP) per capita in US$,numeric,SEAR,South-East Asia,Country,THA,Thailand,Year,2014,false,,,,,,,,,,,,,27.48,,,,,,27.48,,,EN,2025-12-04T23:00:00.000Z
GHED_OOP_pc_US_SHA2011,Out-of-pocket expenditure (OOP) per capita in US$,numeric,AFR,Africa,Country,ZWE,Zimbabwe,Year,2014,false,,,,,,,,,,,,,27.72,,,,,,27.72,,,EN,2025-12-04T23:00:00.000Z
GHED_OOP_pc_US_SHA2011,Out-of-pocket expenditure (OOP) per capita in US$,numeric,AFR,Africa,Country,MUS,Mauritius,Year,2014,false,,,,,,,,,,,,,273.2,,,,,,273.20,,,EN,2025-12-04T23:00:00.000Z
GHED_OOP_pc_US_SHA2011,Out-of-pocket expenditure (OOP) per capita in US$,numeric,AFR,Africa,Country,MRT,Mauritania,Year,2014,false,,,,,,,,,,,,,28.28,,,,,,28.28,,,EN,2025-12-04T23:00:00.000Z
GHED_OOP_pc_US_SHA2011,Out-of-pocket expenditure (OOP) per capita in US$,numeric,EUR,Europe,Country,HUN,Hungary,Year,2014,false,,,,,,,,,,,,,285.9,,,,,,285.92,,,EN,2025-12-04T23:00:00.000Z
GHED_OOP_pc_US_SHA2011,Out-of-pocket expenditure (OOP) per capita in US$,numeric,AFR,Africa,Country,SWZ,Eswatini,Year,2014,false,,,,,,,,,,,,,29.8,,,,,,29.80,,,EN,2025-12-04T23:00:00.000Z
GHED_OOP_pc_US_SHA2011,Out-of-pocket expenditure (OOP) per capita in US$,numeric,AMR,Americas,Country,BRA,Brazil,Year,2014,false,,,,,,,,,,,,,290.4,,,,,,290.44,,,EN,2025-12-04T23:00:00.000Z
GHED_OOP_pc_US_SHA2011,Out-of-pocket expenditure (OOP) per capita in US$,numeric,AMR,Americas,Country,PAN,Panama,Year,2014,false,,,,,,,,,,,,,292.3,,,,,,292.33,,,EN,2025-12-04T23:00:00.000Z
GHED_OOP_pc_US_SHA2011,Out-of-pocket expenditure (OOP) per capita in US$,numeric,EMR,Eastern Mediterranean,Country,BHR,Bahrain,Year,2014,false,,,,,,,,,,,,,293.4,,,,,,293.36,,,EN,2025-12-04T23:00:00.000Z
GHED_OOP_pc_US_SHA2011,Out-of-pocket expenditure (OOP) per capita in US$,numeric,WPR,Western Pacific,Country,SLB,Solomon Islands,Year,2014,false,,,,,,,,,,,,,3.07,,,,,,3.07,,,EN,2025-12-04T23:00:00.000Z
GHED_OOP_pc_US_SHA2011,Out-of-pocket expenditure (OOP) per capita in US$,numeric,AFR,Africa,Country,ZAF,South Africa,Year,2014,false,,,,,,,,,,,,,30.55,,,,,,30.55,,,EN,2025-12-04T23:00:00.000Z
GHED_OOP_pc_US_SHA2011,Out-of-pocket expenditure (OOP) per capita in US$,numeric,AFR,Africa,Country,SEN,Senegal,Year,2014,false,,,,,,,,,,,,,30.93,,,,,,30.93,,,EN,2025-12-04T23:00:00.000Z
GHED_OOP_pc_US_SHA2011,Out-of-pocket expenditure (OOP) per capita in US$,numeric,EUR,Europe,Country,EST,Estonia,Year,2014,false,,,,,,,,,,,,,302.9,,,,,,302.91,,,EN,2025-12-04T23:00:00.000Z
GHED_OOP_pc_US_SHA2011,Out-of-pocket expenditure (OOP) per capita in US$,numeric,EMR,Eastern Mediterranean,Country,ARE,United Arab Emirates,Year,2014,false,,,,,,,,,,,,,316.4,,,,,,316.40,,,EN,2025-12-04T23:00:00.000Z
GHED_OOP_pc_US_SHA2011,Out-of-pocket expenditure (OOP) per capita in US$,numeric,EUR,Europe,Country,LTU,Lithuania,Year,2014,false,,,,,,,,,,,,,321.1,,,,,,321.14,,,EN,2025-12-04T23:00:00.000Z
GHED_OOP_pc_US_SHA2011,Out-of-pocket expenditure (OOP) per capita in US$,numeric,EUR,Europe,Country,ARM,Armenia,Year,2014,false,,,,,,,,,,,,,333.5,,,,,,333.50,,,EN,2025-12-04T23:00:00.000Z
GHED_OOP_pc_US_SHA2011,Out-of-pocket expenditure (OOP) per capita in US$,numeric,EUR,Europe,Country,LVA,Latvia,Year,2014,false,,,,,,,,,,,,,335,,,,,,335.05,,,EN,2025-12-04T23:00:00.000Z
GHED_OOP_pc_US_SHA2011,Out-of-pocket expenditure (OOP) per capita in US$,numeric,AMR,Americas,Country,ARG,Argentina,Year,2014,false,,,,,,,,,,,,,344.7,,,,,,344.70,,,EN,2025-12-04T23:00:00.000Z
GHED_OOP_pc_US_SHA2011,Out-of-pocket expenditure (OOP) per capita in US$,numeric,AFR,Africa,Country,AGO,Angola,Year,2014,false,,,,,,,,,,,,,35.1,,,,,,35.10,,,EN,2025-12-04T23:00:00.000Z
GHED_OOP_pc_US_SHA2011,Out-of-pocket expenditure (OOP) per capita in US$,numeric,AFR,Africa,Country,GHA,Ghana,Year,2014,false,,,,,,,,,,,,,35.35,,,,,,35.35,,,EN,2025-12-04T23:00:00.000Z
GHED_OOP_pc_US_SHA2011,Out-of-pocket expenditure (OOP) per capita in US$,numeric,WPR,Western Pacific,Country,FJI,Fiji,Year,2014,false,,,,,,,,,,,,,35.48,,,,,,35.48,,,EN,2025-12-04T23:00:00.000Z
GHED_OOP_pc_US_SHA2011,Out-of-pocket expenditure (OOP) per capita in US$,numeric,SEAR,South-East Asia,Country,MMR,Myanmar,Year,2014,false,,,,,,,,,,,,,35.84,,,,,,35.84,,,EN,2025-12-04T23:00:00.000Z
GHED_OOP_pc_US_SHA2011,Out-of-pocket expenditure (OOP) per capita in US$,numeric,AFR,Africa,Country,GNB,Guinea-Bissau,Year,2014,false,,,,,,,,,,,,,36,,,,,,36.00,,,EN,2025-12-04T23:00:00.000Z
GHED_OOP_pc_US_SHA2011,Out-of-pocket expenditure (OOP) per capita in US$,numeric,WPR,Western Pacific,Country,KHM,Cambodia,Year,2014,false,,,,,,,,,,,,,36.66,,,,,,36.66,,,EN,2025-12-04T23:00:00.000Z
GHED_OOP_pc_US_SHA2011,Out-of-pocket expenditure (OOP) per capita in US$,numeric,SEAR,South-East Asia,Country,IND,India,Year,2014,false,,,,,,,,,,,,,37.76,,,,,,37.76,,,EN,2025-12-04T23:00:00.000Z
GHED_OOP_pc_US_SHA2011,Out-of-pocket expenditure (OOP) per capita in US$,numeric,AFR,Africa,Country,CIV,Cote d'Ivoire,Year,2014,false,,,,,,,,,,,,,38.03,,,,,,38.03,,,EN,2025-12-04T23:00:00.000Z
GHED_OOP_pc_US_SHA2011,Out-of-pocket expenditure (OOP) per capita in US$,numeric,EUR,Europe,Country,AND,Andorra,Year,2014,false,,,,,,,,,,,,,383.2,,,,,,383.22,,,EN,2025-12-04T23:00:00.000Z
GHED_OOP_pc_US_SHA2011,Out-of-pocket expenditure (OOP) per capita in US$,numeric,AMR,Americas,Country,CHL,Chile,Year,2014,false,,,,,,,,,,,,,390.2,,,,,,390.20,,,EN,2025-12-04T23:00:00.000Z
GHED_OOP_pc_US_SHA2011,Out-of-pocket expenditure (OOP) per capita in US$,numeric,AFR,Africa,Country,MOZ,Mozambique,Year,2014,false,,,,,,,,,,,,,4.53,,,,,,4.53,,,EN,2025-12-04T23:00:00.000Z
GHED_OOP_pc_US_SHA2011,Out-of-pocket expenditure (OOP) per capita in US$,numeric,AFR,Africa,Country,GMB,Gambia,Year,2014,false,,,,,,,,,,,,,4.65,,,,,,4.65,,,EN,2025-12-04T23:00:00.000Z
GHED_OOP_pc_US_SHA2011,Out-of-pocket expenditure (OOP) per capita in US$,numeric,AFR,Africa,Country,NAM,Namibia,Year,2014,false,,,,,,,,,,,,,40.87,,,,,,40.87,,,EN,2025-12-04T23:00:00.000Z
GHED_OOP_pc_US_SHA2011,Out-of-pocket expenditure (OOP) per capita in US$,numeric,EMR,Eastern Mediterranean,Country,OMN,Oman,Year,2014,false,,,,,,,,,,,,,41.3,,,,,,41.30,,,EN,2025-12-04T23:00:00.000Z
GHED_OOP_pc_US_SHA2011,Out-of-pocket expenditure (OOP) per capita in US$,numeric,EMR,Eastern Mediterranean,Country,AFG,Afghanistan,Year,2014,false,,,,,,,,,,,,,43.87,,,,,,43.87,,,EN,2025-12-04T23:00:00.000Z
GHED_OOP_pc_US_SHA2011,Out-of-pocket expenditure (OOP) per capita in US$,numeric,AMR,Americas,Country,TTO,Trinidad and Tobago,Year,2014,false,,,,,,,,,,,,,433,,,,,,432.95,,,EN,2025-12-04T23:00:00.000Z
GHED_OOP_pc_US_SHA2011,Out-of-pocket expenditure (OOP) per capita in US$,numeric,EUR,Europe,Country,TJK,Tajikistan,Year,2014,false,,,,,,,,,,,,,45.44,,,,,,45.44,,,EN,2025-12-04T23:00:00.000Z
GHED_OOP_pc_US_SHA2011,Out-of-pocket expenditure (OOP) per capita in US$,numeric,AMR,Americas,Country,BHS,Bahamas,Year,2014,false,,,,,,,,,,,,,458.7,,,,,,458.67,,,EN,2025-12-04T23:00:00.000Z
GHED_OOP_pc_US_SHA2011,Out-of-pocket expenditure (OOP) per capita in US$,numeric,WPR,Western Pacific,Country,IDN,Indonesia,Year,2014,false,,,,,,,,,,,,,46.15,,,,,,46.15,,,EN,2025-12-04T23:00:00.000Z
GHED_OOP_pc_US_SHA2011,Out-of-pocket expenditure (OOP) per capita in US$,numeric,WPR,Western Pacific,Country,VNM,Viet Nam,Year,2014,false,,,,,,,,,,,,,49.01,,,,,,49.01,,,EN,2025-12-04T23:00:00.000Z
GHED_OOP_pc_US_SHA2011,Out-of-pocket expenditure (OOP) per capita in US$,numeric,AFR,Africa,Country,CMR,Cameroon,Year,2014,false,,,,,,,,,,,,,49.4,,,,,,49.40,,,EN,2025-12-04T23:00:00.000Z
GHED_OOP_pc_US_SHA2011,Out-of-pocket expenditure (OOP) per capita in US$,numeric,AFR,Africa,Country,CPV,Cabo Verde,Year,2014,false,,,,,,,,,,,,,49.7,,,,,,49.70,,,EN,2025-12-04T23:00:00.000Z
GHED_OOP_pc_US_SHA2011,Out-of-pocket expenditure (OOP) per capita in US$,numeric,EUR,Europe,Country,SMR,San Marino,Year,2014,false,,,,,,,,,,,,,493.4,,,,,,493.45,,,EN,2025-12-04T23:00:00.000Z
GHED_OOP_pc_US_SHA2011,Out-of-pocket expenditure (OOP) per capita in US$,numeric,EMR,Eastern Mediterranean,Country,SOM,Somalia,Year,2014,false,,,,,,,,,,,,,5.21,,,,,,5.21,,,EN,2025-12-04T23:00:00.000Z
GHED_OOP_pc_US_SHA2011,Out-of-pocket expenditure (OOP) per capita in US$,numeric,WPR,Western Pacific,Country,PNG,Papua New Guinea,Year,2014,false,,,,,,,,,,,,,5.3,,,,,,5.30,,,EN,2025-12-04T23:00:00.000Z
GHED_OOP_pc_US_SHA2011,Out-of-pocket expenditure (OOP) per capita in US$,numeric,AFR,Africa,Country,BDI,Burundi,Year,2014,false,,,,,,,,,,,,,5.6,,,,,,5.60,,,EN,2025-12-04T23:00:00.000Z
GHED_OOP_pc_US_SHA2011,Out-of-pocket expenditure (OOP) per capita in US$,numeric,AFR,Africa,Country,SLE,Sierra Leone,Year,2014,false,,,,,,,,,,,,,50.31,,,,,,50.31,,,EN,2025-12-04T23:00:00.000Z
GHED_OOP_pc_US_SHA2011,Out-of-pocket expenditure (OOP) per capita in US$,numeric,AMR,Americas,Country,BRB,Barbados,Year,2014,false,,,,,,,,,,,,,512.9,,,,,,512.89,,,EN,2025-12-04T23:00:00.000Z
GHED_OOP_pc_US_SHA2011,Out-of-pocket expenditure (OOP) per capita in US$,numeric,WPR,Western Pacific,Country,NZL,New Zealand,Year,2014,false,,,,,,,,,,,,,513.3,,,,,,513.32,,,EN,2025-12-04T23:00:00.000Z
GHED_OOP_pc_US_SHA2011,Out-of-pocket expenditure (OOP) per capita in US$,numeric,EUR,Europe,Country,MCO,Monaco,Year,2014,false,,,,,,,,,,,,,513.4,,,,,,513.37,,,EN,2025-12-04T23:00:00.000Z
GHED_OOP_pc_US_SHA2011,Out-of-pocket expenditure (OOP) per capita in US$,numeric,AMR,Americas,Country,KNA,Saint Kitts and Nevis,Year,2014,false,,,,,,,,,,,,,516.8,,,,,,516.82,,,EN,2025-12-04T23:00:00.000Z
GHED_OOP_pc_US_SHA2011,Out-of-pocket expenditure (OOP) per capita in US$,numeric,EUR,Europe,Country,KGZ,Kyrgyzstan,Year,2014,false,,,,,,,,,,,,,52.47,,,,,,52.47,,,EN,2025-12-04T23:00:00.000Z
GHED_OOP_pc_US_SHA2011,Out-of-pocket expenditure (OOP) per capita in US$,numeric,EUR,Europe,Country,UZB,Uzbekistan,Year,2014,false,,,,,,,,,,,,,53.78,,,,,,53.78,,,EN,2025-12-04T23:00:00.000Z
GHED_OOP_pc_US_SHA2011,Out-of-pocket expenditure (OOP) per capita in US$,numeric,WPR,Western Pacific,Country,JPN,Japan,Year,2014,false,,,,,,,,,,,,,530.4,,,,,,530.39,,,EN,2025-12-04T23:00:00.000Z
GHED_OOP_pc_US_SHA2011,Out-of-pocket expenditure (OOP) per capita in US$,numeric,AMR,Americas,Country,NIC,Nicaragua,Year,2014,false,,,,,,,,,,,,,55.19,,,,,,55.19,,,EN,2025-12-04T23:00:00.000Z
GHED_OOP_pc_US_SHA2011,Out-of-pocket expenditure (OOP) per capita in US$,numeric,AMR,Americas,Country,BOL,Bolivia (Plurinational State of),Year,2014,false,,,,,,,,,,,,,55.42,,,,,,55.42,,,EN,2025-12-04T23:00:00.000Z
GHED_OOP_pc_US_SHA2011,Out-of-pocket expenditure (OOP) per capita in US$,numeric,AFR,Africa,Country,COM,Comoros,Year,2014,false,,,,,,,,,,,,,55.45,,,,,,55.45,,,EN,2025-12-04T23:00:00.000Z
GHED_OOP_pc_US_SHA2011,Out-of-pocket expenditure (OOP) per capita in US$,numeric,WPR,Western Pacific,Country,PHL,Philippines,Year,2014,false,,,,,,,,,,,,,55.6,,,,,,55.60,,,EN,2025-12-04T23:00:00.000Z
GHED_OOP_pc_US_SHA2011,Out-of-pocket expenditure (OOP) per capita in US$,numeric,EUR,Europe,Country,FRA,France,Year,2014,false,,,,,,,,,,,,,556.1,,,,,,556.05,,,EN,2025-12-04T23:00:00.000Z
GHED_OOP_pc_US_SHA2011,Out-of-pocket expenditure (OOP) per capita in US$,numeric,WPR,Western Pacific,Country,BRN,Brunei Darussalam,Year,2014,false,,,,,,,,,,,,,57.61,,,,,,57.61,,,EN,2025-12-04T23:00:00.000Z
GHED_OOP_pc_US_SHA2011,Out-of-pocket expenditure (OOP) per capita in US$,numeric,EMR,Eastern Mediterranean,Country,SDN,Sudan,Year,2014,false,,,,,,,,,,,,,59.51,,,,,,59.51,,,EN,2025-12-04T23:00:00.000Z
GHED_OOP_pc_US_SHA2011,Out-of-pocket expenditure (OOP) per capita in US$,numeric,AFR,Africa,Country,RWA,Rwanda,Year,2014,false,,,,,,,,,,,,,6.1,,,,,,6.10,,,EN,2025-12-04T23:00:00.000Z
GHED_OOP_pc_US_SHA2011,Out-of-pocket expenditure (OOP) per capita in US$,numeric,AFR,Africa,Country,MDG,Madagascar,Year,2014,false,,,,,,,,,,,,,6.36,,,,,,6.36,,,EN,2025-12-04T23:00:00.000Z
GHED_OOP_pc_US_SHA2011,Out-of-pocket expenditure (OOP) per capita in US$,numeric,WPR,Western Pacific,Country,MHL,Marshall Islands,Year,2014,false,,,,,,,,,,,,,6.76,,,,,,6.76,,,EN,2025-12-04T23:00:00.000Z
GHED_OOP_pc_US_SHA2011,Out-of-pocket expenditure (OOP) per capita in US$,numeric,EUR,Europe,Country,PRT,Portugal,Year,2014,false,,,,,,,,,,,,,603.3,,,,,,603.30,,,EN,2025-12-04T23:00:00.000Z
GHED_OOP_pc_US_SHA2011,Out-of-pocket expenditure (OOP) per capita in US$,numeric,WPR,Western Pacific,Country,MNG,Mongolia,Year,2014,false,,,,,,,,,,,,,61.27,,,,,,61.27,,,EN,2025-12-04T23:00:00.000Z
GHED_OOP_pc_US_SHA2011,Out-of-pocket expenditure (OOP) per capita in US$,numeric,EMR,Eastern Mediterranean,Country,JOR,Jordan,Year,2014,false,,,,,,,,,,,,,63.12,,,,,,63.12,,,EN,2025-12-04T23:00:00.000Z
GHED_OOP_pc_US_SHA2011,Out-of-pocket expenditure (OOP) per capita in US$,numeric,EUR,Europe,Country,GRC,Greece,Year,2014,false,,,,,,,,,,,,,632.6,,,,,,632.58,,,EN,2025-12-04T23:00:00.000Z
GHED_OOP_pc_US_SHA2011,Out-of-pocket expenditure (OOP) per capita in US$,numeric,SEAR,South-East Asia,Country,LKA,Sri Lanka,Year,2014,false,,,,,,,,,,,,,64.66,,,,,,64.66,,,EN,2025-12-04T23:00:00.000Z
GHED_OOP_pc_US_SHA2011,Out-of-pocket expenditure (OOP) per capita in US$,numeric,EUR,Europe,Country,ISR,Israel,Year,2014,false,,,,,,,,,,,,,645.3,,,,,,645.25,,,EN,2025-12-04T23:00:00.000Z
GHED_OOP_pc_US_SHA2011,Out-of-pocket expenditure (OOP) per capita in US$,numeric,EUR,Europe,Country,NLD,Netherlands (Kingdom of the),Year,2014,false,,,,,,,,,,,,,649.1,,,,,,649.12,,,EN,2025-12-04T23:00:00.000Z
GHED_OOP_pc_US_SHA2011,Out-of-pocket expenditure (OOP) per capita in US$,numeric,AFR,Africa,Country,GAB,Gabon,Year,2014,false,,,,,,,,,,,,,65.56,,,,,,65.56,,,EN,2025-12-04T23:00:00.000Z
GHED_OOP_pc_US_SHA2011,Out-of-pocket expenditure (OOP) per capita in US$,numeric,EUR,Europe,Country,DEU,Germany,Year,2014,false,,,,,,,,,,,,,653,,,,,,653.00,,,EN,2025-12-04T23:00:00.000Z
GHED_OOP_pc_US_SHA2011,Out-of-pocket expenditure (OOP) per capita in US$,numeric,EMR,Eastern Mediterranean,Country,YEM,Yemen,Year,2014,false,,,,,,,,,,,,,66.76,,,,,,66.76,,,EN,2025-12-04T23:00:00.000Z
GHED_OOP_pc_US_SHA2011,Out-of-pocket expenditure (OOP) per capita in US$,numeric,EUR,Europe,Country,ESP,Spain,Year,2014,false,,,,,,,,,,,,,669.7,,,,,,669.72,,,EN,2025-12-04T23:00:00.000Z
GHED_OOP_pc_US_SHA2011,Out-of-pocket expenditure (OOP) per capita in US$,numeric,AMR,Americas,Country,BLZ,Belize,Year,2014,false,,,,,,,,,,,,,68.01,,,,,,68.01,,,EN,2025-12-04T23:00:00.000Z
GHED_OOP_pc_US_SHA2011,Out-of-pocket expenditure (OOP) per capita in US$,numeric,AFR,Africa,Country,COD,Democratic Republic of the Congo,Year,2014,false,,,,,,,,,,,,,7.06,,,,,,7.06,,,EN,2025-12-04T23:00:00.000Z
GHED_OOP_pc_US_SHA2011,Out-of-pocket expenditure (OOP) per capita in US$,numeric,SEAR,South-East Asia,Country,TLS,Timor-Leste,Year,2014,false,,,,,,,,,,,,,7.36,,,,,,7.36,,,EN,2025-12-04T23:00:00.000Z
GHED_OOP_pc_US_SHA2011,Out-of-pocket expenditure (OOP) per capita in US$,numeric,WPR,Western Pacific,Country,KOR,Republic of Korea,Year,2014,false,,,,,,,,,,,,,722.1,,,,,,722.11,,,EN,2025-12-04T23:00:00.000Z
GHED_OOP_pc_US_SHA2011,Out-of-pocket expenditure (OOP) per capita in US$,numeric,EUR,Europe,Country,LUX,Luxembourg,Year,2014,false,,,,,,,,,,,,,724.9,,,,,,724.92,,,EN,2025-12-04T23:00:00.000Z
GHED_OOP_pc_US_SHA2011,Out-of-pocket expenditure (OOP) per capita in US$,numeric,AFR,Africa,Country,NGA,Nigeria,Year,2014,false,,,,,,,,,,,,,73.58,,,,,,73.58,,,EN,2025-12-04T23:00:00.000Z
GHED_OOP_pc_US_SHA2011,Out-of-pocket expenditure (OOP) per capita in US$,numeric,EUR,Europe,Country,ITA,Italy,Year,2014,false,,,,,,,,,,,,,732.4,,,,,,732.41,,,EN,2025-12-04T23:00:00.000Z
GHED_OOP_pc_US_SHA2011,Out-of-pocket expenditure (OOP) per capita in US$,numeric,EUR,Europe,Country,IRL,Ireland,Year,2014,false,,,,,,,,,,,,,742.7,,,,,,742.68,,,EN,2025-12-04T23:00:00.000Z
GHED_OOP_pc_US_SHA2011,Out-of-pocket expenditure (OOP) per capita in US$,numeric,WPR,Western Pacific,Country,SGP,Singapore,Year,2014,false,,,,,,,,,,,,,743.7,,,,,,743.71,,,EN,2025-12-04T23:00:00.000Z
GHED_OOP_pc_US_SHA2011,Out-of-pocket expenditure (OOP) per capita in US$,numeric,EUR,Europe,Country,GBR,United Kingdom of Great Britain and Northern Ireland,Year,2014,false,,,,,,,,,,,,,745.2,,,,,,745.21,,,EN,2025-12-04T23:00:00.000Z
GHED_OOP_pc_US_SHA2011,Out-of-pocket expenditure (OOP) per capita in US$,numeric,AMR,Americas,Country,CAN,Canada,Year,2014,false,,,,,,,,,,,,,766.5,,,,,,766.53,,,EN,2025-12-04T23:00:00.000Z
GHED_OOP_pc_US_SHA2011,Out-of-pocket expenditure (OOP) per capita in US$,numeric,AMR,Americas,Country,GUY,Guyana,Year,2014,false,,,,,,,,,,,,,77.67,,,,,,77.67,,,EN,2025-12-04T23:00:00.000Z
GHED_OOP_pc_US_SHA2011,Out-of-pocket expenditure (OOP) per capita in US$,numeric,AFR,Africa,Country,ETH,Ethiopia,Year,2014,false,,,,,,,,,,,,,8.31,,,,,,8.31,,,EN,2025-12-04T23:00:00.000Z
GHED_OOP_pc_US_SHA2011,Out-of-pocket expenditure (OOP) per capita in US$,numeric,AFR,Africa,Country,CAF,Central African Republic,Year,2014,false,,,,,,,,,,,,,8.69,,,,,,8.69,,,EN,2025-12-04T23:00:00.000Z
GHED_OOP_pc_US_SHA2011,Out-of-pocket expenditure (OOP) per capita in US$,numeric,EUR,Europe,Country,ISL,Iceland,Year,2014,false,,,,,,,,,,,,,807.2,,,,,,807.19,,,EN,2025-12-04T23:00:00.000Z
GHED_OOP_pc_US_SHA2011,Out-of-pocket expenditure (OOP) per capita in US$,numeric,AMR,Americas,Country,CUB,Cuba,Year,2014,false,,,,,,,,,,,,,83.64,,,,,,83.64,,,EN,2025-12-04T23:00:00.000Z
GHED_OOP_pc_US_SHA2011,Out-of-pocket expenditure (OOP) per capita in US$,numeric,AMR,Americas,Country,HND,Honduras,Year,2014,false,,,,,,,,,,,,,84,,,,,,84.00,,,EN,2025-12-04T23:00:00.000Z
GHED_OOP_pc_US_SHA2011,Out-of-pocket expenditure (OOP) per capita in US$,numeric,EUR,Europe,Country,CYP,Cyprus,Year,2014,false,,,,,,,,,,,,,843.3,,,,,,843.33,,,EN,2025-12-04T23:00:00.000Z
GHED_OOP_pc_US_SHA2011,Out-of-pocket expenditure (OOP) per capita in US$,numeric,EMR,Eastern Mediterranean,Country,EGY,Egypt,Year,2014,false,,,,,,,,,,,,,85.47,,,,,,85.47,,,EN,2025-12-04T23:00:00.000Z
GHED_OOP_pc_US_SHA2011,Out-of-pocket expenditure (OOP) per capita in US$,numeric,EUR,Europe,Country,DNK,Denmark,Year,2014,false,,,,,,,,,,,,,860.1,,,,,,860.11,,,EN,2025-12-04T23:00:00.000Z
GHED_OOP_pc_US_SHA2011,Out-of-pocket expenditure (OOP) per capita in US$,numeric,EUR,Europe,Country,FIN,Finland,Year,2014,false,,,,,,,,,,,,,868.2,,,,,,868.19,,,EN,2025-12-04T23:00:00.000Z
GHED_OOP_pc_US_SHA2011,Out-of-pocket expenditure (OOP) per capita in US$,numeric,EUR,Europe,Country,KAZ,Kazakhstan,Year,2014,false,,,,,,,,,,,,,87.99,,,,,,87.99,,,EN,2025-12-04T23:00:00.000Z
GHED_OOP_pc_US_SHA2011,Out-of-pocket expenditure (OOP) per capita in US$,numeric,EUR,Europe,Country,MDA,Republic of Moldova,Year,2014,false,,,,,,,,,,,,,88.5,,,,,,88.50,,,EN,2025-12-04T23:00:00.000Z
GHED_OOP_pc_US_SHA2011,Out-of-pocket expenditure (OOP) per capita in US$,numeric,EUR,Europe,Country,MLT,Malta,Year,2014,false,,,,,,,,,,,,,899.6,,,,,,899.62,,,EN,2025-12-04T23:00:00.000Z
GHED_OOP_pc_US_SHA2011,Out-of-pocket expenditure (OOP) per capita in US$,numeric,AFR,Africa,Country,ZMB,Zambia,Year,2014,false,,,,,,,,,,,,,9.04,,,,,,9.04,,,EN,2025-12-04T23:00:00.000Z
GHED_OOP_pc_US_SHA2011,Out-of-pocket expenditure (OOP) per capita in US$,numeric,WPR,Western Pacific,Country,FSM,Micronesia (Federated States of),Year,2014,false,,,,,,,,,,,,,9.06,,,,,,9.06,,,EN,2025-12-04T23:00:00.000Z
GHED_OOP_pc_US_SHA2011,Out-of-pocket expenditure (OOP) per capita in US$,numeric,WPR,Western Pacific,Country,VUT,Vanuatu,Year,2014,false,,,,,,,,,,,,,9.58,,,,,,9.58,,,EN,2025-12-04T23:00:00.000Z
GHED_OOP_pc_US_SHA2011,Out-of-pocket expenditure (OOP) per capita in US$,numeric,WPR,Western Pacific,Country,NRU,Nauru,Year,2014,false,,,,,,,,,,,,,9.98,,,,,,9.98,,,EN,2025-12-04T23:00:00.000Z
GHED_OOP_pc_US_SHA2011,Out-of-pocket expenditure (OOP) per capita in US$,numeric,EUR,Europe,Country,TUR,Türkiye,Year,2014,false,,,,,,,,,,,,,92.24,,,,,,92.24,,,EN,2025-12-04T23:00:00.000Z
GHED_OOP_pc_US_SHA2011,Out-of-pocket expenditure (OOP) per capita in US$,numeric,EMR,Eastern Mediterranean,Country,MAR,Morocco,Year,2014,false,,,,,,,,,,,,,92.73,,,,,,92.73,,,EN,2025-12-04T23:00:00.000Z
GHED_OOP_pc_US_SHA2011,Out-of-pocket expenditure (OOP) per capita in US$,numeric,AMR,Americas,Country,COL,Colombia,Year,2014,false,,,,,,,,,,,,,95.76,,,,,,95.76,,,EN,2025-12-04T23:00:00.000Z
GHED_OOP_pc_US_SHA2011,Out-of-pocket expenditure (OOP) per capita in US$,numeric,AMR,Americas,Country,DOM,Dominican Republic,Year,2014,false,,,,,,,,,,,,,97.02,,,,,,97.02,,,EN,2025-12-04T23:00:00.000Z
GHED_OOP_pc_US_SHA2011,Out-of-pocket expenditure (OOP) per capita in US$,numeric,EUR,Europe,Country,SWE,Sweden,Year,2014,false,,,,,,,,,,,,,991,,,,,,991.03,,,EN,2025-12-04T23:00:00.000Z
GHED_OOP_pc_US_SHA2011,Out-of-pocket expenditure (OOP) per capita in US$,numeric,WPR,Western Pacific,Country,KIR,Kiribati,Year,2013,false,,,,,,,,,,,,,0.85,,,,,,0.85,,,EN,2025-12-04T23:00:00.000Z
GHED_OOP_pc_US_SHA2011,Out-of-pocket expenditure (OOP) per capita in US$,numeric,AFR,Africa,Country,TZA,United Republic of Tanzania,Year,2013,false,,,,,,,,,,,,,10.47,,,,,,10.47,,,EN,2025-12-04T23:00:00.000Z
GHED_OOP_pc_US_SHA2011,Out-of-pocket expenditure (OOP) per capita in US$,numeric,AFR,Africa,Country,MLI,Mali,Year,2013,false,,,,,,,,,,,,,10.48,,,,,,10.48,,,EN,2025-12-04T23:00:00.000Z
GHED_OOP_pc_US_SHA2011,Out-of-pocket expenditure (OOP) per capita in US$,numeric,EUR,Europe,Country,SWE,Sweden,Year,2013,false,,,,,,,,,,,,,1003,,,,,,1002.61,,,EN,2025-12-04T23:00:00.000Z
GHED_OOP_pc_US_SHA2011,Out-of-pocket expenditure (OOP) per capita in US$,numeric,EUR,Europe,Country,BEL,Belgium,Year,2013,false,,,,,,,,,,,,,1029,,,,,,1028.80,,,EN,2025-12-04T23:00:00.000Z
GHED_OOP_pc_US_SHA2011,Out-of-pocket expenditure (OOP) per capita in US$,numeric,EUR,Europe,Country,AUT,Austria,Year,2013,false,,,,,,,,,,,,,1030,,,,,,1029.58,,,EN,2025-12-04T23:00:00.000Z
GHED_OOP_pc_US_SHA2011,Out-of-pocket expenditure (OOP) per capita in US$,numeric,AFR,Africa,Country,SYC,Seychelles,Year,2013,false,,,,,,,,,,,,,104,,,,,,103.97,,,EN,2025-12-04T23:00:00.000Z
GHED_OOP_pc_US_SHA2011,Out-of-pocket expenditure (OOP) per capita in US$,numeric,AMR,Americas,Country,USA,United States of America,Year,2013,false,,,,,,,,,,,,,1033,,,,,,1033.26,,,EN,2025-12-04T23:00:00.000Z
GHED_OOP_pc_US_SHA2011,Out-of-pocket expenditure (OOP) per capita in US$,numeric,AMR,Americas,Country,GTM,Guatemala,Year,2013,false,,,,,,,,,,,,,108.6,,,,,,108.58,,,EN,2025-12-04T23:00:00.000Z
GHED_OOP_pc_US_SHA2011,Out-of-pocket expenditure (OOP) per capita in US$,numeric,EMR,Eastern Mediterranean,Country,IRQ,Iraq,Year,2013,false,,,,,,,,,,,,,109.4,,,,,,109.41,,,EN,2025-12-04T23:00:00.000Z
GHED_OOP_pc_US_SHA2011,Out-of-pocket expenditure (OOP) per capita in US$,numeric,EMR,Eastern Mediterranean,Country,TUN,Tunisia,Year,2013,false,,,,,,,,,,,,,111.2,,,,,,111.19,,,EN,2025-12-04T23:00:00.000Z
GHED_OOP_pc_US_SHA2011,Out-of-pocket expenditure (OOP) per capita in US$,numeric,AMR,Americas,Country,PER,Peru,Year,2013,false,,,,,,,,,,,,,113.2,,,,,,113.23,,,EN,2025-12-04T23:00:00.000Z
GHED_OOP_pc_US_SHA2011,Out-of-pocket expenditure (OOP) per capita in US$,numeric,WPR,Western Pacific,Country,AUS,Australia,Year,2013,false,,,,,,,,,,,,,1135,,,,,,1134.88,,,EN,2025-12-04T23:00:00.000Z
GHED_OOP_pc_US_SHA2011,Out-of-pocket expenditure (OOP) per capita in US$,numeric,AMR,Americas,Country,JAM,Jamaica,Year,2013,false,,,,,,,,,,,,,117.6,,,,,,117.61,,,EN,2025-12-04T23:00:00.000Z
GHED_OOP_pc_US_SHA2011,Out-of-pocket expenditure (OOP) per capita in US$,numeric,AMR,Americas,Country,SUR,Suriname,Year,2013,false,,,,,,,,,,,,,121.1,,,,,,121.11,,,EN,2025-12-04T23:00:00.000Z
GHED_OOP_pc_US_SHA2011,Out-of-pocket expenditure (OOP) per capita in US$,numeric,AMR,Americas,Country,SLV,El Salvador,Year,2013,false,,,,,,,,,,,,,121.3,,,,,,121.27,,,EN,2025-12-04T23:00:00.000Z
GHED_OOP_pc_US_SHA2011,Out-of-pocket expenditure (OOP) per capita in US$,numeric,EUR,Europe,Country,MKD,North Macedonia,Year,2013,false,,,,,,,,,,,,,121.7,,,,,,121.73,,,EN,2025-12-04T23:00:00.000Z
GHED_OOP_pc_US_SHA2011,Out-of-pocket expenditure (OOP) per capita in US$,numeric,WPR,Western Pacific,Country,CHN,China,Year,2013,false,,,,,,,,,,,,,125.6,,,,,,125.58,,,EN,2025-12-04T23:00:00.000Z
GHED_OOP_pc_US_SHA2011,Out-of-pocket expenditure (OOP) per capita in US$,numeric,WPR,Western Pacific,Country,MYS,Malaysia,Year,2013,false,,,,,,,,,,,,,128.5,,,,,,128.51,,,EN,2025-12-04T23:00:00.000Z
GHED_OOP_pc_US_SHA2011,Out-of-pocket expenditure (OOP) per capita in US$,numeric,AFR,Africa,Country,NER,Niger,Year,2013,false,,,,,,,,,,,,,13.92,,,,,,13.92,,,EN,2025-12-04T23:00:00.000Z
GHED_OOP_pc_US_SHA2011,Out-of-pocket expenditure (OOP) per capita in US$,numeric,EUR,Europe,Country,UKR,Ukraine,Year,2013,false,,,,,,,,,,,,,132.9,,,,,,132.88,,,EN,2025-12-04T23:00:00.000Z
GHED_OOP_pc_US_SHA2011,Out-of-pocket expenditure (OOP) per capita in US$,numeric,EUR,Europe,Country,NOR,Norway,Year,2013,false,,,,,,,,,,,,,1349,,,,,,1348.69,,,EN,2025-12-04T23:00:00.000Z
GHED_OOP_pc_US_SHA2011,Out-of-pocket expenditure (OOP) per capita in US$,numeric,AMR,Americas,Country,DMA,Dominica,Year,2013,false,,,,,,,,,,,,,135.1,,,,,,135.12,,,EN,2025-12-04T23:00:00.000Z
GHED_OOP_pc_US_SHA2011,Out-of-pocket expenditure (OOP) per capita in US$,numeric,EUR,Europe,Country,BIH,Bosnia and Herzegovina,Year,2013,false,,,,,,,,,,,,,138.1,,,,,,138.09,,,EN,2025-12-04T23:00:00.000Z
GHED_OOP_pc_US_SHA2011,Out-of-pocket expenditure (OOP) per capita in US$,numeric,EMR,Eastern Mediterranean,Country,PSE,"occupied Palestinian territory, including east Jerusalem",Year,2013,false,,,,,,,,,,,,,139.7,,,,,,139.74,,,EN,2025-12-04T23:00:00.000Z
GHED_OOP_pc_US_SHA2011,Out-of-pocket expenditure (OOP) per capita in US$,numeric,AFR,Africa,Country,BFA,Burkina Faso,Year,2013,false,,,,,,,,,,,,,14.18,,,,,,14.18,,,EN,2025-12-04T23:00:00.000Z
GHED_OOP_pc_US_SHA2011,Out-of-pocket expenditure (OOP) per capita in US$,numeric,AFR,Africa,Country,BEN,Benin,Year,2013,false,,,,,,,,,,,,,14.28,,,,,,14.28,,,EN,2025-12-04T23:00:00.000Z
GHED_OOP_pc_US_SHA2011,Out-of-pocket expenditure (OOP) per capita in US$,numeric,EMR,Eastern Mediterranean,Country,DJI,Djibouti,Year,2013,false,,,,,,,,,,,,,14.57,,,,,,14.57,,,EN,2025-12-04T23:00:00.000Z
GHED_OOP_pc_US_SHA2011,Out-of-pocket expenditure (OOP) per capita in US$,numeric,EMR,Eastern Mediterranean,Country,QAT,Qatar,Year,2013,false,,,,,,,,,,,,,140.3,,,,,,140.25,,,EN,2025-12-04T23:00:00.000Z
GHED_OOP_pc_US_SHA2011,Out-of-pocket expenditure (OOP) per capita in US$,numeric,AMR,Americas,Country,ECU,Ecuador,Year,2013,false,,,,,,,,,,,,,149,,,,,,148.99,,,EN,2025-12-04T23:00:00.000Z
GHED_OOP_pc_US_SHA2011,Out-of-pocket expenditure (OOP) per capita in US$,numeric,WPR,Western Pacific,Country,TON,Tonga,Year,2013,false,,,,,,,,,,,,,15.22,,,,,,15.22,,,EN,2025-12-04T23:00:00.000Z
GHED_OOP_pc_US_SHA2011,Out-of-pocket expenditure (OOP) per capita in US$,numeric,AFR,Africa,Country,ERI,Eritrea,Year,2013,false,,,,,,,,,,,,,15.43,,,,,,15.43,,,EN,2025-12-04T23:00:00.000Z
GHED_OOP_pc_US_SHA2011,Out-of-pocket expenditure (OOP) per capita in US$,numeric,EUR,Europe,Country,BLR,Belarus,Year,2013,false,,,,,,,,,,,,,153.6,,,,,,153.59,,,EN,2025-12-04T23:00:00.000Z
GHED_OOP_pc_US_SHA2011,Out-of-pocket expenditure (OOP) per capita in US$,numeric,EMR,Eastern Mediterranean,Country,LBY,Libya,Year,2013,false,,,,,,,,,,,,,157.9,,,,,,157.87,,,EN,2025-12-04T23:00:00.000Z
GHED_OOP_pc_US_SHA2011,Out-of-pocket expenditure (OOP) per capita in US$,numeric,EUR,Europe,Country,ALB,Albania,Year,2013,false,,,,,,,,,,,,,159.4,,,,,,159.38,,,EN,2025-12-04T23:00:00.000Z
GHED_OOP_pc_US_SHA2011,Out-of-pocket expenditure (OOP) per capita in US$,numeric,AFR,Africa,Country,GIN,Guinea,Year,2013,false,,,,,,,,,,,,,16.04,,,,,,16.04,,,EN,2025-12-04T23:00:00.000Z
GHED_OOP_pc_US_SHA2011,Out-of-pocket expenditure (OOP) per capita in US$,numeric,AFR,Africa,Country,BWA,Botswana,Year,2013,false,,,,,,,,,,,,,16.4,,,,,,16.40,,,EN,2025-12-04T23:00:00.000Z
GHED_OOP_pc_US_SHA2011,Out-of-pocket expenditure (OOP) per capita in US$,numeric,EUR,Europe,Country,AZE,Azerbaijan,Year,2013,false,,,,,,,,,,,,,166.7,,,,,,166.74,,,EN,2025-12-04T23:00:00.000Z
GHED_OOP_pc_US_SHA2011,Out-of-pocket expenditure (OOP) per capita in US$,numeric,WPR,Western Pacific,Country,NIU,Niue,Year,2013,false,,,,,,,,,,,,,17.27,,,,,,17.27,,,EN,2025-12-04T23:00:00.000Z
GHED_OOP_pc_US_SHA2011,Out-of-pocket expenditure (OOP) per capita in US$,numeric,SEAR,South-East Asia,Country,BTN,Bhutan,Year,2013,false,,,,,,,,,,,,,17.55,,,,,,17.55,,,EN,2025-12-04T23:00:00.000Z
GHED_OOP_pc_US_SHA2011,Out-of-pocket expenditure (OOP) per capita in US$,numeric,EMR,Eastern Mediterranean,Country,PAK,Pakistan,Year,2013,false,,,,,,,,,,,,,17.7,,,,,,17.70,,,EN,2025-12-04T23:00:00.000Z
GHED_OOP_pc_US_SHA2011,Out-of-pocket expenditure (OOP) per capita in US$,numeric,AFR,Africa,Country,STP,Sao Tome and Principe,Year,2013,false,,,,,,,,,,,,,17.75,,,,,,17.75,,,EN,2025-12-04T23:00:00.000Z
GHED_OOP_pc_US_SHA2011,Out-of-pocket expenditure (OOP) per capita in US$,numeric,EMR,Eastern Mediterranean,Country,SAU,Saudi Arabia,Year,2013,false,,,,,,,,,,,,,170.8,,,,,,170.84,,,EN,2025-12-04T23:00:00.000Z
GHED_OOP_pc_US_SHA2011,Out-of-pocket expenditure (OOP) per capita in US$,numeric,EMR,Eastern Mediterranean,Country,KWT,Kuwait,Year,2013,false,,,,,,,,,,,,,178.9,,,,,,178.94,,,EN,2025-12-04T23:00:00.000Z
GHED_OOP_pc_US_SHA2011,Out-of-pocket expenditure (OOP) per capita in US$,numeric,AFR,Africa,Country,LSO,Lesotho,Year,2013,false,,,,,,,,,,,,,18.3,,,,,,18.30,,,EN,2025-12-04T23:00:00.000Z
GHED_OOP_pc_US_SHA2011,Out-of-pocket expenditure (OOP) per capita in US$,numeric,SEAR,South-East Asia,Country,BGD,Bangladesh,Year,2013,false,,,,,,,,,,,,,18.78,,,,,,18.78,,,EN,2025-12-04T23:00:00.000Z
GHED_OOP_pc_US_SHA2011,Out-of-pocket expenditure (OOP) per capita in US$,numeric,AFR,Africa,Country,GNQ,Equatorial Guinea,Year,2013,false,,,,,,,,,,,,,181,,,,,,181.02,,,EN,2025-12-04T23:00:00.000Z
GHED_OOP_pc_US_SHA2011,Out-of-pocket expenditure (OOP) per capita in US$,numeric,AMR,Americas,Country,PRY,Paraguay,Year,2013,false,,,,,,,,,,,,,186.1,,,,,,186.12,,,EN,2025-12-04T23:00:00.000Z
GHED_OOP_pc_US_SHA2011,Out-of-pocket expenditure (OOP) per capita in US$,numeric,AFR,Africa,Country,LBR,Liberia,Year,2013,false,,,,,,,,,,,,,19.53,,,,,,19.53,,,EN,2025-12-04T23:00:00.000Z
GHED_OOP_pc_US_SHA2011,Out-of-pocket expenditure (OOP) per capita in US$,numeric,EUR,Europe,Country,LIE,Liechtenstein,Year,2013,false,,,,,,,,,,,,,1917,,,,,,1917.33,,,EN,2026-01-11T23:00:00.000Z
GHED_OOP_pc_US_SHA2011,Out-of-pocket expenditure (OOP) per capita in US$,numeric,AMR,Americas,Country,CRI,Costa Rica,Year,2013,false,,,,,,,,,,,,,192.8,,,,,,192.76,,,EN,2025-12-04T23:00:00.000Z
GHED_OOP_pc_US_SHA2011,Out-of-pocket expenditure (OOP) per capita in US$,numeric,EMR,Eastern Mediterranean,Country,IRN,Iran (Islamic Republic of),Year,2013,false,,,,,,,,,,,,,197.2,,,,,,197.21,,,EN,2025-12-04T23:00:00.000Z
GHED_OOP_pc_US_SHA2011,Out-of-pocket expenditure (OOP) per capita in US$,numeric,AMR,Americas,Country,ATG,Antigua and Barbuda,Year,2013,false,,,,,,,,,,,,,197.8,,,,,,197.81,,,EN,2025-12-04T23:00:00.000Z
GHED_OOP_pc_US_SHA2011,Out-of-pocket expenditure (OOP) per capita in US$,numeric,AFR,Africa,Country,MWI,Malawi,Year,2013,false,,,,,,,,,,,,,2.65,,,,,,2.65,,,EN,2025-12-04T23:00:00.000Z
GHED_OOP_pc_US_SHA2011,Out-of-pocket expenditure (OOP) per capita in US$,numeric,EUR,Europe,Country,POL,Poland,Year,2013,false,,,,,,,,,,,,,207.6,,,,,,207.63,,,EN,2025-12-04T23:00:00.000Z
GHED_OOP_pc_US_SHA2011,Out-of-pocket expenditure (OOP) per capita in US$,numeric,EMR,Eastern Mediterranean,Country,SYR,Syrian Arab Republic,Year,2013,false,,,,,,,,,,,,,21.06,,,,,,21.06,,,EN,2025-12-04T23:00:00.000Z
GHED_OOP_pc_US_SHA2011,Out-of-pocket expenditure (OOP) per capita in US$,numeric,WPR,Western Pacific,Country,LAO,Lao People's Democratic Republic,Year,2013,false,,,,,,,,,,,,,21.18,,,,,,21.18,,,EN,2025-12-04T23:00:00.000Z
GHED_OOP_pc_US_SHA2011,Out-of-pocket expenditure (OOP) per capita in US$,numeric,AMR,Americas,Country,HTI,Haiti,Year,2013,false,,,,,,,,,,,,,21.52,,,,,,21.52,,,EN,2025-12-04T23:00:00.000Z
GHED_OOP_pc_US_SHA2011,Out-of-pocket expenditure (OOP) per capita in US$,numeric,AFR,Africa,Country,KEN,Kenya,Year,2013,false,,,,,,,,,,,,,21.72,,,,,,21.72,,,EN,2025-12-04T23:00:00.000Z
GHED_OOP_pc_US_SHA2011,Out-of-pocket expenditure (OOP) per capita in US$,numeric,WPR,Western Pacific,Country,COK,Cook Islands,Year,2013,false,,,,,,,,,,,,,21.78,,,,,,21.78,,,EN,2025-12-04T23:00:00.000Z
GHED_OOP_pc_US_SHA2011,Out-of-pocket expenditure (OOP) per capita in US$,numeric,EUR,Europe,Country,CHE,Switzerland,Year,2013,false,,,,,,,,,,,,,2106,,,,,,2105.70,,,EN,2025-12-04T23:00:00.000Z
GHED_OOP_pc_US_SHA2011,Out-of-pocket expenditure (OOP) per capita in US$,numeric,EMR,Eastern Mediterranean,Country,LBN,Lebanon,Year,2013,false,,,,,,,,,,,,,213.2,,,,,,213.15,,,EN,2025-12-04T23:00:00.000Z
GHED_OOP_pc_US_SHA2011,Out-of-pocket expenditure (OOP) per capita in US$,numeric,EUR,Europe,Country,CZE,Czechia,Year,2013,false,,,,,,,,,,,,,216.2,,,,,,216.24,,,EN,2025-12-04T23:00:00.000Z
GHED_OOP_pc_US_SHA2011,Out-of-pocket expenditure (OOP) per capita in US$,numeric,SEAR,South-East Asia,Country,MDV,Maldives,Year,2013,false,,,,,,,,,,,,,216.9,,,,,,216.87,,,EN,2025-12-04T23:00:00.000Z
GHED_OOP_pc_US_SHA2011,Out-of-pocket expenditure (OOP) per capita in US$,numeric,AFR,Africa,Country,COG,Congo,Year,2013,false,,,,,,,,,,,,,22.03,,,,,,22.03,,,EN,2025-12-04T23:00:00.000Z
GHED_OOP_pc_US_SHA2011,Out-of-pocket expenditure (OOP) per capita in US$,numeric,SEAR,South-East Asia,Country,NPL,Nepal,Year,2013,false,,,,,,,,,,,,,22.33,,,,,,22.33,,,EN,2025-12-04T23:00:00.000Z
GHED_OOP_pc_US_SHA2011,Out-of-pocket expenditure (OOP) per capita in US$,numeric,AFR,Africa,Country,UGA,Uganda,Year,2013,false,,,,,,,,,,,,,22.49,,,,,,22.49,,,EN,2025-12-04T23:00:00.000Z
GHED_OOP_pc_US_SHA2011,Out-of-pocket expenditure (OOP) per capita in US$,numeric,AFR,Africa,Country,TCD,Chad,Year,2013,false,,,,,,,,,,,,,22.63,,,,,,22.63,,,EN,2025-12-04T23:00:00.000Z
GHED_OOP_pc_US_SHA2011,Out-of-pocket expenditure (OOP) per capita in US$,numeric,AFR,Africa,Country,TGO,Togo,Year,2013,false,,,,,,,,,,,,,22.9,,,,,,22.90,,,EN,2025-12-04T23:00:00.000Z
GHED_OOP_pc_US_SHA2011,Out-of-pocket expenditure (OOP) per capita in US$,numeric,WPR,Western Pacific,Country,PLW,Palau,Year,2013,false,,,,,,,,,,,,,223.9,,,,,,223.91,,,EN,2025-12-04T23:00:00.000Z
GHED_OOP_pc_US_SHA2011,Out-of-pocket expenditure (OOP) per capita in US$,numeric,EUR,Europe,Country,TKM,Turkmenistan,Year,2013,false,,,,,,,,,,,,,227.2,,,,,,227.23,,,EN,2025-12-04T23:00:00.000Z
GHED_OOP_pc_US_SHA2011,Out-of-pocket expenditure (OOP) per capita in US$,numeric,AMR,Americas,Country,GRD,Grenada,Year,2013,false,,,,,,,,,,,,,230.3,,,,,,230.28,,,EN,2025-12-04T23:00:00.000Z
GHED_OOP_pc_US_SHA2011,Out-of-pocket expenditure (OOP) per capita in US$,numeric,EUR,Europe,Country,BGR,Bulgaria,Year,2013,false,,,,,,,,,,,,,231.8,,,,,,231.79,,,EN,2025-12-04T23:00:00.000Z
GHED_OOP_pc_US_SHA2011,Out-of-pocket expenditure (OOP) per capita in US$,numeric,AFR,Africa,Country,MUS,Mauritius,Year,2013,false,,,,,,,,,,,,,234,,,,,,234.00,,,EN,2025-12-04T23:00:00.000Z
GHED_OOP_pc_US_SHA2011,Out-of-pocket expenditure (OOP) per capita in US$,numeric,EUR,Europe,Country,SRB,Serbia,Year,2013,false,,,,,,,,,,,,,237.6,,,,,,237.63,,,EN,2025-12-04T23:00:00.000Z
GHED_OOP_pc_US_SHA2011,Out-of-pocket expenditure (OOP) per capita in US$,numeric,AMR,Americas,Country,LCA,Saint Lucia,Year,2013,false,,,,,,,,,,,,,249.3,,,,,,249.33,,,EN,2025-12-04T23:00:00.000Z
GHED_OOP_pc_US_SHA2011,Out-of-pocket expenditure (OOP) per capita in US$,numeric,AMR,Americas,Country,MEX,Mexico,Year,2013,false,,,,,,,,,,,,,249.5,,,,,,249.48,,,EN,2025-12-04T23:00:00.000Z
GHED_OOP_pc_US_SHA2011,Out-of-pocket expenditure (OOP) per capita in US$,numeric,WPR,Western Pacific,Country,TUV,Tuvalu,Year,2013,false,,,,,,,,,,,,,25.19,,,,,,25.19,,,EN,2025-12-04T23:00:00.000Z
GHED_OOP_pc_US_SHA2011,Out-of-pocket expenditure (OOP) per capita in US$,numeric,EUR,Europe,Country,MNE,Montenegro,Year,2013,false,,,,,,,,,,,,,251.3,,,,,,251.27,,,EN,2025-12-04T23:00:00.000Z
GHED_OOP_pc_US_SHA2011,Out-of-pocket expenditure (OOP) per capita in US$,numeric,EUR,Europe,Country,GEO,Georgia,Year,2013,false,,,,,,,,,,,,,255.2,,,,,,255.16,,,EN,2025-12-04T23:00:00.000Z
GHED_OOP_pc_US_SHA2011,Out-of-pocket expenditure (OOP) per capita in US$,numeric,EUR,Europe,Country,SVN,Slovenia,Year,2013,false,,,,,,,,,,,,,256,,,,,,255.99,,,EN,2025-12-04T23:00:00.000Z
GHED_OOP_pc_US_SHA2011,Out-of-pocket expenditure (OOP) per capita in US$,numeric,SEAR,South-East Asia,Country,THA,Thailand,Year,2013,false,,,,,,,,,,,,,26.06,,,,,,26.06,,,EN,2025-12-04T23:00:00.000Z
GHED_OOP_pc_US_SHA2011,Out-of-pocket expenditure (OOP) per capita in US$,numeric,AMR,Americas,Country,PAN,Panama,Year,2013,false,,,,,,,,,,,,,260.1,,,,,,260.09,,,EN,2025-12-04T23:00:00.000Z
GHED_OOP_pc_US_SHA2011,Out-of-pocket expenditure (OOP) per capita in US$,numeric,AMR,Americas,Country,URY,Uruguay,Year,2013,false,,,,,,,,,,,,,268.4,,,,,,268.38,,,EN,2025-12-04T23:00:00.000Z
GHED_OOP_pc_US_SHA2011,Out-of-pocket expenditure (OOP) per capita in US$,numeric,SEAR,South-East Asia,Country,MMR,Myanmar,Year,2013,false,,,,,,,,,,,,,27.22,,,,,,27.22,,,EN,2025-12-04T23:00:00.000Z
GHED_OOP_pc_US_SHA2011,Out-of-pocket expenditure (OOP) per capita in US$,numeric,WPR,Western Pacific,Country,WSM,Samoa,Year,2013,false,,,,,,,,,,,,,27.4,,,,,,27.40,,,EN,2025-12-04T23:00:00.000Z
GHED_OOP_pc_US_SHA2011,Out-of-pocket expenditure (OOP) per capita in US$,numeric,AFR,Africa,Country,MRT,Mauritania,Year,2013,false,,,,,,,,,,,,,27.85,,,,,,27.85,,,EN,2025-12-04T23:00:00.000Z
GHED_OOP_pc_US_SHA2011,Out-of-pocket expenditure (OOP) per capita in US$,numeric,AFR,Africa,Country,ZWE,Zimbabwe,Year,2013,false,,,,,,,,,,,,,28.82,,,,,,28.82,,,EN,2025-12-04T23:00:00.000Z
GHED_OOP_pc_US_SHA2011,Out-of-pocket expenditure (OOP) per capita in US$,numeric,AMR,Americas,Country,BRA,Brazil,Year,2013,false,,,,,,,,,,,,,280,,,,,,280.02,,,EN,2025-12-04T23:00:00.000Z
GHED_OOP_pc_US_SHA2011,Out-of-pocket expenditure (OOP) per capita in US$,numeric,EUR,Europe,Country,RUS,Russian Federation,Year,2013,false,,,,,,,,,,,,,280.6,,,,,,280.58,,,EN,2025-12-04T23:00:00.000Z
GHED_OOP_pc_US_SHA2011,Out-of-pocket expenditure (OOP) per capita in US$,numeric,EUR,Europe,Country,HUN,Hungary,Year,2013,false,,,,,,,,,,,,,281.3,,,,,,281.33,,,EN,2025-12-04T23:00:00.000Z
GHED_OOP_pc_US_SHA2011,Out-of-pocket expenditure (OOP) per capita in US$,numeric,EUR,Europe,Country,EST,Estonia,Year,2013,false,,,,,,,,,,,,,282.1,,,,,,282.05,,,EN,2025-12-04T23:00:00.000Z
GHED_OOP_pc_US_SHA2011,Out-of-pocket expenditure (OOP) per capita in US$,numeric,AFR,Africa,Country,GNB,Guinea-Bissau,Year,2013,false,,,,,,,,,,,,,29.64,,,,,,29.64,,,EN,2025-12-04T23:00:00.000Z
GHED_OOP_pc_US_SHA2011,Out-of-pocket expenditure (OOP) per capita in US$,numeric,WPR,Western Pacific,Country,SLB,Solomon Islands,Year,2013,false,,,,,,,,,,,,,3.15,,,,,,3.15,,,EN,2025-12-04T23:00:00.000Z
GHED_OOP_pc_US_SHA2011,Out-of-pocket expenditure (OOP) per capita in US$,numeric,AFR,Africa,Country,MOZ,Mozambique,Year,2013,false,,,,,,,,,,,,,3.33,,,,,,3.33,,,EN,2025-12-04T23:00:00.000Z
GHED_OOP_pc_US_SHA2011,Out-of-pocket expenditure (OOP) per capita in US$,numeric,AFR,Africa,Country,AGO,Angola,Year,2013,false,,,,,,,,,,,,,30.48,,,,,,30.48,,,EN,2025-12-04T23:00:00.000Z
GHED_OOP_pc_US_SHA2011,Out-of-pocket expenditure (OOP) per capita in US$,numeric,EMR,Eastern Mediterranean,Country,BHR,Bahrain,Year,2013,false,,,,,,,,,,,,,300.2,,,,,,300.18,,,EN,2025-12-04T23:00:00.000Z
GHED_OOP_pc_US_SHA2011,Out-of-pocket expenditure (OOP) per capita in US$,numeric,EMR,Eastern Mediterranean,Country,ARE,United Arab Emirates,Year,2013,false,,,,,,,,,,,,,307,,,,,,307.03,,,EN,2025-12-04T23:00:00.000Z
GHED_OOP_pc_US_SHA2011,Out-of-pocket expenditure (OOP) per capita in US$,numeric,AFR,Africa,Country,SWZ,Eswatini,Year,2013,false,,,,,,,,,,,,,31.95,,,,,,31.95,,,EN,2025-12-04T23:00:00.000Z
GHED_OOP_pc_US_SHA2011,Out-of-pocket expenditure (OOP) per capita in US$,numeric,EUR,Europe,Country,LVA,Latvia,Year,2013,false,,,,,,,,,,,,,310.5,,,,,,310.51,,,EN,2025-12-04T23:00:00.000Z
GHED_OOP_pc_US_SHA2011,Out-of-pocket expenditure (OOP) per capita in US$,numeric,EUR,Europe,Country,LTU,Lithuania,Year,2013,false,,,,,,,,,,,,,314.4,,,,,,314.44,,,EN,2025-12-04T23:00:00.000Z
GHED_OOP_pc_US_SHA2011,Out-of-pocket expenditure (OOP) per capita in US$,numeric,EUR,Europe,Country,SVK,Slovakia,Year,2013,false,,,,,,,,,,,,,319.6,,,,,,319.62,,,EN,2025-12-04T23:00:00.000Z
GHED_OOP_pc_US_SHA2011,Out-of-pocket expenditure (OOP) per capita in US$,numeric,EUR,Europe,Country,ARM,Armenia,Year,2013,false,,,,,,,,,,,,,325.6,,,,,,325.58,,,EN,2025-12-04T23:00:00.000Z
GHED_OOP_pc_US_SHA2011,Out-of-pocket expenditure (OOP) per capita in US$,numeric,AFR,Africa,Country,SEN,Senegal,Year,2013,false,,,,,,,,,,,,,33.43,,,,,,33.43,,,EN,2025-12-04T23:00:00.000Z
GHED_OOP_pc_US_SHA2011,Out-of-pocket expenditure (OOP) per capita in US$,numeric,WPR,Western Pacific,Country,FJI,Fiji,Year,2013,false,,,,,,,,,,,,,35.74,,,,,,35.74,,,EN,2025-12-04T23:00:00.000Z
GHED_OOP_pc_US_SHA2011,Out-of-pocket expenditure (OOP) per capita in US$,numeric,AFR,Africa,Country,CIV,Cote d'Ivoire,Year,2013,false,,,,,,,,,,,,,37.7,,,,,,37.70,,,EN,2025-12-04T23:00:00.000Z
GHED_OOP_pc_US_SHA2011,Out-of-pocket expenditure (OOP) per capita in US$,numeric,AMR,Americas,Country,ARG,Argentina,Year,2013,false,,,,,,,,,,,,,377.8,,,,,,377.79,,,EN,2025-12-04T23:00:00.000Z
GHED_OOP_pc_US_SHA2011,Out-of-pocket expenditure (OOP) per capita in US$,numeric,SEAR,South-East Asia,Country,IND,India,Year,2013,false,,,,,,,,,,,,,38.31,,,,,,38.31,,,EN,2025-12-04T23:00:00.000Z
GHED_OOP_pc_US_SHA2011,Out-of-pocket expenditure (OOP) per capita in US$,numeric,EUR,Europe,Country,AND,Andorra,Year,2013,false,,,,,,,,,,,,,385.2,,,,,,385.23,,,EN,2025-12-04T23:00:00.000Z
GHED_OOP_pc_US_SHA2011,Out-of-pocket expenditure (OOP) per capita in US$,numeric,WPR,Western Pacific,Country,KHM,Cambodia,Year,2013,false,,,,,,,,,,,,,39.23,,,,,,39.23,,,EN,2025-12-04T23:00:00.000Z
GHED_OOP_pc_US_SHA2011,Out-of-pocket expenditure (OOP) per capita in US$,numeric,AFR,Africa,Country,CMR,Cameroon,Year,2013,false,,,,,,,,,,,,,39.9,,,,,,39.90,,,EN,2025-12-04T23:00:00.000Z
GHED_OOP_pc_US_SHA2011,Out-of-pocket expenditure (OOP) per capita in US$,numeric,AMR,Americas,Country,CHL,Chile,Year,2013,false,,,,,,,,,,,,,394.2,,,,,,394.16,,,EN,2025-12-04T23:00:00.000Z
GHED_OOP_pc_US_SHA2011,Out-of-pocket expenditure (OOP) per capita in US$,numeric,AFR,Africa,Country,BDI,Burundi,Year,2013,false,,,,,,,,,,,,,4.23,,,,,,4.23,,,EN,2025-12-04T23:00:00.000Z
GHED_OOP_pc_US_SHA2011,Out-of-pocket expenditure (OOP) per capita in US$,numeric,EMR,Eastern Mediterranean,Country,SOM,Somalia,Year,2013,false,,,,,,,,,,,,,4.93,,,,,,4.93,,,EN,2025-12-04T23:00:00.000Z
GHED_OOP_pc_US_SHA2011,Out-of-pocket expenditure (OOP) per capita in US$,numeric,EMR,Eastern Mediterranean,Country,AFG,Afghanistan,Year,2013,false,,,,,,,,,,,,,40.46,,,,,,40.46,,,EN,2025-12-04T23:00:00.000Z
GHED_OOP_pc_US_SHA2011,Out-of-pocket expenditure (OOP) per capita in US$,numeric,AFR,Africa,Country,GHA,Ghana,Year,2013,false,,,,,,,,,,,,,40.95,,,,,,40.95,,,EN,2025-12-04T23:00:00.000Z
GHED_OOP_pc_US_SHA2011,Out-of-pocket expenditure (OOP) per capita in US$,numeric,EMR,Eastern Mediterranean,Country,OMN,Oman,Year,2013,false,,,,,,,,,,,,,40.97,,,,,,40.97,,,EN,2025-12-04T23:00:00.000Z
GHED_OOP_pc_US_SHA2011,Out-of-pocket expenditure (OOP) per capita in US$,numeric,EUR,Europe,Country,TJK,Tajikistan,Year,2013,false,,,,,,,,,,,,,41.87,,,,,,41.87,,,EN,2025-12-04T23:00:00.000Z
GHED_OOP_pc_US_SHA2011,Out-of-pocket expenditure (OOP) per capita in US$,numeric,AMR,Americas,Country,TTO,Trinidad and Tobago,Year,2013,false,,,,,,,,,,,,,419.2,,,,,,419.17,,,EN,2025-12-04T23:00:00.000Z
GHED_OOP_pc_US_SHA2011,Out-of-pocket expenditure (OOP) per capita in US$,numeric,WPR,Western Pacific,Country,VNM,Viet Nam,Year,2013,false,,,,,,,,,,,,,43.3,,,,,,43.30,,,EN,2025-12-04T23:00:00.000Z
GHED_OOP_pc_US_SHA2011,Out-of-pocket expenditure (OOP) per capita in US$,numeric,AMR,Americas,Country,BHS,Bahamas,Year,2013,false,,,,,,,,,,,,,435.5,,,,,,435.54,,,EN,2025-12-04T23:00:00.000Z
GHED_OOP_pc_US_SHA2011,Out-of-pocket expenditure (OOP) per capita in US$,numeric,AFR,Africa,Country,ZAF,South Africa,Year,2013,false,,,,,,,,,,,,,45.19,,,,,,45.19,,,EN,2025-12-04T23:00:00.000Z
GHED_OOP_pc_US_SHA2011,Out-of-pocket expenditure (OOP) per capita in US$,numeric,EUR,Europe,Country,SMR,San Marino,Year,2013,false,,,,,,,,,,,,,450.1,,,,,,450.07,,,EN,2025-12-04T23:00:00.000Z
GHED_OOP_pc_US_SHA2011,Out-of-pocket expenditure (OOP) per capita in US$,numeric,WPR,Western Pacific,Country,NZL,New Zealand,Year,2013,false,,,,,,,,,,,,,454.7,,,,,,454.66,,,EN,2025-12-04T23:00:00.000Z
GHED_OOP_pc_US_SHA2011,Out-of-pocket expenditure (OOP) per capita in US$,numeric,AFR,Africa,Country,CPV,Cabo Verde,Year,2013,false,,,,,,,,,,,,,46.34,,,,,,46.34,,,EN,2025-12-04T23:00:00.000Z
GHED_OOP_pc_US_SHA2011,Out-of-pocket expenditure (OOP) per capita in US$,numeric,AFR,Africa,Country,NAM,Namibia,Year,2013,false,,,,,,,,,,,,,47.92,,,,,,47.92,,,EN,2025-12-04T23:00:00.000Z
GHED_OOP_pc_US_SHA2011,Out-of-pocket expenditure (OOP) per capita in US$,numeric,EUR,Europe,Country,KGZ,Kyrgyzstan,Year,2013,false,,,,,,,,,,,,,48.08,,,,,,48.08,,,EN,2025-12-04T23:00:00.000Z
GHED_OOP_pc_US_SHA2011,Out-of-pocket expenditure (OOP) per capita in US$,numeric,EUR,Europe,Country,MCO,Monaco,Year,2013,false,,,,,,,,,,,,,487.2,,,,,,487.18,,,EN,2025-12-04T23:00:00.000Z
GHED_OOP_pc_US_SHA2011,Out-of-pocket expenditure (OOP) per capita in US$,numeric,EUR,Europe,Country,FRA,France,Year,2013,false,,,,,,,,,,,,,497.2,,,,,,497.18,,,EN,2025-12-04T23:00:00.000Z
GHED_OOP_pc_US_SHA2011,Out-of-pocket expenditure (OOP) per capita in US$,numeric,WPR,Western Pacific,Country,PNG,Papua New Guinea,Year,2013,false,,,,,,,,,,,,,5.04,,,,,,5.04,,,EN,2025-12-04T23:00:00.000Z
GHED_OOP_pc_US_SHA2011,Out-of-pocket expenditure (OOP) per capita in US$,numeric,AFR,Africa,Country,GMB,Gambia,Year,2013,false,,,,,,,,,,,,,5.35,,,,,,5.35,,,EN,2025-12-04T23:00:00.000Z
GHED_OOP_pc_US_SHA2011,Out-of-pocket expenditure (OOP) per capita in US$,numeric,AFR,Africa,Country,RWA,Rwanda,Year,2013,false,,,,,,,,,,,,,5.88,,,,,,5.88,,,EN,2025-12-04T23:00:00.000Z
GHED_OOP_pc_US_SHA2011,Out-of-pocket expenditure (OOP) per capita in US$,numeric,AMR,Americas,Country,BRB,Barbados,Year,2013,false,,,,,,,,,,,,,503.7,,,,,,503.70,,,EN,2025-12-04T23:00:00.000Z
GHED_OOP_pc_US_SHA2011,Out-of-pocket expenditure (OOP) per capita in US$,numeric,EMR,Eastern Mediterranean,Country,YEM,Yemen,Year,2013,false,,,,,,,,,,,,,51.01,,,,,,51.01,,,EN,2025-12-04T23:00:00.000Z
GHED_OOP_pc_US_SHA2011,Out-of-pocket expenditure (OOP) per capita in US$,numeric,AMR,Americas,Country,NIC,Nicaragua,Year,2013,false,,,,,,,,,,,,,51.73,,,,,,51.73,,,EN,2025-12-04T23:00:00.000Z
GHED_OOP_pc_US_SHA2011,Out-of-pocket expenditure (OOP) per capita in US$,numeric,WPR,Western Pacific,Country,IDN,Indonesia,Year,2013,false,,,,,,,,,,,,,52.09,,,,,,52.09,,,EN,2025-12-04T23:00:00.000Z
GHED_OOP_pc_US_SHA2011,Out-of-pocket expenditure (OOP) per capita in US$,numeric,AMR,Americas,Country,KNA,Saint Kitts and Nevis,Year,2013,false,,,,,,,,,,,,,530,,,,,,529.99,,,EN,2025-12-04T23:00:00.000Z
GHED_OOP_pc_US_SHA2011,Out-of-pocket expenditure (OOP) per capita in US$,numeric,AFR,Africa,Country,SLE,Sierra Leone,Year,2013,false,,,,,,,,,,,,,53.32,,,,,,53.32,,,EN,2025-12-04T23:00:00.000Z
GHED_OOP_pc_US_SHA2011,Out-of-pocket expenditure (OOP) per capita in US$,numeric,AMR,Americas,Country,BOL,Bolivia (Plurinational State of),Year,2013,false,,,,,,,,,,,,,54.41,,,,,,54.41,,,EN,2025-12-04T23:00:00.000Z
GHED_OOP_pc_US_SHA2011,Out-of-pocket expenditure (OOP) per capita in US$,numeric,AFR,Africa,Country,COM,Comoros,Year,2013,false,,,,,,,,,,,,,55.64,,,,,,55.64,,,EN,2025-12-04T23:00:00.000Z
GHED_OOP_pc_US_SHA2011,Out-of-pocket expenditure (OOP) per capita in US$,numeric,WPR,Western Pacific,Country,JPN,Japan,Year,2013,false,,,,,,,,,,,,,553.3,,,,,,553.29,,,EN,2025-12-04T23:00:00.000Z
GHED_OOP_pc_US_SHA2011,Out-of-pocket expenditure (OOP) per capita in US$,numeric,EUR,Europe,Country,PRT,Portugal,Year,2013,false,,,,,,,,,,,,,583.8,,,,,,583.77,,,EN,2025-12-04T23:00:00.000Z
GHED_OOP_pc_US_SHA2011,Out-of-pocket expenditure (OOP) per capita in US$,numeric,AFR,Africa,Country,COD,Democratic Republic of the Congo,Year,2013,false,,,,,,,,,,,,,6.06,,,,,,6.06,,,EN,2025-12-04T23:00:00.000Z
GHED_OOP_pc_US_SHA2011,Out-of-pocket expenditure (OOP) per capita in US$,numeric,AFR,Africa,Country,MDG,Madagascar,Year,2013,false,,,,,,,,,,,,,6.88,,,,,,6.88,,,EN,2025-12-04T23:00:00.000Z
GHED_OOP_pc_US_SHA2011,Out-of-pocket expenditure (OOP) per capita in US$,numeric,WPR,Western Pacific,Country,MHL,Marshall Islands,Year,2013,false,,,,,,,,,,,,,6.88,,,,,,6.88,,,EN,2025-12-04T23:00:00.000Z
GHED_OOP_pc_US_SHA2011,Out-of-pocket expenditure (OOP) per capita in US$,numeric,EUR,Europe,Country,ISR,Israel,Year,2013,false,,,,,,,,,,,,,605.6,,,,,,605.62,,,EN,2025-12-04T23:00:00.000Z
GHED_OOP_pc_US_SHA2011,Out-of-pocket expenditure (OOP) per capita in US$,numeric,EUR,Europe,Country,GRC,Greece,Year,2013,false,,,,,,,,,,,,,618.1,,,,,,618.12,,,EN,2025-12-04T23:00:00.000Z
GHED_OOP_pc_US_SHA2011,Out-of-pocket expenditure (OOP) per capita in US$,numeric,EUR,Europe,Country,NLD,Netherlands (Kingdom of the),Year,2013,false,,,,,,,,,,,,,638.2,,,,,,638.19,,,EN,2025-12-04T23:00:00.000Z
GHED_OOP_pc_US_SHA2011,Out-of-pocket expenditure (OOP) per capita in US$,numeric,EUR,Europe,Country,MLT,Malta,Year,2013,false,,,,,,,,,,,,,642.8,,,,,,642.85,,,EN,2025-12-04T23:00:00.000Z
GHED_OOP_pc_US_SHA2011,Out-of-pocket expenditure (OOP) per capita in US$,numeric,EUR,Europe,Country,DEU,Germany,Year,2013,false,,,,,,,,,,,,,644.5,,,,,,644.50,,,EN,2025-12-04T23:00:00.000Z
GHED_OOP_pc_US_SHA2011,Out-of-pocket expenditure (OOP) per capita in US$,numeric,EUR,Europe,Country,ESP,Spain,Year,2013,false,,,,,,,,,,,,,645.9,,,,,,645.86,,,EN,2025-12-04T23:00:00.000Z
GHED_OOP_pc_US_SHA2011,Out-of-pocket expenditure (OOP) per capita in US$,numeric,SEAR,South-East Asia,Country,LKA,Sri Lanka,Year,2013,false,,,,,,,,,,,,,65.16,,,,,,65.16,,,EN,2025-12-04T23:00:00.000Z
GHED_OOP_pc_US_SHA2011,Out-of-pocket expenditure (OOP) per capita in US$,numeric,AMR,Americas,Country,BLZ,Belize,Year,2013,false,,,,,,,,,,,,,66.73,,,,,,66.73,,,EN,2025-12-04T23:00:00.000Z
GHED_OOP_pc_US_SHA2011,Out-of-pocket expenditure (OOP) per capita in US$,numeric,WPR,Western Pacific,Country,MNG,Mongolia,Year,2013,false,,,,,,,,,,,,,66.93,,,,,,66.93,,,EN,2025-12-04T23:00:00.000Z
GHED_OOP_pc_US_SHA2011,Out-of-pocket expenditure (OOP) per capita in US$,numeric,WPR,Western Pacific,Country,KOR,Republic of Korea,Year,2013,false,,,,,,,,,,,,,665.3,,,,,,665.33,,,EN,2025-12-04T23:00:00.000Z
GHED_OOP_pc_US_SHA2011,Out-of-pocket expenditure (OOP) per capita in US$,numeric,EMR,Eastern Mediterranean,Country,JOR,Jordan,Year,2013,false,,,,,,,,,,,,,68.38,,,,,,68.38,,,EN,2025-12-04T23:00:00.000Z
GHED_OOP_pc_US_SHA2011,Out-of-pocket expenditure (OOP) per capita in US$,numeric,WPR,Western Pacific,Country,PHL,Philippines,Year,2013,false,,,,,,,,,,,,,68.44,,,,,,68.44,,,EN,2025-12-04T23:00:00.000Z
GHED_OOP_pc_US_SHA2011,Out-of-pocket expenditure (OOP) per capita in US$,numeric,EUR,Europe,Country,GBR,United Kingdom of Great Britain and Northern Ireland,Year,2013,false,,,,,,,,,,,,,684,,,,,,683.98,,,EN,2025-12-04T23:00:00.000Z
GHED_OOP_pc_US_SHA2011,Out-of-pocket expenditure (OOP) per capita in US$,numeric,AFR,Africa,Country,NGA,Nigeria,Year,2013,false,,,,,,,,,,,,,69.01,,,,,,69.01,,,EN,2025-12-04T23:00:00.000Z
GHED_OOP_pc_US_SHA2011,Out-of-pocket expenditure (OOP) per capita in US$,numeric,SEAR,South-East Asia,Country,TLS,Timor-Leste,Year,2013,false,,,,,,,,,,,,,7.16,,,,,,7.16,,,EN,2025-12-04T23:00:00.000Z
GHED_OOP_pc_US_SHA2011,Out-of-pocket expenditure (OOP) per capita in US$,numeric,AFR,Africa,Country,CAF,Central African Republic,Year,2013,false,,,,,,,,,,,,,7.86,,,,,,7.86,,,EN,2025-12-04T23:00:00.000Z
GHED_OOP_pc_US_SHA2011,Out-of-pocket expenditure (OOP) per capita in US$,numeric,EUR,Europe,Country,LUX,Luxembourg,Year,2013,false,,,,,,,,,,,,,711.9,,,,,,711.90,,,EN,2025-12-04T23:00:00.000Z
GHED_OOP_pc_US_SHA2011,Out-of-pocket expenditure (OOP) per capita in US$,numeric,EUR,Europe,Country,ITA,Italy,Year,2013,false,,,,,,,,,,,,,714.1,,,,,,714.08,,,EN,2025-12-04T23:00:00.000Z
GHED_OOP_pc_US_SHA2011,Out-of-pocket expenditure (OOP) per capita in US$,numeric,EMR,Eastern Mediterranean,Country,SDN,Sudan,Year,2013,false,,,,,,,,,,,,,72.96,,,,,,72.96,,,EN,2025-12-04T23:00:00.000Z
GHED_OOP_pc_US_SHA2011,Out-of-pocket expenditure (OOP) per capita in US$,numeric,EUR,Europe,Country,IRL,Ireland,Year,2013,false,,,,,,,,,,,,,728.7,,,,,,728.68,,,EN,2025-12-04T23:00:00.000Z
GHED_OOP_pc_US_SHA2011,Out-of-pocket expenditure (OOP) per capita in US$,numeric,AFR,Africa,Country,GAB,Gabon,Year,2013,false,,,,,,,,,,,,,74.71,,,,,,74.71,,,EN,2025-12-04T23:00:00.000Z
GHED_OOP_pc_US_SHA2011,Out-of-pocket expenditure (OOP) per capita in US$,numeric,EUR,Europe,Country,ISL,Iceland,Year,2013,false,,,,,,,,,,,,,743.1,,,,,,743.08,,,EN,2025-12-04T23:00:00.000Z
GHED_OOP_pc_US_SHA2011,Out-of-pocket expenditure (OOP) per capita in US$,numeric,WPR,Western Pacific,Country,SGP,Singapore,Year,2013,false,,,,,,,,,,,,,761.3,,,,,,761.26,,,EN,2025-12-04T23:00:00.000Z
GHED_OOP_pc_US_SHA2011,Out-of-pocket expenditure (OOP) per capita in US$,numeric,WPR,Western Pacific,Country,BRN,Brunei Darussalam,Year,2013,false,,,,,,,,,,,,,78.58,,,,,,78.58,,,EN,2025-12-04T23:00:00.000Z
GHED_OOP_pc_US_SHA2011,Out-of-pocket expenditure (OOP) per capita in US$,numeric,EUR,Europe,Country,UZB,Uzbekistan,Year,2013,false,,,,,,,,,,,,,78.87,,,,,,78.87,,,EN,2025-12-04T23:00:00.000Z
GHED_OOP_pc_US_SHA2011,Out-of-pocket expenditure (OOP) per capita in US$,numeric,EUR,Europe,Country,HRV,Croatia,Year,2013,false,,,,,,,,,,,,,78.97,,,,,,78.97,,,EN,2025-12-04T23:00:00.000Z
GHED_OOP_pc_US_SHA2011,Out-of-pocket expenditure (OOP) per capita in US$,numeric,AMR,Americas,Country,CAN,Canada,Year,2013,false,,,,,,,,,,,,,795.1,,,,,,795.11,,,EN,2025-12-04T23:00:00.000Z
GHED_OOP_pc_US_SHA2011,Out-of-pocket expenditure (OOP) per capita in US$,numeric,AFR,Africa,Country,ETH,Ethiopia,Year,2013,false,,,,,,,,,,,,,8.17,,,,,,8.17,,,EN,2025-12-04T23:00:00.000Z
GHED_OOP_pc_US_SHA2011,Out-of-pocket expenditure (OOP) per capita in US$,numeric,WPR,Western Pacific,Country,NRU,Nauru,Year,2013,false,,,,,,,,,,,,,8.7,,,,,,8.70,,,EN,2025-12-04T23:00:00.000Z
GHED_OOP_pc_US_SHA2011,Out-of-pocket expenditure (OOP) per capita in US$,numeric,AMR,Americas,Country,GUY,Guyana,Year,2013,false,,,,,,,,,,,,,80.2,,,,,,80.20,,,EN,2025-12-04T23:00:00.000Z
GHED_OOP_pc_US_SHA2011,Out-of-pocket expenditure (OOP) per capita in US$,numeric,EMR,Eastern Mediterranean,Country,EGY,Egypt,Year,2013,false,,,,,,,,,,,,,80.92,,,,,,80.92,,,EN,2025-12-04T23:00:00.000Z
GHED_OOP_pc_US_SHA2011,Out-of-pocket expenditure (OOP) per capita in US$,numeric,EUR,Europe,Country,CYP,Cyprus,Year,2013,false,,,,,,,,,,,,,819.2,,,,,,819.20,,,EN,2025-12-04T23:00:00.000Z
GHED_OOP_pc_US_SHA2011,Out-of-pocket expenditure (OOP) per capita in US$,numeric,EUR,Europe,Country,DNK,Denmark,Year,2013,false,,,,,,,,,,,,,843.6,,,,,,843.57,,,EN,2025-12-04T23:00:00.000Z
GHED_OOP_pc_US_SHA2011,Out-of-pocket expenditure (OOP) per capita in US$,numeric,AMR,Americas,Country,HND,Honduras,Year,2013,false,,,,,,,,,,,,,86.9,,,,,,86.90,,,EN,2025-12-04T23:00:00.000Z
GHED_OOP_pc_US_SHA2011,Out-of-pocket expenditure (OOP) per capita in US$,numeric,AMR,Americas,Country,CUB,Cuba,Year,2013,false,,,,,,,,,,,,,87.4,,,,,,87.40,,,EN,2025-12-04T23:00:00.000Z
GHED_OOP_pc_US_SHA2011,Out-of-pocket expenditure (OOP) per capita in US$,numeric,EUR,Europe,Country,FIN,Finland,Year,2013,false,,,,,,,,,,,,,870.5,,,,,,870.51,,,EN,2025-12-04T23:00:00.000Z
GHED_OOP_pc_US_SHA2011,Out-of-pocket expenditure (OOP) per capita in US$,numeric,WPR,Western Pacific,Country,VUT,Vanuatu,Year,2013,false,,,,,,,,,,,,,9.48,,,,,,9.48,,,EN,2025-12-04T23:00:00.000Z
GHED_OOP_pc_US_SHA2011,Out-of-pocket expenditure (OOP) per capita in US$,numeric,WPR,Western Pacific,Country,FSM,Micronesia (Federated States of),Year,2013,false,,,,,,,,,,,,,9.67,,,,,,9.67,,,EN,2025-12-04T23:00:00.000Z
GHED_OOP_pc_US_SHA2011,Out-of-pocket expenditure (OOP) per capita in US$,numeric,AFR,Africa,Country,ZMB,Zambia,Year,2013,false,,,,,,,,,,,,,9.75,,,,,,9.75,,,EN,2025-12-04T23:00:00.000Z
GHED_OOP_pc_US_SHA2011,Out-of-pocket expenditure (OOP) per capita in US$,numeric,EUR,Europe,Country,TUR,Türkiye,Year,2013,false,,,,,,,,,,,,,92.75,,,,,,92.75,,,EN,2025-12-04T23:00:00.000Z
GHED_OOP_pc_US_SHA2011,Out-of-pocket expenditure (OOP) per capita in US$,numeric,EMR,Eastern Mediterranean,Country,MAR,Morocco,Year,2013,false,,,,,,,,,,,,,92.91,,,,,,92.91,,,EN,2025-12-04T23:00:00.000Z
GHED_OOP_pc_US_SHA2011,Out-of-pocket expenditure (OOP) per capita in US$,numeric,EUR,Europe,Country,KAZ,Kazakhstan,Year,2013,false,,,,,,,,,,,,,93.16,,,,,,93.16,,,EN,2025-12-04T23:00:00.000Z
GHED_OOP_pc_US_SHA2011,Out-of-pocket expenditure (OOP) per capita in US$,numeric,AMR,Americas,Country,VCT,Saint Vincent and the Grenadines,Year,2013,false,,,,,,,,,,,,,96.37,,,,,,96.37,,,EN,2025-12-04T23:00:00.000Z
GHED_OOP_pc_US_SHA2011,Out-of-pocket expenditure (OOP) per capita in US$,numeric,AMR,Americas,Country,DOM,Dominican Republic,Year,2013,false,,,,,,,,,,,,,97.36,,,,,,97.36,,,EN,2025-12-04T23:00:00.000Z
GHED_OOP_pc_US_SHA2011,Out-of-pocket expenditure (OOP) per capita in US$,numeric,EUR,Europe,Country,MDA,Republic of Moldova,Year,2013,false,,,,,,,,,,,,,98.63,,,,,,98.63,,,EN,2025-12-04T23:00:00.000Z
GHED_OOP_pc_US_SHA2011,Out-of-pocket expenditure (OOP) per capita in US$,numeric,AFR,Africa,Country,DZA,Algeria,Year,2013,false,,,,,,,,,,,,,98.84,,,,,,98.84,,,EN,2025-12-04T23:00:00.000Z
GHED_OOP_pc_US_SHA2011,Out-of-pocket expenditure (OOP) per capita in US$,numeric,AMR,Americas,Country,COL,Colombia,Year,2013,false,,,,,,,,,,,,,99.65,,,,,,99.65,,,EN,2025-12-04T23:00:00.000Z
GHED_OOP_pc_US_SHA2011,Out-of-pocket expenditure (OOP) per capita in US$,numeric,EUR,Europe,Country,ROU,Romania,Year,2013,false,,,,,,,,,,,,,99.92,,,,,,99.92,,,EN,2025-12-04T23:00:00.000Z
GHED_OOP_pc_US_SHA2011,Out-of-pocket expenditure (OOP) per capita in US$,numeric,WPR,Western Pacific,Country,KIR,Kiribati,Year,2012,false,,,,,,,,,,,,,0.92,,,,,,0.92,,,EN,2025-12-04T23:00:00.000Z
GHED_OOP_pc_US_SHA2011,Out-of-pocket expenditure (OOP) per capita in US$,numeric,AFR,Africa,Country,MOZ,Mozambique,Year,2012,false,,,,,,,,,,,,,1.96,,,,,,1.96,,,EN,2025-12-04T23:00:00.000Z
GHED_OOP_pc_US_SHA2011,Out-of-pocket expenditure (OOP) per capita in US$,numeric,AFR,Africa,Country,TZA,United Republic of Tanzania,Year,2012,false,,,,,,,,,,,,,10.37,,,,,,10.37,,,EN,2025-12-04T23:00:00.000Z
GHED_OOP_pc_US_SHA2011,Out-of-pocket expenditure (OOP) per capita in US$,numeric,WPR,Western Pacific,Country,FSM,Micronesia (Federated States of),Year,2012,false,,,,,,,,,,,,,10.74,,,,,,10.74,,,EN,2025-12-04T23:00:00.000Z
GHED_OOP_pc_US_SHA2011,Out-of-pocket expenditure (OOP) per capita in US$,numeric,AFR,Africa,Country,BFA,Burkina Faso,Year,2012,false,,,,,,,,,,,,,10.9,,,,,,10.90,,,EN,2025-12-04T23:00:00.000Z
GHED_OOP_pc_US_SHA2011,Out-of-pocket expenditure (OOP) per capita in US$,numeric,EUR,Europe,Country,KAZ,Kazakhstan,Year,2012,false,,,,,,,,,,,,,101.6,,,,,,101.56,,,EN,2025-12-04T23:00:00.000Z
GHED_OOP_pc_US_SHA2011,Out-of-pocket expenditure (OOP) per capita in US$,numeric,AMR,Americas,Country,DOM,Dominican Republic,Year,2012,false,,,,,,,,,,,,,101.6,,,,,,101.61,,,EN,2025-12-04T23:00:00.000Z
GHED_OOP_pc_US_SHA2011,Out-of-pocket expenditure (OOP) per capita in US$,numeric,AMR,Americas,Country,USA,United States of America,Year,2012,false,,,,,,,,,,,,,1019,,,,,,1019.18,,,EN,2025-12-04T23:00:00.000Z
GHED_OOP_pc_US_SHA2011,Out-of-pocket expenditure (OOP) per capita in US$,numeric,AFR,Africa,Country,SYC,Seychelles,Year,2012,false,,,,,,,,,,,,,106.2,,,,,,106.21,,,EN,2025-12-04T23:00:00.000Z
GHED_OOP_pc_US_SHA2011,Out-of-pocket expenditure (OOP) per capita in US$,numeric,EMR,Eastern Mediterranean,Country,IRQ,Iraq,Year,2012,false,,,,,,,,,,,,,107.6,,,,,,107.59,,,EN,2025-12-04T23:00:00.000Z
GHED_OOP_pc_US_SHA2011,Out-of-pocket expenditure (OOP) per capita in US$,numeric,EMR,Eastern Mediterranean,Country,TUN,Tunisia,Year,2012,false,,,,,,,,,,,,,110.8,,,,,,110.76,,,EN,2025-12-04T23:00:00.000Z
GHED_OOP_pc_US_SHA2011,Out-of-pocket expenditure (OOP) per capita in US$,numeric,WPR,Western Pacific,Country,CHN,China,Year,2012,false,,,,,,,,,,,,,111.7,,,,,,111.70,,,EN,2025-12-04T23:00:00.000Z
GHED_OOP_pc_US_SHA2011,Out-of-pocket expenditure (OOP) per capita in US$,numeric,EUR,Europe,Country,BLR,Belarus,Year,2012,false,,,,,,,,,,,,,112,,,,,,112.05,,,EN,2025-12-04T23:00:00.000Z
GHED_OOP_pc_US_SHA2011,Out-of-pocket expenditure (OOP) per capita in US$,numeric,EUR,Europe,Country,MKD,North Macedonia,Year,2012,false,,,,,,,,,,,,,112.1,,,,,,112.07,,,EN,2025-12-04T23:00:00.000Z
GHED_OOP_pc_US_SHA2011,Out-of-pocket expenditure (OOP) per capita in US$,numeric,AMR,Americas,Country,SUR,Suriname,Year,2012,false,,,,,,,,,,,,,114.8,,,,,,114.81,,,EN,2025-12-04T23:00:00.000Z
GHED_OOP_pc_US_SHA2011,Out-of-pocket expenditure (OOP) per capita in US$,numeric,AMR,Americas,Country,GTM,Guatemala,Year,2012,false,,,,,,,,,,,,,117.1,,,,,,117.13,,,EN,2025-12-04T23:00:00.000Z
GHED_OOP_pc_US_SHA2011,Out-of-pocket expenditure (OOP) per capita in US$,numeric,AMR,Americas,Country,SLV,El Salvador,Year,2012,false,,,,,,,,,,,,,117.5,,,,,,117.53,,,EN,2025-12-04T23:00:00.000Z
GHED_OOP_pc_US_SHA2011,Out-of-pocket expenditure (OOP) per capita in US$,numeric,EUR,Europe,Country,HRV,Croatia,Year,2012,false,,,,,,,,,,,,,118.6,,,,,,118.63,,,EN,2025-12-04T23:00:00.000Z
GHED_OOP_pc_US_SHA2011,Out-of-pocket expenditure (OOP) per capita in US$,numeric,EUR,Europe,Country,UKR,Ukraine,Year,2012,false,,,,,,,,,,,,,119,,,,,,118.96,,,EN,2025-12-04T23:00:00.000Z
GHED_OOP_pc_US_SHA2011,Out-of-pocket expenditure (OOP) per capita in US$,numeric,AFR,Africa,Country,MLI,Mali,Year,2012,false,,,,,,,,,,,,,12.32,,,,,,12.32,,,EN,2025-12-04T23:00:00.000Z
GHED_OOP_pc_US_SHA2011,Out-of-pocket expenditure (OOP) per capita in US$,numeric,AFR,Africa,Country,CAF,Central African Republic,Year,2012,false,,,,,,,,,,,,,12.39,,,,,,12.39,,,EN,2025-12-04T23:00:00.000Z
GHED_OOP_pc_US_SHA2011,Out-of-pocket expenditure (OOP) per capita in US$,numeric,AMR,Americas,Country,PER,Peru,Year,2012,false,,,,,,,,,,,,,120.2,,,,,,120.25,,,EN,2025-12-04T23:00:00.000Z
GHED_OOP_pc_US_SHA2011,Out-of-pocket expenditure (OOP) per capita in US$,numeric,WPR,Western Pacific,Country,AUS,Australia,Year,2012,false,,,,,,,,,,,,,1204,,,,,,1203.81,,,EN,2025-12-04T23:00:00.000Z
GHED_OOP_pc_US_SHA2011,Out-of-pocket expenditure (OOP) per capita in US$,numeric,WPR,Western Pacific,Country,MYS,Malaysia,Year,2012,false,,,,,,,,,,,,,122.8,,,,,,122.82,,,EN,2025-12-04T23:00:00.000Z
GHED_OOP_pc_US_SHA2011,Out-of-pocket expenditure (OOP) per capita in US$,numeric,AMR,Americas,Country,JAM,Jamaica,Year,2012,false,,,,,,,,,,,,,126.2,,,,,,126.23,,,EN,2025-12-04T23:00:00.000Z
GHED_OOP_pc_US_SHA2011,Out-of-pocket expenditure (OOP) per capita in US$,numeric,EUR,Europe,Country,BIH,Bosnia and Herzegovina,Year,2012,false,,,,,,,,,,,,,130,,,,,,129.98,,,EN,2025-12-04T23:00:00.000Z
GHED_OOP_pc_US_SHA2011,Out-of-pocket expenditure (OOP) per capita in US$,numeric,AFR,Africa,Country,BEN,Benin,Year,2012,false,,,,,,,,,,,,,13.69,,,,,,13.69,,,EN,2025-12-04T23:00:00.000Z
GHED_OOP_pc_US_SHA2011,Out-of-pocket expenditure (OOP) per capita in US$,numeric,AFR,Africa,Country,NER,Niger,Year,2012,false,,,,,,,,,,,,,13.81,,,,,,13.81,,,EN,2025-12-04T23:00:00.000Z
GHED_OOP_pc_US_SHA2011,Out-of-pocket expenditure (OOP) per capita in US$,numeric,EMR,Eastern Mediterranean,Country,PSE,"occupied Palestinian territory, including east Jerusalem",Year,2012,false,,,,,,,,,,,,,130.7,,,,,,130.67,,,EN,2025-12-04T23:00:00.000Z
GHED_OOP_pc_US_SHA2011,Out-of-pocket expenditure (OOP) per capita in US$,numeric,EUR,Europe,Country,NOR,Norway,Year,2012,false,,,,,,,,,,,,,1328,,,,,,1327.58,,,EN,2025-12-04T23:00:00.000Z
GHED_OOP_pc_US_SHA2011,Out-of-pocket expenditure (OOP) per capita in US$,numeric,AFR,Africa,Country,ERI,Eritrea,Year,2012,false,,,,,,,,,,,,,14.6,,,,,,14.60,,,EN,2025-12-04T23:00:00.000Z
GHED_OOP_pc_US_SHA2011,Out-of-pocket expenditure (OOP) per capita in US$,numeric,AFR,Africa,Country,GIN,Guinea,Year,2012,false,,,,,,,,,,,,,14.79,,,,,,14.79,,,EN,2025-12-04T23:00:00.000Z
GHED_OOP_pc_US_SHA2011,Out-of-pocket expenditure (OOP) per capita in US$,numeric,WPR,Western Pacific,Country,TON,Tonga,Year,2012,false,,,,,,,,,,,,,14.86,,,,,,14.86,,,EN,2025-12-04T23:00:00.000Z
GHED_OOP_pc_US_SHA2011,Out-of-pocket expenditure (OOP) per capita in US$,numeric,EMR,Eastern Mediterranean,Country,DJI,Djibouti,Year,2012,false,,,,,,,,,,,,,14.88,,,,,,14.88,,,EN,2025-12-04T23:00:00.000Z
GHED_OOP_pc_US_SHA2011,Out-of-pocket expenditure (OOP) per capita in US$,numeric,AMR,Americas,Country,DMA,Dominica,Year,2012,false,,,,,,,,,,,,,144.5,,,,,,144.52,,,EN,2025-12-04T23:00:00.000Z
GHED_OOP_pc_US_SHA2011,Out-of-pocket expenditure (OOP) per capita in US$,numeric,EUR,Europe,Country,AZE,Azerbaijan,Year,2012,false,,,,,,,,,,,,,147.8,,,,,,147.75,,,EN,2025-12-04T23:00:00.000Z
GHED_OOP_pc_US_SHA2011,Out-of-pocket expenditure (OOP) per capita in US$,numeric,AFR,Africa,Country,GNQ,Equatorial Guinea,Year,2012,false,,,,,,,,,,,,,149.9,,,,,,149.86,,,EN,2025-12-04T23:00:00.000Z
GHED_OOP_pc_US_SHA2011,Out-of-pocket expenditure (OOP) per capita in US$,numeric,AFR,Africa,Country,STP,Sao Tome and Principe,Year,2012,false,,,,,,,,,,,,,15.36,,,,,,15.36,,,EN,2025-12-04T23:00:00.000Z
GHED_OOP_pc_US_SHA2011,Out-of-pocket expenditure (OOP) per capita in US$,numeric,EMR,Eastern Mediterranean,Country,PAK,Pakistan,Year,2012,false,,,,,,,,,,,,,15.65,,,,,,15.65,,,EN,2025-12-04T23:00:00.000Z
GHED_OOP_pc_US_SHA2011,Out-of-pocket expenditure (OOP) per capita in US$,numeric,WPR,Western Pacific,Country,LAO,Lao People's Democratic Republic,Year,2012,false,,,,,,,,,,,,,15.79,,,,,,15.79,,,EN,2025-12-04T23:00:00.000Z
GHED_OOP_pc_US_SHA2011,Out-of-pocket expenditure (OOP) per capita in US$,numeric,EUR,Europe,Country,ALB,Albania,Year,2012,false,,,,,,,,,,,,,151.8,,,,,,151.75,,,EN,2025-12-04T23:00:00.000Z
GHED_OOP_pc_US_SHA2011,Out-of-pocket expenditure (OOP) per capita in US$,numeric,EMR,Eastern Mediterranean,Country,LBY,Libya,Year,2012,false,,,,,,,,,,,,,154.7,,,,,,154.66,,,EN,2025-12-04T23:00:00.000Z
GHED_OOP_pc_US_SHA2011,Out-of-pocket expenditure (OOP) per capita in US$,numeric,AMR,Americas,Country,ECU,Ecuador,Year,2012,false,,,,,,,,,,,,,158.7,,,,,,158.74,,,EN,2025-12-04T23:00:00.000Z
GHED_OOP_pc_US_SHA2011,Out-of-pocket expenditure (OOP) per capita in US$,numeric,SEAR,South-East Asia,Country,BGD,Bangladesh,Year,2012,false,,,,,,,,,,,,,16,,,,,,16.00,,,EN,2025-12-04T23:00:00.000Z
GHED_OOP_pc_US_SHA2011,Out-of-pocket expenditure (OOP) per capita in US$,numeric,EMR,Eastern Mediterranean,Country,SAU,Saudi Arabia,Year,2012,false,,,,,,,,,,,,,165.7,,,,,,165.68,,,EN,2025-12-04T23:00:00.000Z
GHED_OOP_pc_US_SHA2011,Out-of-pocket expenditure (OOP) per capita in US$,numeric,SEAR,South-East Asia,Country,BTN,Bhutan,Year,2012,false,,,,,,,,,,,,,17.24,,,,,,17.24,,,EN,2025-12-04T23:00:00.000Z
GHED_OOP_pc_US_SHA2011,Out-of-pocket expenditure (OOP) per capita in US$,numeric,WPR,Western Pacific,Country,NIU,Niue,Year,2012,false,,,,,,,,,,,,,17.43,,,,,,17.43,,,EN,2025-12-04T23:00:00.000Z
GHED_OOP_pc_US_SHA2011,Out-of-pocket expenditure (OOP) per capita in US$,numeric,AFR,Africa,Country,BWA,Botswana,Year,2012,false,,,,,,,,,,,,,17.76,,,,,,17.76,,,EN,2025-12-04T23:00:00.000Z
GHED_OOP_pc_US_SHA2011,Out-of-pocket expenditure (OOP) per capita in US$,numeric,AMR,Americas,Country,PRY,Paraguay,Year,2012,false,,,,,,,,,,,,,170.9,,,,,,170.86,,,EN,2025-12-04T23:00:00.000Z
GHED_OOP_pc_US_SHA2011,Out-of-pocket expenditure (OOP) per capita in US$,numeric,SEAR,South-East Asia,Country,NPL,Nepal,Year,2012,false,,,,,,,,,,,,,18.87,,,,,,18.87,,,EN,2025-12-04T23:00:00.000Z
GHED_OOP_pc_US_SHA2011,Out-of-pocket expenditure (OOP) per capita in US$,numeric,EMR,Eastern Mediterranean,Country,KWT,Kuwait,Year,2012,false,,,,,,,,,,,,,182,,,,,,181.98,,,EN,2025-12-04T23:00:00.000Z
GHED_OOP_pc_US_SHA2011,Out-of-pocket expenditure (OOP) per capita in US$,numeric,EMR,Eastern Mediterranean,Country,QAT,Qatar,Year,2012,false,,,,,,,,,,,,,186.4,,,,,,186.40,,,EN,2025-12-04T23:00:00.000Z
GHED_OOP_pc_US_SHA2011,Out-of-pocket expenditure (OOP) per capita in US$,numeric,AFR,Africa,Country,LBR,Liberia,Year,2012,false,,,,,,,,,,,,,19.51,,,,,,19.51,,,EN,2025-12-04T23:00:00.000Z
GHED_OOP_pc_US_SHA2011,Out-of-pocket expenditure (OOP) per capita in US$,numeric,EUR,Europe,Country,MNE,Montenegro,Year,2012,false,,,,,,,,,,,,,192.2,,,,,,192.20,,,EN,2025-12-04T23:00:00.000Z
GHED_OOP_pc_US_SHA2011,Out-of-pocket expenditure (OOP) per capita in US$,numeric,AMR,Americas,Country,CRI,Costa Rica,Year,2012,false,,,,,,,,,,,,,193.2,,,,,,193.21,,,EN,2025-12-04T23:00:00.000Z
GHED_OOP_pc_US_SHA2011,Out-of-pocket expenditure (OOP) per capita in US$,numeric,EUR,Europe,Country,TKM,Turkmenistan,Year,2012,false,,,,,,,,,,,,,197.4,,,,,,197.44,,,EN,2025-12-04T23:00:00.000Z
GHED_OOP_pc_US_SHA2011,Out-of-pocket expenditure (OOP) per capita in US$,numeric,EUR,Europe,Country,POL,Poland,Year,2012,false,,,,,,,,,,,,,197.8,,,,,,197.79,,,EN,2025-12-04T23:00:00.000Z
GHED_OOP_pc_US_SHA2011,Out-of-pocket expenditure (OOP) per capita in US$,numeric,EUR,Europe,Country,SRB,Serbia,Year,2012,false,,,,,,,,,,,,,198.4,,,,,,198.38,,,EN,2025-12-04T23:00:00.000Z
GHED_OOP_pc_US_SHA2011,Out-of-pocket expenditure (OOP) per capita in US$,numeric,AFR,Africa,Country,MUS,Mauritius,Year,2012,false,,,,,,,,,,,,,199.8,,,,,,199.80,,,EN,2025-12-04T23:00:00.000Z
GHED_OOP_pc_US_SHA2011,Out-of-pocket expenditure (OOP) per capita in US$,numeric,AFR,Africa,Country,KEN,Kenya,Year,2012,false,,,,,,,,,,,,,20.38,,,,,,20.38,,,EN,2025-12-04T23:00:00.000Z
GHED_OOP_pc_US_SHA2011,Out-of-pocket expenditure (OOP) per capita in US$,numeric,AFR,Africa,Country,UGA,Uganda,Year,2012,false,,,,,,,,,,,,,20.65,,,,,,20.65,,,EN,2025-12-04T23:00:00.000Z
GHED_OOP_pc_US_SHA2011,Out-of-pocket expenditure (OOP) per capita in US$,numeric,AFR,Africa,Country,TGO,Togo,Year,2012,false,,,,,,,,,,,,,20.98,,,,,,20.98,,,EN,2025-12-04T23:00:00.000Z
GHED_OOP_pc_US_SHA2011,Out-of-pocket expenditure (OOP) per capita in US$,numeric,AMR,Americas,Country,ATG,Antigua and Barbuda,Year,2012,false,,,,,,,,,,,,,202.7,,,,,,202.66,,,EN,2025-12-04T23:00:00.000Z
GHED_OOP_pc_US_SHA2011,Out-of-pocket expenditure (OOP) per capita in US$,numeric,WPR,Western Pacific,Country,PLW,Palau,Year,2012,false,,,,,,,,,,,,,206.1,,,,,,206.07,,,EN,2025-12-04T23:00:00.000Z
GHED_OOP_pc_US_SHA2011,Out-of-pocket expenditure (OOP) per capita in US$,numeric,EUR,Europe,Country,CHE,Switzerland,Year,2012,false,,,,,,,,,,,,,2071,,,,,,2071.22,,,EN,2025-12-04T23:00:00.000Z
GHED_OOP_pc_US_SHA2011,Out-of-pocket expenditure (OOP) per capita in US$,numeric,SEAR,South-East Asia,Country,MDV,Maldives,Year,2012,false,,,,,,,,,,,,,208.3,,,,,,208.30,,,EN,2025-12-04T23:00:00.000Z
GHED_OOP_pc_US_SHA2011,Out-of-pocket expenditure (OOP) per capita in US$,numeric,AFR,Africa,Country,LSO,Lesotho,Year,2012,false,,,,,,,,,,,,,21.18,,,,,,21.18,,,EN,2025-12-04T23:00:00.000Z
GHED_OOP_pc_US_SHA2011,Out-of-pocket expenditure (OOP) per capita in US$,numeric,AFR,Africa,Country,COG,Congo,Year,2012,false,,,,,,,,,,,,,21.2,,,,,,21.20,,,EN,2025-12-04T23:00:00.000Z
GHED_OOP_pc_US_SHA2011,Out-of-pocket expenditure (OOP) per capita in US$,numeric,AMR,Americas,Country,HTI,Haiti,Year,2012,false,,,,,,,,,,,,,21.35,,,,,,21.35,,,EN,2025-12-04T23:00:00.000Z
GHED_OOP_pc_US_SHA2011,Out-of-pocket expenditure (OOP) per capita in US$,numeric,AFR,Africa,Country,AGO,Angola,Year,2012,false,,,,,,,,,,,,,21.47,,,,,,21.47,,,EN,2025-12-04T23:00:00.000Z
GHED_OOP_pc_US_SHA2011,Out-of-pocket expenditure (OOP) per capita in US$,numeric,AFR,Africa,Country,TCD,Chad,Year,2012,false,,,,,,,,,,,,,21.51,,,,,,21.51,,,EN,2025-12-04T23:00:00.000Z
GHED_OOP_pc_US_SHA2011,Out-of-pocket expenditure (OOP) per capita in US$,numeric,EUR,Europe,Country,CZE,Czechia,Year,2012,false,,,,,,,,,,,,,214.6,,,,,,214.63,,,EN,2025-12-04T23:00:00.000Z
GHED_OOP_pc_US_SHA2011,Out-of-pocket expenditure (OOP) per capita in US$,numeric,EMR,Eastern Mediterranean,Country,LBN,Lebanon,Year,2012,false,,,,,,,,,,,,,219.8,,,,,,219.85,,,EN,2025-12-04T23:00:00.000Z
GHED_OOP_pc_US_SHA2011,Out-of-pocket expenditure (OOP) per capita in US$,numeric,AFR,Africa,Country,GNB,Guinea-Bissau,Year,2012,false,,,,,,,,,,,,,22.17,,,,,,22.17,,,EN,2025-12-04T23:00:00.000Z
GHED_OOP_pc_US_SHA2011,Out-of-pocket expenditure (OOP) per capita in US$,numeric,AMR,Americas,Country,GRD,Grenada,Year,2012,false,,,,,,,,,,,,,226.2,,,,,,226.19,,,EN,2025-12-04T23:00:00.000Z
GHED_OOP_pc_US_SHA2011,Out-of-pocket expenditure (OOP) per capita in US$,numeric,AMR,Americas,Country,LCA,Saint Lucia,Year,2012,false,,,,,,,,,,,,,233,,,,,,232.95,,,EN,2025-12-04T23:00:00.000Z
GHED_OOP_pc_US_SHA2011,Out-of-pocket expenditure (OOP) per capita in US$,numeric,AMR,Americas,Country,MEX,Mexico,Year,2012,false,,,,,,,,,,,,,236.7,,,,,,236.73,,,EN,2025-12-04T23:00:00.000Z
GHED_OOP_pc_US_SHA2011,Out-of-pocket expenditure (OOP) per capita in US$,numeric,EUR,Europe,Country,EST,Estonia,Year,2012,false,,,,,,,,,,,,,238.6,,,,,,238.64,,,EN,2025-12-04T23:00:00.000Z
GHED_OOP_pc_US_SHA2011,Out-of-pocket expenditure (OOP) per capita in US$,numeric,WPR,Western Pacific,Country,COK,Cook Islands,Year,2012,false,,,,,,,,,,,,,24.04,,,,,,24.04,,,EN,2025-12-04T23:00:00.000Z
GHED_OOP_pc_US_SHA2011,Out-of-pocket expenditure (OOP) per capita in US$,numeric,EUR,Europe,Country,SVN,Slovenia,Year,2012,false,,,,,,,,,,,,,246.1,,,,,,246.07,,,EN,2025-12-04T23:00:00.000Z
GHED_OOP_pc_US_SHA2011,Out-of-pocket expenditure (OOP) per capita in US$,numeric,AMR,Americas,Country,URY,Uruguay,Year,2012,false,,,,,,,,,,,,,248.7,,,,,,248.72,,,EN,2025-12-04T23:00:00.000Z
GHED_OOP_pc_US_SHA2011,Out-of-pocket expenditure (OOP) per capita in US$,numeric,AMR,Americas,Country,PAN,Panama,Year,2012,false,,,,,,,,,,,,,252.2,,,,,,252.20,,,EN,2025-12-04T23:00:00.000Z
GHED_OOP_pc_US_SHA2011,Out-of-pocket expenditure (OOP) per capita in US$,numeric,EUR,Europe,Country,RUS,Russian Federation,Year,2012,false,,,,,,,,,,,,,252.3,,,,,,252.31,,,EN,2025-12-04T23:00:00.000Z
GHED_OOP_pc_US_SHA2011,Out-of-pocket expenditure (OOP) per capita in US$,numeric,EUR,Europe,Country,GEO,Georgia,Year,2012,false,,,,,,,,,,,,,253.8,,,,,,253.80,,,EN,2025-12-04T23:00:00.000Z
GHED_OOP_pc_US_SHA2011,Out-of-pocket expenditure (OOP) per capita in US$,numeric,EUR,Europe,Country,ARM,Armenia,Year,2012,false,,,,,,,,,,,,,260.8,,,,,,260.84,,,EN,2025-12-04T23:00:00.000Z
GHED_OOP_pc_US_SHA2011,Out-of-pocket expenditure (OOP) per capita in US$,numeric,EUR,Europe,Country,BGR,Bulgaria,Year,2012,false,,,,,,,,,,,,,266.7,,,,,,266.74,,,EN,2025-12-04T23:00:00.000Z
GHED_OOP_pc_US_SHA2011,Out-of-pocket expenditure (OOP) per capita in US$,numeric,SEAR,South-East Asia,Country,THA,Thailand,Year,2012,false,,,,,,,,,,,,,27.07,,,,,,27.07,,,EN,2025-12-04T23:00:00.000Z
GHED_OOP_pc_US_SHA2011,Out-of-pocket expenditure (OOP) per capita in US$,numeric,AFR,Africa,Country,MRT,Mauritania,Year,2012,false,,,,,,,,,,,,,27.3,,,,,,27.30,,,EN,2025-12-04T23:00:00.000Z
GHED_OOP_pc_US_SHA2011,Out-of-pocket expenditure (OOP) per capita in US$,numeric,WPR,Western Pacific,Country,WSM,Samoa,Year,2012,false,,,,,,,,,,,,,27.43,,,,,,27.43,,,EN,2025-12-04T23:00:00.000Z
GHED_OOP_pc_US_SHA2011,Out-of-pocket expenditure (OOP) per capita in US$,numeric,EMR,Eastern Mediterranean,Country,IRN,Iran (Islamic Republic of),Year,2012,false,,,,,,,,,,,,,274.9,,,,,,274.93,,,EN,2025-12-04T23:00:00.000Z
GHED_OOP_pc_US_SHA2011,Out-of-pocket expenditure (OOP) per capita in US$,numeric,EMR,Eastern Mediterranean,Country,BHR,Bahrain,Year,2012,false,,,,,,,,,,,,,278.3,,,,,,278.27,,,EN,2025-12-04T23:00:00.000Z
GHED_OOP_pc_US_SHA2011,Out-of-pocket expenditure (OOP) per capita in US$,numeric,SEAR,South-East Asia,Country,MMR,Myanmar,Year,2012,false,,,,,,,,,,,,,28.58,,,,,,28.58,,,EN,2025-12-04T23:00:00.000Z
GHED_OOP_pc_US_SHA2011,Out-of-pocket expenditure (OOP) per capita in US$,numeric,EUR,Europe,Country,LVA,Latvia,Year,2012,false,,,,,,,,,,,,,282,,,,,,281.98,,,EN,2025-12-04T23:00:00.000Z
GHED_OOP_pc_US_SHA2011,Out-of-pocket expenditure (OOP) per capita in US$,numeric,EUR,Europe,Country,HUN,Hungary,Year,2012,false,,,,,,,,,,,,,282.3,,,,,,282.30,,,EN,2025-12-04T23:00:00.000Z
GHED_OOP_pc_US_SHA2011,Out-of-pocket expenditure (OOP) per capita in US$,numeric,EUR,Europe,Country,LTU,Lithuania,Year,2012,false,,,,,,,,,,,,,285.2,,,,,,285.23,,,EN,2025-12-04T23:00:00.000Z
GHED_OOP_pc_US_SHA2011,Out-of-pocket expenditure (OOP) per capita in US$,numeric,EMR,Eastern Mediterranean,Country,ARE,United Arab Emirates,Year,2012,false,,,,,,,,,,,,,286.5,,,,,,286.47,,,EN,2025-12-04T23:00:00.000Z
GHED_OOP_pc_US_SHA2011,Out-of-pocket expenditure (OOP) per capita in US$,numeric,AMR,Americas,Country,BRA,Brazil,Year,2012,false,,,,,,,,,,,,,287.5,,,,,,287.54,,,EN,2025-12-04T23:00:00.000Z
GHED_OOP_pc_US_SHA2011,Out-of-pocket expenditure (OOP) per capita in US$,numeric,WPR,Western Pacific,Country,TUV,Tuvalu,Year,2012,false,,,,,,,,,,,,,29.85,,,,,,29.85,,,EN,2025-12-04T23:00:00.000Z
GHED_OOP_pc_US_SHA2011,Out-of-pocket expenditure (OOP) per capita in US$,numeric,AFR,Africa,Country,SEN,Senegal,Year,2012,false,,,,,,,,,,,,,29.88,,,,,,29.88,,,EN,2025-12-04T23:00:00.000Z
GHED_OOP_pc_US_SHA2011,Out-of-pocket expenditure (OOP) per capita in US$,numeric,AFR,Africa,Country,ZWE,Zimbabwe,Year,2012,false,,,,,,,,,,,,,29.97,,,,,,29.97,,,EN,2025-12-04T23:00:00.000Z
GHED_OOP_pc_US_SHA2011,Out-of-pocket expenditure (OOP) per capita in US$,numeric,WPR,Western Pacific,Country,SLB,Solomon Islands,Year,2012,false,,,,,,,,,,,,,3.05,,,,,,3.05,,,EN,2025-12-04T23:00:00.000Z
GHED_OOP_pc_US_SHA2011,Out-of-pocket expenditure (OOP) per capita in US$,numeric,AFR,Africa,Country,MWI,Malawi,Year,2012,false,,,,,,,,,,,,,3.33,,,,,,3.33,,,EN,2025-12-04T23:00:00.000Z
GHED_OOP_pc_US_SHA2011,Out-of-pocket expenditure (OOP) per capita in US$,numeric,AFR,Africa,Country,GHA,Ghana,Year,2012,false,,,,,,,,,,,,,30.23,,,,,,30.23,,,EN,2025-12-04T23:00:00.000Z
GHED_OOP_pc_US_SHA2011,Out-of-pocket expenditure (OOP) per capita in US$,numeric,SEAR,South-East Asia,Country,IND,India,Year,2012,false,,,,,,,,,,,,,30.53,,,,,,30.53,,,EN,2025-12-04T23:00:00.000Z
GHED_OOP_pc_US_SHA2011,Out-of-pocket expenditure (OOP) per capita in US$,numeric,EUR,Europe,Country,SVK,Slovakia,Year,2012,false,,,,,,,,,,,,,306.5,,,,,,306.55,,,EN,2025-12-04T23:00:00.000Z
GHED_OOP_pc_US_SHA2011,Out-of-pocket expenditure (OOP) per capita in US$,numeric,EMR,Eastern Mediterranean,Country,SYR,Syrian Arab Republic,Year,2012,false,,,,,,,,,,,,,33.67,,,,,,33.67,,,EN,2025-12-04T23:00:00.000Z
GHED_OOP_pc_US_SHA2011,Out-of-pocket expenditure (OOP) per capita in US$,numeric,AFR,Africa,Country,SLE,Sierra Leone,Year,2012,false,,,,,,,,,,,,,35.19,,,,,,35.19,,,EN,2025-12-04T23:00:00.000Z
GHED_OOP_pc_US_SHA2011,Out-of-pocket expenditure (OOP) per capita in US$,numeric,AFR,Africa,Country,SWZ,Eswatini,Year,2012,false,,,,,,,,,,,,,35.73,,,,,,35.73,,,EN,2025-12-04T23:00:00.000Z
GHED_OOP_pc_US_SHA2011,Out-of-pocket expenditure (OOP) per capita in US$,numeric,AMR,Americas,Country,ARG,Argentina,Year,2012,false,,,,,,,,,,,,,353.5,,,,,,353.54,,,EN,2025-12-04T23:00:00.000Z
GHED_OOP_pc_US_SHA2011,Out-of-pocket expenditure (OOP) per capita in US$,numeric,AMR,Americas,Country,CHL,Chile,Year,2012,false,,,,,,,,,,,,,357.6,,,,,,357.63,,,EN,2025-12-04T23:00:00.000Z
GHED_OOP_pc_US_SHA2011,Out-of-pocket expenditure (OOP) per capita in US$,numeric,EUR,Europe,Country,TJK,Tajikistan,Year,2012,false,,,,,,,,,,,,,36.43,,,,,,36.43,,,EN,2025-12-04T23:00:00.000Z
GHED_OOP_pc_US_SHA2011,Out-of-pocket expenditure (OOP) per capita in US$,numeric,AFR,Africa,Country,CIV,Cote d'Ivoire,Year,2012,false,,,,,,,,,,,,,36.89,,,,,,36.89,,,EN,2025-12-04T23:00:00.000Z
GHED_OOP_pc_US_SHA2011,Out-of-pocket expenditure (OOP) per capita in US$,numeric,EUR,Europe,Country,AND,Andorra,Year,2012,false,,,,,,,,,,,,,379.9,,,,,,379.86,,,EN,2025-12-04T23:00:00.000Z
GHED_OOP_pc_US_SHA2011,Out-of-pocket expenditure (OOP) per capita in US$,numeric,WPR,Western Pacific,Country,FJI,Fiji,Year,2012,false,,,,,,,,,,,,,38.07,,,,,,38.07,,,EN,2025-12-04T23:00:00.000Z
GHED_OOP_pc_US_SHA2011,Out-of-pocket expenditure (OOP) per capita in US$,numeric,AFR,Africa,Country,CMR,Cameroon,Year,2012,false,,,,,,,,,,,,,38.08,,,,,,38.08,,,EN,2025-12-04T23:00:00.000Z
GHED_OOP_pc_US_SHA2011,Out-of-pocket expenditure (OOP) per capita in US$,numeric,EMR,Eastern Mediterranean,Country,AFG,Afghanistan,Year,2012,false,,,,,,,,,,,,,39.07,,,,,,39.07,,,EN,2025-12-04T23:00:00.000Z
GHED_OOP_pc_US_SHA2011,Out-of-pocket expenditure (OOP) per capita in US$,numeric,AMR,Americas,Country,TTO,Trinidad and Tobago,Year,2012,false,,,,,,,,,,,,,400,,,,,,399.97,,,EN,2025-12-04T23:00:00.000Z
GHED_OOP_pc_US_SHA2011,Out-of-pocket expenditure (OOP) per capita in US$,numeric,AFR,Africa,Country,BDI,Burundi,Year,2012,false,,,,,,,,,,,,,4.48,,,,,,4.48,,,EN,2025-12-04T23:00:00.000Z
GHED_OOP_pc_US_SHA2011,Out-of-pocket expenditure (OOP) per capita in US$,numeric,WPR,Western Pacific,Country,KHM,Cambodia,Year,2012,false,,,,,,,,,,,,,41.05,,,,,,41.05,,,EN,2025-12-04T23:00:00.000Z
GHED_OOP_pc_US_SHA2011,Out-of-pocket expenditure (OOP) per capita in US$,numeric,EUR,Europe,Country,KGZ,Kyrgyzstan,Year,2012,false,,,,,,,,,,,,,42.67,,,,,,42.67,,,EN,2025-12-04T23:00:00.000Z
GHED_OOP_pc_US_SHA2011,Out-of-pocket expenditure (OOP) per capita in US$,numeric,AFR,Africa,Country,CPV,Cabo Verde,Year,2012,false,,,,,,,,,,,,,42.91,,,,,,42.91,,,EN,2025-12-04T23:00:00.000Z
GHED_OOP_pc_US_SHA2011,Out-of-pocket expenditure (OOP) per capita in US$,numeric,WPR,Western Pacific,Country,NZL,New Zealand,Year,2012,false,,,,,,,,,,,,,435.9,,,,,,435.92,,,EN,2025-12-04T23:00:00.000Z
GHED_OOP_pc_US_SHA2011,Out-of-pocket expenditure (OOP) per capita in US$,numeric,AMR,Americas,Country,BHS,Bahamas,Year,2012,false,,,,,,,,,,,,,436.6,,,,,,436.55,,,EN,2025-12-04T23:00:00.000Z
GHED_OOP_pc_US_SHA2011,Out-of-pocket expenditure (OOP) per capita in US$,numeric,EUR,Europe,Country,MCO,Monaco,Year,2012,false,,,,,,,,,,,,,437.1,,,,,,437.06,,,EN,2025-12-04T23:00:00.000Z
GHED_OOP_pc_US_SHA2011,Out-of-pocket expenditure (OOP) per capita in US$,numeric,WPR,Western Pacific,Country,VNM,Viet Nam,Year,2012,false,,,,,,,,,,,,,44.57,,,,,,44.57,,,EN,2025-12-04T23:00:00.000Z
GHED_OOP_pc_US_SHA2011,Out-of-pocket expenditure (OOP) per capita in US$,numeric,EMR,Eastern Mediterranean,Country,YEM,Yemen,Year,2012,false,,,,,,,,,,,,,46.32,,,,,,46.32,,,EN,2025-12-04T23:00:00.000Z
GHED_OOP_pc_US_SHA2011,Out-of-pocket expenditure (OOP) per capita in US$,numeric,AMR,Americas,Country,BOL,Bolivia (Plurinational State of),Year,2012,false,,,,,,,,,,,,,46.49,,,,,,46.49,,,EN,2025-12-04T23:00:00.000Z
GHED_OOP_pc_US_SHA2011,Out-of-pocket expenditure (OOP) per capita in US$,numeric,AMR,Americas,Country,KNA,Saint Kitts and Nevis,Year,2012,false,,,,,,,,,,,,,487.7,,,,,,487.68,,,EN,2025-12-04T23:00:00.000Z
GHED_OOP_pc_US_SHA2011,Out-of-pocket expenditure (OOP) per capita in US$,numeric,EUR,Europe,Country,SMR,San Marino,Year,2012,false,,,,,,,,,,,,,488.6,,,,,,488.57,,,EN,2025-12-04T23:00:00.000Z
GHED_OOP_pc_US_SHA2011,Out-of-pocket expenditure (OOP) per capita in US$,numeric,EMR,Eastern Mediterranean,Country,SDN,Sudan,Year,2012,false,,,,,,,,,,,,,49.36,,,,,,49.36,,,EN,2025-12-04T23:00:00.000Z
GHED_OOP_pc_US_SHA2011,Out-of-pocket expenditure (OOP) per capita in US$,numeric,AFR,Africa,Country,ZAF,South Africa,Year,2012,false,,,,,,,,,,,,,49.92,,,,,,49.92,,,EN,2025-12-04T23:00:00.000Z
GHED_OOP_pc_US_SHA2011,Out-of-pocket expenditure (OOP) per capita in US$,numeric,AMR,Americas,Country,BRB,Barbados,Year,2012,false,,,,,,,,,,,,,499.9,,,,,,499.88,,,EN,2025-12-04T23:00:00.000Z
GHED_OOP_pc_US_SHA2011,Out-of-pocket expenditure (OOP) per capita in US$,numeric,AFR,Africa,Country,COD,Democratic Republic of the Congo,Year,2012,false,,,,,,,,,,,,,5.32,,,,,,5.32,,,EN,2025-12-04T23:00:00.000Z
GHED_OOP_pc_US_SHA2011,Out-of-pocket expenditure (OOP) per capita in US$,numeric,AFR,Africa,Country,GMB,Gambia,Year,2012,false,,,,,,,,,,,,,5.75,,,,,,5.75,,,EN,2025-12-04T23:00:00.000Z
GHED_OOP_pc_US_SHA2011,Out-of-pocket expenditure (OOP) per capita in US$,numeric,AFR,Africa,Country,RWA,Rwanda,Year,2012,false,,,,,,,,,,,,,5.83,,,,,,5.83,,,EN,2025-12-04T23:00:00.000Z
GHED_OOP_pc_US_SHA2011,Out-of-pocket expenditure (OOP) per capita in US$,numeric,AMR,Americas,Country,NIC,Nicaragua,Year,2012,false,,,,,,,,,,,,,50.3,,,,,,50.30,,,EN,2025-12-04T23:00:00.000Z
GHED_OOP_pc_US_SHA2011,Out-of-pocket expenditure (OOP) per capita in US$,numeric,AFR,Africa,Country,COM,Comoros,Year,2012,false,,,,,,,,,,,,,52.4,,,,,,52.40,,,EN,2025-12-04T23:00:00.000Z
GHED_OOP_pc_US_SHA2011,Out-of-pocket expenditure (OOP) per capita in US$,numeric,EUR,Europe,Country,FRA,France,Year,2012,false,,,,,,,,,,,,,527.8,,,,,,527.84,,,EN,2025-12-04T23:00:00.000Z
GHED_OOP_pc_US_SHA2011,Out-of-pocket expenditure (OOP) per capita in US$,numeric,WPR,Western Pacific,Country,MNG,Mongolia,Year,2012,false,,,,,,,,,,,,,53.46,,,,,,53.46,,,EN,2025-12-04T23:00:00.000Z
GHED_OOP_pc_US_SHA2011,Out-of-pocket expenditure (OOP) per capita in US$,numeric,EUR,Europe,Country,NLD,Netherlands (Kingdom of the),Year,2012,false,,,,,,,,,,,,,533.3,,,,,,533.26,,,EN,2025-12-04T23:00:00.000Z
GHED_OOP_pc_US_SHA2011,Out-of-pocket expenditure (OOP) per capita in US$,numeric,WPR,Western Pacific,Country,IDN,Indonesia,Year,2012,false,,,,,,,,,,,,,56.76,,,,,,56.76,,,EN,2025-12-04T23:00:00.000Z
GHED_OOP_pc_US_SHA2011,Out-of-pocket expenditure (OOP) per capita in US$,numeric,EUR,Europe,Country,ISR,Israel,Year,2012,false,,,,,,,,,,,,,563,,,,,,563.01,,,EN,2025-12-04T23:00:00.000Z
GHED_OOP_pc_US_SHA2011,Out-of-pocket expenditure (OOP) per capita in US$,numeric,SEAR,South-East Asia,Country,LKA,Sri Lanka,Year,2012,false,,,,,,,,,,,,,57.14,,,,,,57.14,,,EN,2025-12-04T23:00:00.000Z
GHED_OOP_pc_US_SHA2011,Out-of-pocket expenditure (OOP) per capita in US$,numeric,EMR,Eastern Mediterranean,Country,OMN,Oman,Year,2012,false,,,,,,,,,,,,,57.48,,,,,,57.48,,,EN,2025-12-04T23:00:00.000Z
GHED_OOP_pc_US_SHA2011,Out-of-pocket expenditure (OOP) per capita in US$,numeric,EUR,Europe,Country,PRT,Portugal,Year,2012,false,,,,,,,,,,,,,584.8,,,,,,584.84,,,EN,2025-12-04T23:00:00.000Z
GHED_OOP_pc_US_SHA2011,Out-of-pocket expenditure (OOP) per capita in US$,numeric,EUR,Europe,Country,GRC,Greece,Year,2012,false,,,,,,,,,,,,,593.2,,,,,,593.22,,,EN,2025-12-04T23:00:00.000Z
GHED_OOP_pc_US_SHA2011,Out-of-pocket expenditure (OOP) per capita in US$,numeric,EUR,Europe,Country,GBR,United Kingdom of Great Britain and Northern Ireland,Year,2012,false,,,,,,,,,,,,,595.5,,,,,,595.52,,,EN,2025-12-04T23:00:00.000Z
GHED_OOP_pc_US_SHA2011,Out-of-pocket expenditure (OOP) per capita in US$,numeric,AFR,Africa,Country,MDG,Madagascar,Year,2012,false,,,,,,,,,,,,,6.27,,,,,,6.27,,,EN,2025-12-04T23:00:00.000Z
GHED_OOP_pc_US_SHA2011,Out-of-pocket expenditure (OOP) per capita in US$,numeric,WPR,Western Pacific,Country,MHL,Marshall Islands,Year,2012,false,,,,,,,,,,,,,6.48,,,,,,6.48,,,EN,2025-12-04T23:00:00.000Z
GHED_OOP_pc_US_SHA2011,Out-of-pocket expenditure (OOP) per capita in US$,numeric,WPR,Western Pacific,Country,PNG,Papua New Guinea,Year,2012,false,,,,,,,,,,,,,6.48,,,,,,6.48,,,EN,2025-12-04T23:00:00.000Z
GHED_OOP_pc_US_SHA2011,Out-of-pocket expenditure (OOP) per capita in US$,numeric,SEAR,South-East Asia,Country,TLS,Timor-Leste,Year,2012,false,,,,,,,,,,,,,6.78,,,,,,6.78,,,EN,2025-12-04T23:00:00.000Z
GHED_OOP_pc_US_SHA2011,Out-of-pocket expenditure (OOP) per capita in US$,numeric,WPR,Western Pacific,Country,NRU,Nauru,Year,2012,false,,,,,,,,,,,,,6.83,,,,,,6.83,,,EN,2025-12-04T23:00:00.000Z
GHED_OOP_pc_US_SHA2011,Out-of-pocket expenditure (OOP) per capita in US$,numeric,AFR,Africa,Country,NAM,Namibia,Year,2012,false,,,,,,,,,,,,,60.07,,,,,,60.07,,,EN,2025-12-04T23:00:00.000Z
GHED_OOP_pc_US_SHA2011,Out-of-pocket expenditure (OOP) per capita in US$,numeric,EUR,Europe,Country,ESP,Spain,Year,2012,false,,,,,,,,,,,,,607.3,,,,,,607.35,,,EN,2025-12-04T23:00:00.000Z
GHED_OOP_pc_US_SHA2011,Out-of-pocket expenditure (OOP) per capita in US$,numeric,EUR,Europe,Country,MLT,Malta,Year,2012,false,,,,,,,,,,,,,609.2,,,,,,609.25,,,EN,2025-12-04T23:00:00.000Z
GHED_OOP_pc_US_SHA2011,Out-of-pocket expenditure (OOP) per capita in US$,numeric,AMR,Americas,Country,BLZ,Belize,Year,2012,false,,,,,,,,,,,,,62.45,,,,,,62.45,,,EN,2025-12-04T23:00:00.000Z
GHED_OOP_pc_US_SHA2011,Out-of-pocket expenditure (OOP) per capita in US$,numeric,WPR,Western Pacific,Country,KOR,Republic of Korea,Year,2012,false,,,,,,,,,,,,,620.3,,,,,,620.27,,,EN,2025-12-04T23:00:00.000Z
GHED_OOP_pc_US_SHA2011,Out-of-pocket expenditure (OOP) per capita in US$,numeric,AFR,Africa,Country,GAB,Gabon,Year,2012,false,,,,,,,,,,,,,63.03,,,,,,63.03,,,EN,2025-12-04T23:00:00.000Z
GHED_OOP_pc_US_SHA2011,Out-of-pocket expenditure (OOP) per capita in US$,numeric,WPR,Western Pacific,Country,PHL,Philippines,Year,2012,false,,,,,,,,,,,,,63.69,,,,,,63.69,,,EN,2025-12-04T23:00:00.000Z
GHED_OOP_pc_US_SHA2011,Out-of-pocket expenditure (OOP) per capita in US$,numeric,AFR,Africa,Country,NGA,Nigeria,Year,2012,false,,,,,,,,,,,,,64.03,,,,,,64.03,,,EN,2025-12-04T23:00:00.000Z
GHED_OOP_pc_US_SHA2011,Out-of-pocket expenditure (OOP) per capita in US$,numeric,EUR,Europe,Country,DEU,Germany,Year,2012,false,,,,,,,,,,,,,640.1,,,,,,640.08,,,EN,2025-12-04T23:00:00.000Z
GHED_OOP_pc_US_SHA2011,Out-of-pocket expenditure (OOP) per capita in US$,numeric,WPR,Western Pacific,Country,JPN,Japan,Year,2012,false,,,,,,,,,,,,,678.8,,,,,,678.76,,,EN,2025-12-04T23:00:00.000Z
GHED_OOP_pc_US_SHA2011,Out-of-pocket expenditure (OOP) per capita in US$,numeric,EUR,Europe,Country,IRL,Ireland,Year,2012,false,,,,,,,,,,,,,691.2,,,,,,691.21,,,EN,2025-12-04T23:00:00.000Z
GHED_OOP_pc_US_SHA2011,Out-of-pocket expenditure (OOP) per capita in US$,numeric,EUR,Europe,Country,LUX,Luxembourg,Year,2012,false,,,,,,,,,,,,,691.6,,,,,,691.56,,,EN,2025-12-04T23:00:00.000Z
GHED_OOP_pc_US_SHA2011,Out-of-pocket expenditure (OOP) per capita in US$,numeric,EUR,Europe,Country,ITA,Italy,Year,2012,false,,,,,,,,,,,,,692.5,,,,,,692.51,,,EN,2025-12-04T23:00:00.000Z
GHED_OOP_pc_US_SHA2011,Out-of-pocket expenditure (OOP) per capita in US$,numeric,EUR,Europe,Country,ISL,Iceland,Year,2012,false,,,,,,,,,,,,,698.4,,,,,,698.43,,,EN,2025-12-04T23:00:00.000Z
GHED_OOP_pc_US_SHA2011,Out-of-pocket expenditure (OOP) per capita in US$,numeric,WPR,Western Pacific,Country,SGP,Singapore,Year,2012,false,,,,,,,,,,,,,698.6,,,,,,698.56,,,EN,2025-12-04T23:00:00.000Z
GHED_OOP_pc_US_SHA2011,Out-of-pocket expenditure (OOP) per capita in US$,numeric,EMR,Eastern Mediterranean,Country,JOR,Jordan,Year,2012,false,,,,,,,,,,,,,70.36,,,,,,70.36,,,EN,2025-12-04T23:00:00.000Z
GHED_OOP_pc_US_SHA2011,Out-of-pocket expenditure (OOP) per capita in US$,numeric,EUR,Europe,Country,UZB,Uzbekistan,Year,2012,false,,,,,,,,,,,,,71.96,,,,,,71.96,,,EN,2025-12-04T23:00:00.000Z
GHED_OOP_pc_US_SHA2011,Out-of-pocket expenditure (OOP) per capita in US$,numeric,WPR,Western Pacific,Country,BRN,Brunei Darussalam,Year,2012,false,,,,,,,,,,,,,76.96,,,,,,76.96,,,EN,2025-12-04T23:00:00.000Z
GHED_OOP_pc_US_SHA2011,Out-of-pocket expenditure (OOP) per capita in US$,numeric,AMR,Americas,Country,GUY,Guyana,Year,2012,false,,,,,,,,,,,,,78.53,,,,,,78.53,,,EN,2025-12-04T23:00:00.000Z
GHED_OOP_pc_US_SHA2011,Out-of-pocket expenditure (OOP) per capita in US$,numeric,AMR,Americas,Country,CUB,Cuba,Year,2012,false,,,,,,,,,,,,,79.02,,,,,,79.02,,,EN,2025-12-04T23:00:00.000Z
GHED_OOP_pc_US_SHA2011,Out-of-pocket expenditure (OOP) per capita in US$,numeric,EUR,Europe,Country,FIN,Finland,Year,2012,false,,,,,,,,,,,,,798.6,,,,,,798.57,,,EN,2025-12-04T23:00:00.000Z
GHED_OOP_pc_US_SHA2011,Out-of-pocket expenditure (OOP) per capita in US$,numeric,AFR,Africa,Country,ETH,Ethiopia,Year,2012,false,,,,,,,,,,,,,8.43,,,,,,8.43,,,EN,2025-12-04T23:00:00.000Z
GHED_OOP_pc_US_SHA2011,Out-of-pocket expenditure (OOP) per capita in US$,numeric,AFR,Africa,Country,ZMB,Zambia,Year,2012,false,,,,,,,,,,,,,8.74,,,,,,8.74,,,EN,2025-12-04T23:00:00.000Z
GHED_OOP_pc_US_SHA2011,Out-of-pocket expenditure (OOP) per capita in US$,numeric,EUR,Europe,Country,CYP,Cyprus,Year,2012,false,,,,,,,,,,,,,804.8,,,,,,804.80,,,EN,2025-12-04T23:00:00.000Z
GHED_OOP_pc_US_SHA2011,Out-of-pocket expenditure (OOP) per capita in US$,numeric,EUR,Europe,Country,TUR,Türkiye,Year,2012,false,,,,,,,,,,,,,82.91,,,,,,82.91,,,EN,2025-12-04T23:00:00.000Z
GHED_OOP_pc_US_SHA2011,Out-of-pocket expenditure (OOP) per capita in US$,numeric,AMR,Americas,Country,CAN,Canada,Year,2012,false,,,,,,,,,,,,,827.3,,,,,,827.34,,,EN,2025-12-04T23:00:00.000Z
GHED_OOP_pc_US_SHA2011,Out-of-pocket expenditure (OOP) per capita in US$,numeric,EUR,Europe,Country,DNK,Denmark,Year,2012,false,,,,,,,,,,,,,831.9,,,,,,831.86,,,EN,2025-12-04T23:00:00.000Z
GHED_OOP_pc_US_SHA2011,Out-of-pocket expenditure (OOP) per capita in US$,numeric,EMR,Eastern Mediterranean,Country,EGY,Egypt,Year,2012,false,,,,,,,,,,,,,85.13,,,,,,85.13,,,EN,2025-12-04T23:00:00.000Z
GHED_OOP_pc_US_SHA2011,Out-of-pocket expenditure (OOP) per capita in US$,numeric,WPR,Western Pacific,Country,VUT,Vanuatu,Year,2012,false,,,,,,,,,,,,,9.46,,,,,,9.46,,,EN,2025-12-04T23:00:00.000Z
GHED_OOP_pc_US_SHA2011,Out-of-pocket expenditure (OOP) per capita in US$,numeric,EUR,Europe,Country,ROU,Romania,Year,2012,false,,,,,,,,,,,,,90.09,,,,,,90.09,,,EN,2025-12-04T23:00:00.000Z
GHED_OOP_pc_US_SHA2011,Out-of-pocket expenditure (OOP) per capita in US$,numeric,EMR,Eastern Mediterranean,Country,MAR,Morocco,Year,2012,false,,,,,,,,,,,,,90.75,,,,,,90.75,,,EN,2025-12-04T23:00:00.000Z
GHED_OOP_pc_US_SHA2011,Out-of-pocket expenditure (OOP) per capita in US$,numeric,AMR,Americas,Country,HND,Honduras,Year,2012,false,,,,,,,,,,,,,91.76,,,,,,91.76,,,EN,2025-12-04T23:00:00.000Z
GHED_OOP_pc_US_SHA2011,Out-of-pocket expenditure (OOP) per capita in US$,numeric,AFR,Africa,Country,DZA,Algeria,Year,2012,false,,,,,,,,,,,,,92.56,,,,,,92.56,,,EN,2025-12-04T23:00:00.000Z
GHED_OOP_pc_US_SHA2011,Out-of-pocket expenditure (OOP) per capita in US$,numeric,EUR,Europe,Country,SWE,Sweden,Year,2012,false,,,,,,,,,,,,,929.4,,,,,,929.44,,,EN,2025-12-04T23:00:00.000Z
GHED_OOP_pc_US_SHA2011,Out-of-pocket expenditure (OOP) per capita in US$,numeric,EUR,Europe,Country,MDA,Republic of Moldova,Year,2012,false,,,,,,,,,,,,,94.41,,,,,,94.41,,,EN,2025-12-04T23:00:00.000Z
GHED_OOP_pc_US_SHA2011,Out-of-pocket expenditure (OOP) per capita in US$,numeric,AMR,Americas,Country,VCT,Saint Vincent and the Grenadines,Year,2012,false,,,,,,,,,,,,,95.18,,,,,,95.18,,,EN,2025-12-04T23:00:00.000Z
GHED_OOP_pc_US_SHA2011,Out-of-pocket expenditure (OOP) per capita in US$,numeric,EUR,Europe,Country,AUT,Austria,Year,2012,false,,,,,,,,,,,,,954.1,,,,,,954.09,,,EN,2025-12-04T23:00:00.000Z
GHED_OOP_pc_US_SHA2011,Out-of-pocket expenditure (OOP) per capita in US$,numeric,AMR,Americas,Country,COL,Colombia,Year,2012,false,,,,,,,,,,,,,97.69,,,,,,97.69,,,EN,2025-12-04T23:00:00.000Z
GHED_OOP_pc_US_SHA2011,Out-of-pocket expenditure (OOP) per capita in US$,numeric,EUR,Europe,Country,BEL,Belgium,Year,2012,false,,,,,,,,,,,,,973.2,,,,,,973.24,,,EN,2025-12-04T23:00:00.000Z
GHED_OOP_pc_US_SHA2011,Out-of-pocket expenditure (OOP) per capita in US$,numeric,WPR,Western Pacific,Country,KIR,Kiribati,Year,2011,false,,,,,,,,,,,,,0.93,,,,,,0.93,,,EN,2025-12-04T23:00:00.000Z
GHED_OOP_pc_US_SHA2011,Out-of-pocket expenditure (OOP) per capita in US$,numeric,AFR,Africa,Country,TZA,United Republic of Tanzania,Year,2011,false,,,,,,,,,,,,,10.55,,,,,,10.55,,,EN,2025-12-04T23:00:00.000Z
GHED_OOP_pc_US_SHA2011,Out-of-pocket expenditure (OOP) per capita in US$,numeric,EUR,Europe,Country,AUT,Austria,Year,2011,false,,,,,,,,,,,,,1003,,,,,,1002.59,,,EN,2025-12-04T23:00:00.000Z
GHED_OOP_pc_US_SHA2011,Out-of-pocket expenditure (OOP) per capita in US$,numeric,AMR,Americas,Country,SUR,Suriname,Year,2011,false,,,,,,,,,,,,,102.1,,,,,,102.10,,,EN,2025-12-04T23:00:00.000Z
GHED_OOP_pc_US_SHA2011,Out-of-pocket expenditure (OOP) per capita in US$,numeric,EUR,Europe,Country,BEL,Belgium,Year,2011,false,,,,,,,,,,,,,1026,,,,,,1026.20,,,EN,2025-12-04T23:00:00.000Z
GHED_OOP_pc_US_SHA2011,Out-of-pocket expenditure (OOP) per capita in US$,numeric,EUR,Europe,Country,ROU,Romania,Year,2011,false,,,,,,,,,,,,,103.6,,,,,,103.56,,,EN,2025-12-04T23:00:00.000Z
GHED_OOP_pc_US_SHA2011,Out-of-pocket expenditure (OOP) per capita in US$,numeric,AMR,Americas,Country,DOM,Dominican Republic,Year,2011,false,,,,,,,,,,,,,103.7,,,,,,103.71,,,EN,2025-12-04T23:00:00.000Z
GHED_OOP_pc_US_SHA2011,Out-of-pocket expenditure (OOP) per capita in US$,numeric,AFR,Africa,Country,SYC,Seychelles,Year,2011,false,,,,,,,,,,,,,105.9,,,,,,105.94,,,EN,2025-12-04T23:00:00.000Z
GHED_OOP_pc_US_SHA2011,Out-of-pocket expenditure (OOP) per capita in US$,numeric,AMR,Americas,Country,PER,Peru,Year,2011,false,,,,,,,,,,,,,106.7,,,,,,106.70,,,EN,2025-12-04T23:00:00.000Z
GHED_OOP_pc_US_SHA2011,Out-of-pocket expenditure (OOP) per capita in US$,numeric,EUR,Europe,Country,BLR,Belarus,Year,2011,false,,,,,,,,,,,,,106.7,,,,,,106.75,,,EN,2025-12-04T23:00:00.000Z
GHED_OOP_pc_US_SHA2011,Out-of-pocket expenditure (OOP) per capita in US$,numeric,AFR,Africa,Country,BFA,Burkina Faso,Year,2011,false,,,,,,,,,,,,,11.08,,,,,,11.08,,,EN,2025-12-04T23:00:00.000Z
GHED_OOP_pc_US_SHA2011,Out-of-pocket expenditure (OOP) per capita in US$,numeric,WPR,Western Pacific,Country,FSM,Micronesia (Federated States of),Year,2011,false,,,,,,,,,,,,,11.44,,,,,,11.44,,,EN,2025-12-04T23:00:00.000Z
GHED_OOP_pc_US_SHA2011,Out-of-pocket expenditure (OOP) per capita in US$,numeric,AFR,Africa,Country,CAF,Central African Republic,Year,2011,false,,,,,,,,,,,,,11.5,,,,,,11.50,,,EN,2025-12-04T23:00:00.000Z
GHED_OOP_pc_US_SHA2011,Out-of-pocket expenditure (OOP) per capita in US$,numeric,EUR,Europe,Country,UKR,Ukraine,Year,2011,false,,,,,,,,,,,,,111.2,,,,,,111.23,,,EN,2025-12-04T23:00:00.000Z
GHED_OOP_pc_US_SHA2011,Out-of-pocket expenditure (OOP) per capita in US$,numeric,EMR,Eastern Mediterranean,Country,LBY,Libya,Year,2011,false,,,,,,,,,,,,,111.9,,,,,,111.91,,,EN,2025-12-04T23:00:00.000Z
GHED_OOP_pc_US_SHA2011,Out-of-pocket expenditure (OOP) per capita in US$,numeric,EMR,Eastern Mediterranean,Country,TUN,Tunisia,Year,2011,false,,,,,,,,,,,,,112.6,,,,,,112.55,,,EN,2025-12-04T23:00:00.000Z
GHED_OOP_pc_US_SHA2011,Out-of-pocket expenditure (OOP) per capita in US$,numeric,AMR,Americas,Country,GTM,Guatemala,Year,2011,false,,,,,,,,,,,,,112.6,,,,,,112.60,,,EN,2025-12-04T23:00:00.000Z
GHED_OOP_pc_US_SHA2011,Out-of-pocket expenditure (OOP) per capita in US$,numeric,AMR,Americas,Country,SLV,El Salvador,Year,2011,false,,,,,,,,,,,,,112.8,,,,,,112.77,,,EN,2025-12-04T23:00:00.000Z
GHED_OOP_pc_US_SHA2011,Out-of-pocket expenditure (OOP) per capita in US$,numeric,WPR,Western Pacific,Country,AUS,Australia,Year,2011,false,,,,,,,,,,,,,1127,,,,,,1126.74,,,EN,2025-12-04T23:00:00.000Z
GHED_OOP_pc_US_SHA2011,Out-of-pocket expenditure (OOP) per capita in US$,numeric,EUR,Europe,Country,AZE,Azerbaijan,Year,2011,false,,,,,,,,,,,,,114.9,,,,,,114.92,,,EN,2025-12-04T23:00:00.000Z
GHED_OOP_pc_US_SHA2011,Out-of-pocket expenditure (OOP) per capita in US$,numeric,WPR,Western Pacific,Country,MYS,Malaysia,Year,2011,false,,,,,,,,,,,,,116.8,,,,,,116.82,,,EN,2025-12-04T23:00:00.000Z
GHED_OOP_pc_US_SHA2011,Out-of-pocket expenditure (OOP) per capita in US$,numeric,EUR,Europe,Country,MKD,North Macedonia,Year,2011,false,,,,,,,,,,,,,120,,,,,,119.97,,,EN,2025-12-04T23:00:00.000Z
GHED_OOP_pc_US_SHA2011,Out-of-pocket expenditure (OOP) per capita in US$,numeric,SEAR,South-East Asia,Country,BTN,Bhutan,Year,2011,false,,,,,,,,,,,,,12.71,,,,,,12.71,,,EN,2025-12-04T23:00:00.000Z
GHED_OOP_pc_US_SHA2011,Out-of-pocket expenditure (OOP) per capita in US$,numeric,WPR,Western Pacific,Country,NRU,Nauru,Year,2011,false,,,,,,,,,,,,,12.88,,,,,,12.88,,,EN,2025-12-04T23:00:00.000Z
GHED_OOP_pc_US_SHA2011,Out-of-pocket expenditure (OOP) per capita in US$,numeric,AFR,Africa,Country,ERI,Eritrea,Year,2011,false,,,,,,,,,,,,,12.97,,,,,,12.97,,,EN,2025-12-04T23:00:00.000Z
GHED_OOP_pc_US_SHA2011,Out-of-pocket expenditure (OOP) per capita in US$,numeric,AMR,Americas,Country,JAM,Jamaica,Year,2011,false,,,,,,,,,,,,,127.7,,,,,,127.65,,,EN,2025-12-04T23:00:00.000Z
GHED_OOP_pc_US_SHA2011,Out-of-pocket expenditure (OOP) per capita in US$,numeric,EUR,Europe,Country,BIH,Bosnia and Herzegovina,Year,2011,false,,,,,,,,,,,,,134.7,,,,,,134.66,,,EN,2025-12-04T23:00:00.000Z
GHED_OOP_pc_US_SHA2011,Out-of-pocket expenditure (OOP) per capita in US$,numeric,EUR,Europe,Country,NOR,Norway,Year,2011,false,,,,,,,,,,,,,1354,,,,,,1353.73,,,EN,2025-12-04T23:00:00.000Z
GHED_OOP_pc_US_SHA2011,Out-of-pocket expenditure (OOP) per capita in US$,numeric,EUR,Europe,Country,HRV,Croatia,Year,2011,false,,,,,,,,,,,,,136.8,,,,,,136.78,,,EN,2025-12-04T23:00:00.000Z
GHED_OOP_pc_US_SHA2011,Out-of-pocket expenditure (OOP) per capita in US$,numeric,EMR,Eastern Mediterranean,Country,PSE,"occupied Palestinian territory, including east Jerusalem",Year,2011,false,,,,,,,,,,,,,137.5,,,,,,137.53,,,EN,2025-12-04T23:00:00.000Z
GHED_OOP_pc_US_SHA2011,Out-of-pocket expenditure (OOP) per capita in US$,numeric,AFR,Africa,Country,BEN,Benin,Year,2011,false,,,,,,,,,,,,,14.13,,,,,,14.13,,,EN,2025-12-04T23:00:00.000Z
GHED_OOP_pc_US_SHA2011,Out-of-pocket expenditure (OOP) per capita in US$,numeric,WPR,Western Pacific,Country,LAO,Lao People's Democratic Republic,Year,2011,false,,,,,,,,,,,,,14.27,,,,,,14.27,,,EN,2025-12-04T23:00:00.000Z
GHED_OOP_pc_US_SHA2011,Out-of-pocket expenditure (OOP) per capita in US$,numeric,AFR,Africa,Country,NER,Niger,Year,2011,false,,,,,,,,,,,,,14.34,,,,,,14.34,,,EN,2025-12-04T23:00:00.000Z
GHED_OOP_pc_US_SHA2011,Out-of-pocket expenditure (OOP) per capita in US$,numeric,AFR,Africa,Country,GIN,Guinea,Year,2011,false,,,,,,,,,,,,,14.47,,,,,,14.47,,,EN,2025-12-04T23:00:00.000Z
GHED_OOP_pc_US_SHA2011,Out-of-pocket expenditure (OOP) per capita in US$,numeric,WPR,Western Pacific,Country,TON,Tonga,Year,2011,false,,,,,,,,,,,,,14.9,,,,,,14.90,,,EN,2025-12-04T23:00:00.000Z
GHED_OOP_pc_US_SHA2011,Out-of-pocket expenditure (OOP) per capita in US$,numeric,AMR,Americas,Country,DMA,Dominica,Year,2011,false,,,,,,,,,,,,,142.4,,,,,,142.40,,,EN,2025-12-04T23:00:00.000Z
GHED_OOP_pc_US_SHA2011,Out-of-pocket expenditure (OOP) per capita in US$,numeric,EMR,Eastern Mediterranean,Country,SAU,Saudi Arabia,Year,2011,false,,,,,,,,,,,,,149.1,,,,,,149.09,,,EN,2025-12-04T23:00:00.000Z
GHED_OOP_pc_US_SHA2011,Out-of-pocket expenditure (OOP) per capita in US$,numeric,EMR,Eastern Mediterranean,Country,DJI,Djibouti,Year,2011,false,,,,,,,,,,,,,15,,,,,,15.00,,,EN,2025-12-04T23:00:00.000Z
GHED_OOP_pc_US_SHA2011,Out-of-pocket expenditure (OOP) per capita in US$,numeric,SEAR,South-East Asia,Country,BGD,Bangladesh,Year,2011,false,,,,,,,,,,,,,15.53,,,,,,15.53,,,EN,2025-12-04T23:00:00.000Z
GHED_OOP_pc_US_SHA2011,Out-of-pocket expenditure (OOP) per capita in US$,numeric,AFR,Africa,Country,MLI,Mali,Year,2011,false,,,,,,,,,,,,,15.84,,,,,,15.84,,,EN,2025-12-04T23:00:00.000Z
GHED_OOP_pc_US_SHA2011,Out-of-pocket expenditure (OOP) per capita in US$,numeric,AFR,Africa,Country,GNQ,Equatorial Guinea,Year,2011,false,,,,,,,,,,,,,150.5,,,,,,150.54,,,EN,2025-12-04T23:00:00.000Z
GHED_OOP_pc_US_SHA2011,Out-of-pocket expenditure (OOP) per capita in US$,numeric,AMR,Americas,Country,ECU,Ecuador,Year,2011,false,,,,,,,,,,,,,151.3,,,,,,151.28,,,EN,2025-12-04T23:00:00.000Z
GHED_OOP_pc_US_SHA2011,Out-of-pocket expenditure (OOP) per capita in US$,numeric,AFR,Africa,Country,GNB,Guinea-Bissau,Year,2011,false,,,,,,,,,,,,,16.02,,,,,,16.02,,,EN,2025-12-04T23:00:00.000Z
GHED_OOP_pc_US_SHA2011,Out-of-pocket expenditure (OOP) per capita in US$,numeric,EMR,Eastern Mediterranean,Country,PAK,Pakistan,Year,2011,false,,,,,,,,,,,,,16.35,,,,,,16.35,,,EN,2025-12-04T23:00:00.000Z
GHED_OOP_pc_US_SHA2011,Out-of-pocket expenditure (OOP) per capita in US$,numeric,AFR,Africa,Country,STP,Sao Tome and Principe,Year,2011,false,,,,,,,,,,,,,16.53,,,,,,16.53,,,EN,2025-12-04T23:00:00.000Z
GHED_OOP_pc_US_SHA2011,Out-of-pocket expenditure (OOP) per capita in US$,numeric,WPR,Western Pacific,Country,NIU,Niue,Year,2011,false,,,,,,,,,,,,,16.91,,,,,,16.91,,,EN,2025-12-04T23:00:00.000Z
GHED_OOP_pc_US_SHA2011,Out-of-pocket expenditure (OOP) per capita in US$,numeric,EMR,Eastern Mediterranean,Country,KWT,Kuwait,Year,2011,false,,,,,,,,,,,,,160.8,,,,,,160.77,,,EN,2025-12-04T23:00:00.000Z
GHED_OOP_pc_US_SHA2011,Out-of-pocket expenditure (OOP) per capita in US$,numeric,EUR,Europe,Country,ALB,Albania,Year,2011,false,,,,,,,,,,,,,163.8,,,,,,163.82,,,EN,2025-12-04T23:00:00.000Z
GHED_OOP_pc_US_SHA2011,Out-of-pocket expenditure (OOP) per capita in US$,numeric,AMR,Americas,Country,PRY,Paraguay,Year,2011,false,,,,,,,,,,,,,168.9,,,,,,168.92,,,EN,2025-12-04T23:00:00.000Z
GHED_OOP_pc_US_SHA2011,Out-of-pocket expenditure (OOP) per capita in US$,numeric,AFR,Africa,Country,KEN,Kenya,Year,2011,false,,,,,,,,,,,,,17.66,,,,,,17.66,,,EN,2025-12-04T23:00:00.000Z
GHED_OOP_pc_US_SHA2011,Out-of-pocket expenditure (OOP) per capita in US$,numeric,EUR,Europe,Country,TKM,Turkmenistan,Year,2011,false,,,,,,,,,,,,,173.7,,,,,,173.71,,,EN,2025-12-04T23:00:00.000Z
GHED_OOP_pc_US_SHA2011,Out-of-pocket expenditure (OOP) per capita in US$,numeric,AFR,Africa,Country,UGA,Uganda,Year,2011,false,,,,,,,,,,,,,18.22,,,,,,18.22,,,EN,2025-12-04T23:00:00.000Z
GHED_OOP_pc_US_SHA2011,Out-of-pocket expenditure (OOP) per capita in US$,numeric,AMR,Americas,Country,ATG,Antigua and Barbuda,Year,2011,false,,,,,,,,,,,,,184.9,,,,,,184.87,,,EN,2025-12-04T23:00:00.000Z
GHED_OOP_pc_US_SHA2011,Out-of-pocket expenditure (OOP) per capita in US$,numeric,AFR,Africa,Country,LBR,Liberia,Year,2011,false,,,,,,,,,,,,,19.18,,,,,,19.18,,,EN,2025-12-04T23:00:00.000Z
GHED_OOP_pc_US_SHA2011,Out-of-pocket expenditure (OOP) per capita in US$,numeric,AFR,Africa,Country,BWA,Botswana,Year,2011,false,,,,,,,,,,,,,19.56,,,,,,19.56,,,EN,2025-12-04T23:00:00.000Z
GHED_OOP_pc_US_SHA2011,Out-of-pocket expenditure (OOP) per capita in US$,numeric,SEAR,South-East Asia,Country,NPL,Nepal,Year,2011,false,,,,,,,,,,,,,19.94,,,,,,19.94,,,EN,2025-12-04T23:00:00.000Z
GHED_OOP_pc_US_SHA2011,Out-of-pocket expenditure (OOP) per capita in US$,numeric,AMR,Americas,Country,CRI,Costa Rica,Year,2011,false,,,,,,,,,,,,,194.3,,,,,,194.26,,,EN,2025-12-04T23:00:00.000Z
GHED_OOP_pc_US_SHA2011,Out-of-pocket expenditure (OOP) per capita in US$,numeric,WPR,Western Pacific,Country,PLW,Palau,Year,2011,false,,,,,,,,,,,,,198.5,,,,,,198.50,,,EN,2025-12-04T23:00:00.000Z
GHED_OOP_pc_US_SHA2011,Out-of-pocket expenditure (OOP) per capita in US$,numeric,AFR,Africa,Country,MOZ,Mozambique,Year,2011,false,,,,,,,,,,,,,2.04,,,,,,2.04,,,EN,2025-12-04T23:00:00.000Z
GHED_OOP_pc_US_SHA2011,Out-of-pocket expenditure (OOP) per capita in US$,numeric,AMR,Americas,Country,HTI,Haiti,Year,2011,false,,,,,,,,,,,,,20.12,,,,,,20.12,,,EN,2025-12-04T23:00:00.000Z
GHED_OOP_pc_US_SHA2011,Out-of-pocket expenditure (OOP) per capita in US$,numeric,AFR,Africa,Country,MUS,Mauritius,Year,2011,false,,,,,,,,,,,,,204.7,,,,,,204.73,,,EN,2025-12-04T23:00:00.000Z
GHED_OOP_pc_US_SHA2011,Out-of-pocket expenditure (OOP) per capita in US$,numeric,EUR,Europe,Country,POL,Poland,Year,2011,false,,,,,,,,,,,,,207.5,,,,,,207.47,,,EN,2025-12-04T23:00:00.000Z
GHED_OOP_pc_US_SHA2011,Out-of-pocket expenditure (OOP) per capita in US$,numeric,SEAR,South-East Asia,Country,MMR,Myanmar,Year,2011,false,,,,,,,,,,,,,21.18,,,,,,21.18,,,EN,2025-12-04T23:00:00.000Z
GHED_OOP_pc_US_SHA2011,Out-of-pocket expenditure (OOP) per capita in US$,numeric,AFR,Africa,Country,TGO,Togo,Year,2011,false,,,,,,,,,,,,,21.39,,,,,,21.39,,,EN,2025-12-04T23:00:00.000Z
GHED_OOP_pc_US_SHA2011,Out-of-pocket expenditure (OOP) per capita in US$,numeric,AFR,Africa,Country,AGO,Angola,Year,2011,false,,,,,,,,,,,,,21.97,,,,,,21.97,,,EN,2025-12-04T23:00:00.000Z
GHED_OOP_pc_US_SHA2011,Out-of-pocket expenditure (OOP) per capita in US$,numeric,EUR,Europe,Country,CHE,Switzerland,Year,2011,false,,,,,,,,,,,,,2153,,,,,,2152.92,,,EN,2025-12-04T23:00:00.000Z
GHED_OOP_pc_US_SHA2011,Out-of-pocket expenditure (OOP) per capita in US$,numeric,AMR,Americas,Country,GRD,Grenada,Year,2011,false,,,,,,,,,,,,,218.8,,,,,,218.84,,,EN,2025-12-04T23:00:00.000Z
GHED_OOP_pc_US_SHA2011,Out-of-pocket expenditure (OOP) per capita in US$,numeric,AFR,Africa,Country,LSO,Lesotho,Year,2011,false,,,,,,,,,,,,,22.13,,,,,,22.13,,,EN,2025-12-04T23:00:00.000Z
GHED_OOP_pc_US_SHA2011,Out-of-pocket expenditure (OOP) per capita in US$,numeric,AFR,Africa,Country,TCD,Chad,Year,2011,false,,,,,,,,,,,,,22.7,,,,,,22.70,,,EN,2025-12-04T23:00:00.000Z
GHED_OOP_pc_US_SHA2011,Out-of-pocket expenditure (OOP) per capita in US$,numeric,EUR,Europe,Country,MNE,Montenegro,Year,2011,false,,,,,,,,,,,,,221.8,,,,,,221.81,,,EN,2025-12-04T23:00:00.000Z
GHED_OOP_pc_US_SHA2011,Out-of-pocket expenditure (OOP) per capita in US$,numeric,EUR,Europe,Country,SRB,Serbia,Year,2011,false,,,,,,,,,,,,,225.3,,,,,,225.31,,,EN,2025-12-04T23:00:00.000Z
GHED_OOP_pc_US_SHA2011,Out-of-pocket expenditure (OOP) per capita in US$,numeric,AMR,Americas,Country,PAN,Panama,Year,2011,false,,,,,,,,,,,,,227.2,,,,,,227.18,,,EN,2025-12-04T23:00:00.000Z
GHED_OOP_pc_US_SHA2011,Out-of-pocket expenditure (OOP) per capita in US$,numeric,AMR,Americas,Country,MEX,Mexico,Year,2011,false,,,,,,,,,,,,,230.3,,,,,,230.28,,,EN,2025-12-04T23:00:00.000Z
GHED_OOP_pc_US_SHA2011,Out-of-pocket expenditure (OOP) per capita in US$,numeric,EUR,Europe,Country,RUS,Russian Federation,Year,2011,false,,,,,,,,,,,,,232.9,,,,,,232.88,,,EN,2025-12-04T23:00:00.000Z
GHED_OOP_pc_US_SHA2011,Out-of-pocket expenditure (OOP) per capita in US$,numeric,SEAR,South-East Asia,Country,MDV,Maldives,Year,2011,false,,,,,,,,,,,,,233.4,,,,,,233.44,,,EN,2025-12-04T23:00:00.000Z
GHED_OOP_pc_US_SHA2011,Out-of-pocket expenditure (OOP) per capita in US$,numeric,EUR,Europe,Country,CZE,Czechia,Year,2011,false,,,,,,,,,,,,,234.4,,,,,,234.37,,,EN,2025-12-04T23:00:00.000Z
GHED_OOP_pc_US_SHA2011,Out-of-pocket expenditure (OOP) per capita in US$,numeric,EUR,Europe,Country,GEO,Georgia,Year,2011,false,,,,,,,,,,,,,236.6,,,,,,236.64,,,EN,2025-12-04T23:00:00.000Z
GHED_OOP_pc_US_SHA2011,Out-of-pocket expenditure (OOP) per capita in US$,numeric,EUR,Europe,Country,EST,Estonia,Year,2011,false,,,,,,,,,,,,,239,,,,,,239.05,,,EN,2025-12-04T23:00:00.000Z
GHED_OOP_pc_US_SHA2011,Out-of-pocket expenditure (OOP) per capita in US$,numeric,AFR,Africa,Country,COG,Congo,Year,2011,false,,,,,,,,,,,,,24.45,,,,,,24.45,,,EN,2025-12-04T23:00:00.000Z
GHED_OOP_pc_US_SHA2011,Out-of-pocket expenditure (OOP) per capita in US$,numeric,SEAR,South-East Asia,Country,THA,Thailand,Year,2011,false,,,,,,,,,,,,,24.94,,,,,,24.94,,,EN,2025-12-04T23:00:00.000Z
GHED_OOP_pc_US_SHA2011,Out-of-pocket expenditure (OOP) per capita in US$,numeric,AMR,Americas,Country,URY,Uruguay,Year,2011,false,,,,,,,,,,,,,241.9,,,,,,241.90,,,EN,2025-12-04T23:00:00.000Z
GHED_OOP_pc_US_SHA2011,Out-of-pocket expenditure (OOP) per capita in US$,numeric,EMR,Eastern Mediterranean,Country,BHR,Bahrain,Year,2011,false,,,,,,,,,,,,,242.6,,,,,,242.55,,,EN,2025-12-04T23:00:00.000Z
GHED_OOP_pc_US_SHA2011,Out-of-pocket expenditure (OOP) per capita in US$,numeric,EUR,Europe,Country,BGR,Bulgaria,Year,2011,false,,,,,,,,,,,,,247.2,,,,,,247.16,,,EN,2025-12-04T23:00:00.000Z
GHED_OOP_pc_US_SHA2011,Out-of-pocket expenditure (OOP) per capita in US$,numeric,EMR,Eastern Mediterranean,Country,QAT,Qatar,Year,2011,false,,,,,,,,,,,,,250.3,,,,,,250.31,,,EN,2025-12-04T23:00:00.000Z
GHED_OOP_pc_US_SHA2011,Out-of-pocket expenditure (OOP) per capita in US$,numeric,AMR,Americas,Country,LCA,Saint Lucia,Year,2011,false,,,,,,,,,,,,,254.3,,,,,,254.32,,,EN,2025-12-04T23:00:00.000Z
GHED_OOP_pc_US_SHA2011,Out-of-pocket expenditure (OOP) per capita in US$,numeric,EUR,Europe,Country,ARM,Armenia,Year,2011,false,,,,,,,,,,,,,255.1,,,,,,255.09,,,EN,2025-12-04T23:00:00.000Z
GHED_OOP_pc_US_SHA2011,Out-of-pocket expenditure (OOP) per capita in US$,numeric,EMR,Eastern Mediterranean,Country,LBN,Lebanon,Year,2011,false,,,,,,,,,,,,,257.5,,,,,,257.47,,,EN,2025-12-04T23:00:00.000Z
GHED_OOP_pc_US_SHA2011,Out-of-pocket expenditure (OOP) per capita in US$,numeric,WPR,Western Pacific,Country,WSM,Samoa,Year,2011,false,,,,,,,,,,,,,26.07,,,,,,26.07,,,EN,2025-12-04T23:00:00.000Z
GHED_OOP_pc_US_SHA2011,Out-of-pocket expenditure (OOP) per capita in US$,numeric,WPR,Western Pacific,Country,COK,Cook Islands,Year,2011,false,,,,,,,,,,,,,26.42,,,,,,26.42,,,EN,2025-12-04T23:00:00.000Z
GHED_OOP_pc_US_SHA2011,Out-of-pocket expenditure (OOP) per capita in US$,numeric,EUR,Europe,Country,LTU,Lithuania,Year,2011,false,,,,,,,,,,,,,261.2,,,,,,261.18,,,EN,2025-12-04T23:00:00.000Z
GHED_OOP_pc_US_SHA2011,Out-of-pocket expenditure (OOP) per capita in US$,numeric,EUR,Europe,Country,SVN,Slovenia,Year,2011,false,,,,,,,,,,,,,262,,,,,,261.96,,,EN,2025-12-04T23:00:00.000Z
GHED_OOP_pc_US_SHA2011,Out-of-pocket expenditure (OOP) per capita in US$,numeric,EUR,Europe,Country,LVA,Latvia,Year,2011,false,,,,,,,,,,,,,262.2,,,,,,262.23,,,EN,2025-12-04T23:00:00.000Z
GHED_OOP_pc_US_SHA2011,Out-of-pocket expenditure (OOP) per capita in US$,numeric,AFR,Africa,Country,MRT,Mauritania,Year,2011,false,,,,,,,,,,,,,27.89,,,,,,27.89,,,EN,2025-12-04T23:00:00.000Z
GHED_OOP_pc_US_SHA2011,Out-of-pocket expenditure (OOP) per capita in US$,numeric,AFR,Africa,Country,SEN,Senegal,Year,2011,false,,,,,,,,,,,,,29.43,,,,,,29.43,,,EN,2025-12-04T23:00:00.000Z
GHED_OOP_pc_US_SHA2011,Out-of-pocket expenditure (OOP) per capita in US$,numeric,AFR,Africa,Country,SLE,Sierra Leone,Year,2011,false,,,,,,,,,,,,,29.89,,,,,,29.89,,,EN,2025-12-04T23:00:00.000Z
GHED_OOP_pc_US_SHA2011,Out-of-pocket expenditure (OOP) per capita in US$,numeric,SEAR,South-East Asia,Country,IND,India,Year,2011,false,,,,,,,,,,,,,29.98,,,,,,29.98,,,EN,2025-12-04T23:00:00.000Z
GHED_OOP_pc_US_SHA2011,Out-of-pocket expenditure (OOP) per capita in US$,numeric,EMR,Eastern Mediterranean,Country,IRN,Iran (Islamic Republic of),Year,2011,false,,,,,,,,,,,,,290.7,,,,,,290.68,,,EN,2025-12-04T23:00:00.000Z
GHED_OOP_pc_US_SHA2011,Out-of-pocket expenditure (OOP) per capita in US$,numeric,WPR,Western Pacific,Country,SLB,Solomon Islands,Year,2011,false,,,,,,,,,,,,,3.09,,,,,,3.09,,,EN,2025-12-04T23:00:00.000Z
GHED_OOP_pc_US_SHA2011,Out-of-pocket expenditure (OOP) per capita in US$,numeric,AFR,Africa,Country,MWI,Malawi,Year,2011,false,,,,,,,,,,,,,3.52,,,,,,3.52,,,EN,2025-12-04T23:00:00.000Z
GHED_OOP_pc_US_SHA2011,Out-of-pocket expenditure (OOP) per capita in US$,numeric,AFR,Africa,Country,GHA,Ghana,Year,2011,false,,,,,,,,,,,,,30.26,,,,,,30.26,,,EN,2025-12-04T23:00:00.000Z
GHED_OOP_pc_US_SHA2011,Out-of-pocket expenditure (OOP) per capita in US$,numeric,EUR,Europe,Country,TJK,Tajikistan,Year,2011,false,,,,,,,,,,,,,30.55,,,,,,30.55,,,EN,2025-12-04T23:00:00.000Z
GHED_OOP_pc_US_SHA2011,Out-of-pocket expenditure (OOP) per capita in US$,numeric,EUR,Europe,Country,HUN,Hungary,Year,2011,false,,,,,,,,,,,,,300.1,,,,,,300.06,,,EN,2025-12-04T23:00:00.000Z
GHED_OOP_pc_US_SHA2011,Out-of-pocket expenditure (OOP) per capita in US$,numeric,EMR,Eastern Mediterranean,Country,ARE,United Arab Emirates,Year,2011,false,,,,,,,,,,,,,301.8,,,,,,301.82,,,EN,2025-12-04T23:00:00.000Z
GHED_OOP_pc_US_SHA2011,Out-of-pocket expenditure (OOP) per capita in US$,numeric,AMR,Americas,Country,BRA,Brazil,Year,2011,false,,,,,,,,,,,,,305.7,,,,,,305.70,,,EN,2025-12-04T23:00:00.000Z
GHED_OOP_pc_US_SHA2011,Out-of-pocket expenditure (OOP) per capita in US$,numeric,AFR,Africa,Country,ZWE,Zimbabwe,Year,2011,false,,,,,,,,,,,,,31.2,,,,,,31.20,,,EN,2025-12-04T23:00:00.000Z
GHED_OOP_pc_US_SHA2011,Out-of-pocket expenditure (OOP) per capita in US$,numeric,EUR,Europe,Country,SVK,Slovakia,Year,2011,false,,,,,,,,,,,,,318.8,,,,,,318.79,,,EN,2025-12-04T23:00:00.000Z
GHED_OOP_pc_US_SHA2011,Out-of-pocket expenditure (OOP) per capita in US$,numeric,AMR,Americas,Country,ARG,Argentina,Year,2011,false,,,,,,,,,,,,,321.8,,,,,,321.78,,,EN,2025-12-04T23:00:00.000Z
GHED_OOP_pc_US_SHA2011,Out-of-pocket expenditure (OOP) per capita in US$,numeric,WPR,Western Pacific,Country,VNM,Viet Nam,Year,2011,false,,,,,,,,,,,,,33.66,,,,,,33.66,,,EN,2025-12-04T23:00:00.000Z
GHED_OOP_pc_US_SHA2011,Out-of-pocket expenditure (OOP) per capita in US$,numeric,AMR,Americas,Country,CHL,Chile,Year,2011,false,,,,,,,,,,,,,339.6,,,,,,339.63,,,EN,2025-12-04T23:00:00.000Z
GHED_OOP_pc_US_SHA2011,Out-of-pocket expenditure (OOP) per capita in US$,numeric,EUR,Europe,Country,KGZ,Kyrgyzstan,Year,2011,false,,,,,,,,,,,,,34.28,,,,,,34.28,,,EN,2025-12-04T23:00:00.000Z
GHED_OOP_pc_US_SHA2011,Out-of-pocket expenditure (OOP) per capita in US$,numeric,WPR,Western Pacific,Country,FJI,Fiji,Year,2011,false,,,,,,,,,,,,,35.68,,,,,,35.68,,,EN,2025-12-04T23:00:00.000Z
GHED_OOP_pc_US_SHA2011,Out-of-pocket expenditure (OOP) per capita in US$,numeric,EMR,Eastern Mediterranean,Country,AFG,Afghanistan,Year,2011,false,,,,,,,,,,,,,38.23,,,,,,38.23,,,EN,2025-12-04T23:00:00.000Z
GHED_OOP_pc_US_SHA2011,Out-of-pocket expenditure (OOP) per capita in US$,numeric,AFR,Africa,Country,SWZ,Eswatini,Year,2011,false,,,,,,,,,,,,,38.29,,,,,,38.29,,,EN,2025-12-04T23:00:00.000Z
GHED_OOP_pc_US_SHA2011,Out-of-pocket expenditure (OOP) per capita in US$,numeric,WPR,Western Pacific,Country,TUV,Tuvalu,Year,2011,false,,,,,,,,,,,,,38.64,,,,,,38.64,,,EN,2025-12-04T23:00:00.000Z
GHED_OOP_pc_US_SHA2011,Out-of-pocket expenditure (OOP) per capita in US$,numeric,AMR,Americas,Country,BOL,Bolivia (Plurinational State of),Year,2011,false,,,,,,,,,,,,,38.94,,,,,,38.94,,,EN,2025-12-04T23:00:00.000Z
GHED_OOP_pc_US_SHA2011,Out-of-pocket expenditure (OOP) per capita in US$,numeric,WPR,Western Pacific,Country,KHM,Cambodia,Year,2011,false,,,,,,,,,,,,,39.06,,,,,,39.06,,,EN,2025-12-04T23:00:00.000Z
GHED_OOP_pc_US_SHA2011,Out-of-pocket expenditure (OOP) per capita in US$,numeric,EMR,Eastern Mediterranean,Country,SYR,Syrian Arab Republic,Year,2011,false,,,,,,,,,,,,,39.69,,,,,,39.69,,,EN,2025-12-04T23:00:00.000Z
GHED_OOP_pc_US_SHA2011,Out-of-pocket expenditure (OOP) per capita in US$,numeric,AMR,Americas,Country,TTO,Trinidad and Tobago,Year,2011,false,,,,,,,,,,,,,391.2,,,,,,391.23,,,EN,2025-12-04T23:00:00.000Z
GHED_OOP_pc_US_SHA2011,Out-of-pocket expenditure (OOP) per capita in US$,numeric,AFR,Africa,Country,COD,Democratic Republic of the Congo,Year,2011,false,,,,,,,,,,,,,4.62,,,,,,4.62,,,EN,2025-12-04T23:00:00.000Z
GHED_OOP_pc_US_SHA2011,Out-of-pocket expenditure (OOP) per capita in US$,numeric,AFR,Africa,Country,CIV,Cote d'Ivoire,Year,2011,false,,,,,,,,,,,,,40.25,,,,,,40.25,,,EN,2025-12-04T23:00:00.000Z
GHED_OOP_pc_US_SHA2011,Out-of-pocket expenditure (OOP) per capita in US$,numeric,EMR,Eastern Mediterranean,Country,IRQ,Iraq,Year,2011,false,,,,,,,,,,,,,40.52,,,,,,40.52,,,EN,2025-12-04T23:00:00.000Z
GHED_OOP_pc_US_SHA2011,Out-of-pocket expenditure (OOP) per capita in US$,numeric,AFR,Africa,Country,CMR,Cameroon,Year,2011,false,,,,,,,,,,,,,40.63,,,,,,40.63,,,EN,2025-12-04T23:00:00.000Z
GHED_OOP_pc_US_SHA2011,Out-of-pocket expenditure (OOP) per capita in US$,numeric,AFR,Africa,Country,CPV,Cabo Verde,Year,2011,false,,,,,,,,,,,,,40.67,,,,,,40.67,,,EN,2025-12-04T23:00:00.000Z
GHED_OOP_pc_US_SHA2011,Out-of-pocket expenditure (OOP) per capita in US$,numeric,AMR,Americas,Country,BHS,Bahamas,Year,2011,false,,,,,,,,,,,,,403.3,,,,,,403.32,,,EN,2025-12-04T23:00:00.000Z
GHED_OOP_pc_US_SHA2011,Out-of-pocket expenditure (OOP) per capita in US$,numeric,EMR,Eastern Mediterranean,Country,YEM,Yemen,Year,2011,false,,,,,,,,,,,,,41.02,,,,,,41.02,,,EN,2025-12-04T23:00:00.000Z
GHED_OOP_pc_US_SHA2011,Out-of-pocket expenditure (OOP) per capita in US$,numeric,WPR,Western Pacific,Country,NZL,New Zealand,Year,2011,false,,,,,,,,,,,,,411.2,,,,,,411.23,,,EN,2025-12-04T23:00:00.000Z
GHED_OOP_pc_US_SHA2011,Out-of-pocket expenditure (OOP) per capita in US$,numeric,EUR,Europe,Country,AND,Andorra,Year,2011,false,,,,,,,,,,,,,419.6,,,,,,419.59,,,EN,2025-12-04T23:00:00.000Z
GHED_OOP_pc_US_SHA2011,Out-of-pocket expenditure (OOP) per capita in US$,numeric,WPR,Western Pacific,Country,MNG,Mongolia,Year,2011,false,,,,,,,,,,,,,43.52,,,,,,43.52,,,EN,2025-12-04T23:00:00.000Z
GHED_OOP_pc_US_SHA2011,Out-of-pocket expenditure (OOP) per capita in US$,numeric,AMR,Americas,Country,NIC,Nicaragua,Year,2011,false,,,,,,,,,,,,,47.34,,,,,,47.34,,,EN,2025-12-04T23:00:00.000Z
GHED_OOP_pc_US_SHA2011,Out-of-pocket expenditure (OOP) per capita in US$,numeric,EUR,Europe,Country,MCO,Monaco,Year,2011,false,,,,,,,,,,,,,475.3,,,,,,475.26,,,EN,2025-12-04T23:00:00.000Z
GHED_OOP_pc_US_SHA2011,Out-of-pocket expenditure (OOP) per capita in US$,numeric,AMR,Americas,Country,BRB,Barbados,Year,2011,false,,,,,,,,,,,,,490.9,,,,,,490.93,,,EN,2025-12-04T23:00:00.000Z
GHED_OOP_pc_US_SHA2011,Out-of-pocket expenditure (OOP) per capita in US$,numeric,AFR,Africa,Country,RWA,Rwanda,Year,2011,false,,,,,,,,,,,,,5.58,,,,,,5.58,,,EN,2025-12-04T23:00:00.000Z
GHED_OOP_pc_US_SHA2011,Out-of-pocket expenditure (OOP) per capita in US$,numeric,AFR,Africa,Country,BDI,Burundi,Year,2011,false,,,,,,,,,,,,,5.9,,,,,,5.90,,,EN,2025-12-04T23:00:00.000Z
GHED_OOP_pc_US_SHA2011,Out-of-pocket expenditure (OOP) per capita in US$,numeric,AFR,Africa,Country,GMB,Gambia,Year,2011,false,,,,,,,,,,,,,5.97,,,,,,5.97,,,EN,2025-12-04T23:00:00.000Z
GHED_OOP_pc_US_SHA2011,Out-of-pocket expenditure (OOP) per capita in US$,numeric,AMR,Americas,Country,KNA,Saint Kitts and Nevis,Year,2011,false,,,,,,,,,,,,,511.2,,,,,,511.21,,,EN,2025-12-04T23:00:00.000Z
GHED_OOP_pc_US_SHA2011,Out-of-pocket expenditure (OOP) per capita in US$,numeric,EUR,Europe,Country,SMR,San Marino,Year,2011,false,,,,,,,,,,,,,511.7,,,,,,511.71,,,EN,2025-12-04T23:00:00.000Z
GHED_OOP_pc_US_SHA2011,Out-of-pocket expenditure (OOP) per capita in US$,numeric,AFR,Africa,Country,COM,Comoros,Year,2011,false,,,,,,,,,,,,,52,,,,,,52.00,,,EN,2025-12-04T23:00:00.000Z
GHED_OOP_pc_US_SHA2011,Out-of-pocket expenditure (OOP) per capita in US$,numeric,EMR,Eastern Mediterranean,Country,SDN,Sudan,Year,2011,false,,,,,,,,,,,,,52.99,,,,,,52.99,,,EN,2025-12-04T23:00:00.000Z
GHED_OOP_pc_US_SHA2011,Out-of-pocket expenditure (OOP) per capita in US$,numeric,EUR,Europe,Country,NLD,Netherlands (Kingdom of the),Year,2011,false,,,,,,,,,,,,,527.4,,,,,,527.42,,,EN,2025-12-04T23:00:00.000Z
GHED_OOP_pc_US_SHA2011,Out-of-pocket expenditure (OOP) per capita in US$,numeric,AFR,Africa,Country,ZAF,South Africa,Year,2011,false,,,,,,,,,,,,,53.24,,,,,,53.24,,,EN,2025-12-04T23:00:00.000Z
GHED_OOP_pc_US_SHA2011,Out-of-pocket expenditure (OOP) per capita in US$,numeric,EUR,Europe,Country,GBR,United Kingdom of Great Britain and Northern Ireland,Year,2011,false,,,,,,,,,,,,,550.3,,,,,,550.30,,,EN,2025-12-04T23:00:00.000Z
GHED_OOP_pc_US_SHA2011,Out-of-pocket expenditure (OOP) per capita in US$,numeric,WPR,Western Pacific,Country,PHL,Philippines,Year,2011,false,,,,,,,,,,,,,56.51,,,,,,56.51,,,EN,2025-12-04T23:00:00.000Z
GHED_OOP_pc_US_SHA2011,Out-of-pocket expenditure (OOP) per capita in US$,numeric,EUR,Europe,Country,FRA,France,Year,2011,false,,,,,,,,,,,,,565.3,,,,,,565.29,,,EN,2025-12-04T23:00:00.000Z
GHED_OOP_pc_US_SHA2011,Out-of-pocket expenditure (OOP) per capita in US$,numeric,AFR,Africa,Country,NAM,Namibia,Year,2011,false,,,,,,,,,,,,,58.26,,,,,,58.26,,,EN,2025-12-04T23:00:00.000Z
GHED_OOP_pc_US_SHA2011,Out-of-pocket expenditure (OOP) per capita in US$,numeric,EUR,Europe,Country,ISR,Israel,Year,2011,false,,,,,,,,,,,,,580.3,,,,,,580.27,,,EN,2025-12-04T23:00:00.000Z
GHED_OOP_pc_US_SHA2011,Out-of-pocket expenditure (OOP) per capita in US$,numeric,SEAR,South-East Asia,Country,LKA,Sri Lanka,Year,2011,false,,,,,,,,,,,,,59.17,,,,,,59.17,,,EN,2025-12-04T23:00:00.000Z
GHED_OOP_pc_US_SHA2011,Out-of-pocket expenditure (OOP) per capita in US$,numeric,AFR,Africa,Country,NGA,Nigeria,Year,2011,false,,,,,,,,,,,,,59.96,,,,,,59.96,,,EN,2025-12-04T23:00:00.000Z
GHED_OOP_pc_US_SHA2011,Out-of-pocket expenditure (OOP) per capita in US$,numeric,WPR,Western Pacific,Country,MHL,Marshall Islands,Year,2011,false,,,,,,,,,,,,,6.24,,,,,,6.24,,,EN,2025-12-04T23:00:00.000Z
GHED_OOP_pc_US_SHA2011,Out-of-pocket expenditure (OOP) per capita in US$,numeric,AFR,Africa,Country,MDG,Madagascar,Year,2011,false,,,,,,,,,,,,,6.4,,,,,,6.40,,,EN,2025-12-04T23:00:00.000Z
GHED_OOP_pc_US_SHA2011,Out-of-pocket expenditure (OOP) per capita in US$,numeric,SEAR,South-East Asia,Country,TLS,Timor-Leste,Year,2011,false,,,,,,,,,,,,,6.4,,,,,,6.40,,,EN,2025-12-04T23:00:00.000Z
GHED_OOP_pc_US_SHA2011,Out-of-pocket expenditure (OOP) per capita in US$,numeric,WPR,Western Pacific,Country,PNG,Papua New Guinea,Year,2011,false,,,,,,,,,,,,,6.43,,,,,,6.43,,,EN,2025-12-04T23:00:00.000Z
GHED_OOP_pc_US_SHA2011,Out-of-pocket expenditure (OOP) per capita in US$,numeric,AFR,Africa,Country,ETH,Ethiopia,Year,2011,false,,,,,,,,,,,,,6.81,,,,,,6.81,,,EN,2025-12-04T23:00:00.000Z
GHED_OOP_pc_US_SHA2011,Out-of-pocket expenditure (OOP) per capita in US$,numeric,WPR,Western Pacific,Country,IDN,Indonesia,Year,2011,false,,,,,,,,,,,,,60.16,,,,,,60.16,,,EN,2025-12-04T23:00:00.000Z
GHED_OOP_pc_US_SHA2011,Out-of-pocket expenditure (OOP) per capita in US$,numeric,AMR,Americas,Country,BLZ,Belize,Year,2011,false,,,,,,,,,,,,,60.77,,,,,,60.77,,,EN,2025-12-04T23:00:00.000Z
GHED_OOP_pc_US_SHA2011,Out-of-pocket expenditure (OOP) per capita in US$,numeric,EUR,Europe,Country,PRT,Portugal,Year,2011,false,,,,,,,,,,,,,601.3,,,,,,601.31,,,EN,2025-12-04T23:00:00.000Z
GHED_OOP_pc_US_SHA2011,Out-of-pocket expenditure (OOP) per capita in US$,numeric,EMR,Eastern Mediterranean,Country,OMN,Oman,Year,2011,false,,,,,,,,,,,,,61.05,,,,,,61.05,,,EN,2025-12-04T23:00:00.000Z
GHED_OOP_pc_US_SHA2011,Out-of-pocket expenditure (OOP) per capita in US$,numeric,WPR,Western Pacific,Country,KOR,Republic of Korea,Year,2011,false,,,,,,,,,,,,,611.8,,,,,,611.77,,,EN,2025-12-04T23:00:00.000Z
GHED_OOP_pc_US_SHA2011,Out-of-pocket expenditure (OOP) per capita in US$,numeric,EUR,Europe,Country,UZB,Uzbekistan,Year,2011,false,,,,,,,,,,,,,63.92,,,,,,63.92,,,EN,2025-12-04T23:00:00.000Z
GHED_OOP_pc_US_SHA2011,Out-of-pocket expenditure (OOP) per capita in US$,numeric,EUR,Europe,Country,ESP,Spain,Year,2011,false,,,,,,,,,,,,,636.4,,,,,,636.42,,,EN,2025-12-04T23:00:00.000Z
GHED_OOP_pc_US_SHA2011,Out-of-pocket expenditure (OOP) per capita in US$,numeric,AMR,Americas,Country,GUY,Guyana,Year,2011,false,,,,,,,,,,,,,64.79,,,,,,64.79,,,EN,2025-12-04T23:00:00.000Z
GHED_OOP_pc_US_SHA2011,Out-of-pocket expenditure (OOP) per capita in US$,numeric,EUR,Europe,Country,MLT,Malta,Year,2011,false,,,,,,,,,,,,,650.7,,,,,,650.71,,,EN,2025-12-04T23:00:00.000Z
GHED_OOP_pc_US_SHA2011,Out-of-pocket expenditure (OOP) per capita in US$,numeric,EUR,Europe,Country,DEU,Germany,Year,2011,false,,,,,,,,,,,,,668.3,,,,,,668.32,,,EN,2025-12-04T23:00:00.000Z
GHED_OOP_pc_US_SHA2011,Out-of-pocket expenditure (OOP) per capita in US$,numeric,WPR,Western Pacific,Country,JPN,Japan,Year,2011,false,,,,,,,,,,,,,669.6,,,,,,669.65,,,EN,2025-12-04T23:00:00.000Z
GHED_OOP_pc_US_SHA2011,Out-of-pocket expenditure (OOP) per capita in US$,numeric,EMR,Eastern Mediterranean,Country,JOR,Jordan,Year,2011,false,,,,,,,,,,,,,67.22,,,,,,67.22,,,EN,2025-12-04T23:00:00.000Z
GHED_OOP_pc_US_SHA2011,Out-of-pocket expenditure (OOP) per capita in US$,numeric,WPR,Western Pacific,Country,SGP,Singapore,Year,2011,false,,,,,,,,,,,,,672.6,,,,,,672.60,,,EN,2025-12-04T23:00:00.000Z
GHED_OOP_pc_US_SHA2011,Out-of-pocket expenditure (OOP) per capita in US$,numeric,AFR,Africa,Country,ZMB,Zambia,Year,2011,false,,,,,,,,,,,,,7.84,,,,,,7.84,,,EN,2025-12-04T23:00:00.000Z
GHED_OOP_pc_US_SHA2011,Out-of-pocket expenditure (OOP) per capita in US$,numeric,EMR,Eastern Mediterranean,Country,EGY,Egypt,Year,2011,false,,,,,,,,,,,,,70.31,,,,,,70.31,,,EN,2025-12-04T23:00:00.000Z
GHED_OOP_pc_US_SHA2011,Out-of-pocket expenditure (OOP) per capita in US$,numeric,EUR,Europe,Country,KAZ,Kazakhstan,Year,2011,false,,,,,,,,,,,,,72.25,,,,,,72.25,,,EN,2025-12-04T23:00:00.000Z
GHED_OOP_pc_US_SHA2011,Out-of-pocket expenditure (OOP) per capita in US$,numeric,AFR,Africa,Country,GAB,Gabon,Year,2011,false,,,,,,,,,,,,,72.48,,,,,,72.48,,,EN,2025-12-04T23:00:00.000Z
GHED_OOP_pc_US_SHA2011,Out-of-pocket expenditure (OOP) per capita in US$,numeric,EUR,Europe,Country,ISL,Iceland,Year,2011,false,,,,,,,,,,,,,723.9,,,,,,723.93,,,EN,2025-12-04T23:00:00.000Z
GHED_OOP_pc_US_SHA2011,Out-of-pocket expenditure (OOP) per capita in US$,numeric,EUR,Europe,Country,GRC,Greece,Year,2011,false,,,,,,,,,,,,,728.8,,,,,,728.77,,,EN,2025-12-04T23:00:00.000Z
GHED_OOP_pc_US_SHA2011,Out-of-pocket expenditure (OOP) per capita in US$,numeric,WPR,Western Pacific,Country,BRN,Brunei Darussalam,Year,2011,false,,,,,,,,,,,,,73.25,,,,,,73.25,,,EN,2025-12-04T23:00:00.000Z
GHED_OOP_pc_US_SHA2011,Out-of-pocket expenditure (OOP) per capita in US$,numeric,EUR,Europe,Country,ITA,Italy,Year,2011,false,,,,,,,,,,,,,739.9,,,,,,739.88,,,EN,2025-12-04T23:00:00.000Z
GHED_OOP_pc_US_SHA2011,Out-of-pocket expenditure (OOP) per capita in US$,numeric,AMR,Americas,Country,CUB,Cuba,Year,2011,false,,,,,,,,,,,,,75.26,,,,,,75.26,,,EN,2025-12-04T23:00:00.000Z
GHED_OOP_pc_US_SHA2011,Out-of-pocket expenditure (OOP) per capita in US$,numeric,EUR,Europe,Country,IRL,Ireland,Year,2011,false,,,,,,,,,,,,,752.2,,,,,,752.24,,,EN,2025-12-04T23:00:00.000Z
GHED_OOP_pc_US_SHA2011,Out-of-pocket expenditure (OOP) per capita in US$,numeric,AMR,Americas,Country,COL,Colombia,Year,2011,false,,,,,,,,,,,,,76.86,,,,,,76.86,,,EN,2025-12-04T23:00:00.000Z
GHED_OOP_pc_US_SHA2011,Out-of-pocket expenditure (OOP) per capita in US$,numeric,EUR,Europe,Country,LUX,Luxembourg,Year,2011,false,,,,,,,,,,,,,780.7,,,,,,780.66,,,EN,2025-12-04T23:00:00.000Z
GHED_OOP_pc_US_SHA2011,Out-of-pocket expenditure (OOP) per capita in US$,numeric,AFR,Africa,Country,DZA,Algeria,Year,2011,false,,,,,,,,,,,,,79.58,,,,,,79.58,,,EN,2025-12-04T23:00:00.000Z
GHED_OOP_pc_US_SHA2011,Out-of-pocket expenditure (OOP) per capita in US$,numeric,AMR,Americas,Country,CAN,Canada,Year,2011,false,,,,,,,,,,,,,818.8,,,,,,818.83,,,EN,2025-12-04T23:00:00.000Z
GHED_OOP_pc_US_SHA2011,Out-of-pocket expenditure (OOP) per capita in US$,numeric,AMR,Americas,Country,HND,Honduras,Year,2011,false,,,,,,,,,,,,,83.49,,,,,,83.49,,,EN,2025-12-04T23:00:00.000Z
GHED_OOP_pc_US_SHA2011,Out-of-pocket expenditure (OOP) per capita in US$,numeric,EUR,Europe,Country,TUR,Türkiye,Year,2011,false,,,,,,,,,,,,,83.59,,,,,,83.59,,,EN,2025-12-04T23:00:00.000Z
GHED_OOP_pc_US_SHA2011,Out-of-pocket expenditure (OOP) per capita in US$,numeric,EUR,Europe,Country,FIN,Finland,Year,2011,false,,,,,,,,,,,,,856.3,,,,,,856.32,,,EN,2025-12-04T23:00:00.000Z
GHED_OOP_pc_US_SHA2011,Out-of-pocket expenditure (OOP) per capita in US$,numeric,EUR,Europe,Country,CYP,Cyprus,Year,2011,false,,,,,,,,,,,,,874.9,,,,,,874.94,,,EN,2025-12-04T23:00:00.000Z
GHED_OOP_pc_US_SHA2011,Out-of-pocket expenditure (OOP) per capita in US$,numeric,EUR,Europe,Country,DNK,Denmark,Year,2011,false,,,,,,,,,,,,,893.1,,,,,,893.13,,,EN,2025-12-04T23:00:00.000Z
GHED_OOP_pc_US_SHA2011,Out-of-pocket expenditure (OOP) per capita in US$,numeric,WPR,Western Pacific,Country,VUT,Vanuatu,Year,2011,false,,,,,,,,,,,,,9.69,,,,,,9.69,,,EN,2025-12-04T23:00:00.000Z
GHED_OOP_pc_US_SHA2011,Out-of-pocket expenditure (OOP) per capita in US$,numeric,AMR,Americas,Country,VCT,Saint Vincent and the Grenadines,Year,2011,false,,,,,,,,,,,,,90.19,,,,,,90.19,,,EN,2025-12-04T23:00:00.000Z
GHED_OOP_pc_US_SHA2011,Out-of-pocket expenditure (OOP) per capita in US$,numeric,EUR,Europe,Country,SWE,Sweden,Year,2011,false,,,,,,,,,,,,,924.2,,,,,,924.25,,,EN,2025-12-04T23:00:00.000Z
GHED_OOP_pc_US_SHA2011,Out-of-pocket expenditure (OOP) per capita in US$,numeric,EUR,Europe,Country,MDA,Republic of Moldova,Year,2011,false,,,,,,,,,,,,,96.3,,,,,,96.30,,,EN,2025-12-04T23:00:00.000Z
GHED_OOP_pc_US_SHA2011,Out-of-pocket expenditure (OOP) per capita in US$,numeric,WPR,Western Pacific,Country,CHN,China,Year,2011,false,,,,,,,,,,,,,96.31,,,,,,96.31,,,EN,2025-12-04T23:00:00.000Z
GHED_OOP_pc_US_SHA2011,Out-of-pocket expenditure (OOP) per capita in US$,numeric,EMR,Eastern Mediterranean,Country,MAR,Morocco,Year,2011,false,,,,,,,,,,,,,97.09,,,,,,97.09,,,EN,2025-12-04T23:00:00.000Z
GHED_OOP_pc_US_SHA2011,Out-of-pocket expenditure (OOP) per capita in US$,numeric,AMR,Americas,Country,USA,United States of America,Year,2011,false,,,,,,,,,,,,,987.6,,,,,,987.55,,,EN,2025-12-04T23:00:00.000Z
GHED_OOP_pc_US_SHA2011,Out-of-pocket expenditure (OOP) per capita in US$,numeric,WPR,Western Pacific,Country,KIR,Kiribati,Year,2010,false,,,,,,,,,,,,,0.84,,,,,,0.84,,,EN,2025-12-04T23:00:00.000Z
GHED_OOP_pc_US_SHA2011,Out-of-pocket expenditure (OOP) per capita in US$,numeric,AFR,Africa,Country,MOZ,Mozambique,Year,2010,false,,,,,,,,,,,,,1.87,,,,,,1.87,,,EN,2025-12-04T23:00:00.000Z
GHED_OOP_pc_US_SHA2011,Out-of-pocket expenditure (OOP) per capita in US$,numeric,AFR,Africa,Country,CAF,Central African Republic,Year,2010,false,,,,,,,,,,,,,10.12,,,,,,10.12,,,EN,2025-12-04T23:00:00.000Z
GHED_OOP_pc_US_SHA2011,Out-of-pocket expenditure (OOP) per capita in US$,numeric,AFR,Africa,Country,BFA,Burkina Faso,Year,2010,false,,,,,,,,,,,,,10.19,,,,,,10.19,,,EN,2025-12-04T23:00:00.000Z
GHED_OOP_pc_US_SHA2011,Out-of-pocket expenditure (OOP) per capita in US$,numeric,EMR,Eastern Mediterranean,Country,TUN,Tunisia,Year,2010,false,,,,,,,,,,,,,101.4,,,,,,101.37,,,EN,2025-12-04T23:00:00.000Z
GHED_OOP_pc_US_SHA2011,Out-of-pocket expenditure (OOP) per capita in US$,numeric,AMR,Americas,Country,SLV,El Salvador,Year,2010,false,,,,,,,,,,,,,102.3,,,,,,102.35,,,EN,2025-12-04T23:00:00.000Z
GHED_OOP_pc_US_SHA2011,Out-of-pocket expenditure (OOP) per capita in US$,numeric,AMR,Americas,Country,GTM,Guatemala,Year,2010,false,,,,,,,,,,,,,103.3,,,,,,103.35,,,EN,2025-12-04T23:00:00.000Z
GHED_OOP_pc_US_SHA2011,Out-of-pocket expenditure (OOP) per capita in US$,numeric,WPR,Western Pacific,Country,FSM,Micronesia (Federated States of),Year,2010,false,,,,,,,,,,,,,11.7,,,,,,11.70,,,EN,2025-12-04T23:00:00.000Z
GHED_OOP_pc_US_SHA2011,Out-of-pocket expenditure (OOP) per capita in US$,numeric,AFR,Africa,Country,TZA,United Republic of Tanzania,Year,2010,false,,,,,,,,,,,,,11.86,,,,,,11.86,,,EN,2025-12-04T23:00:00.000Z
GHED_OOP_pc_US_SHA2011,Out-of-pocket expenditure (OOP) per capita in US$,numeric,SEAR,South-East Asia,Country,BTN,Bhutan,Year,2010,false,,,,,,,,,,,,,11.93,,,,,,11.93,,,EN,2025-12-04T23:00:00.000Z
GHED_OOP_pc_US_SHA2011,Out-of-pocket expenditure (OOP) per capita in US$,numeric,EMR,Eastern Mediterranean,Country,LBY,Libya,Year,2010,false,,,,,,,,,,,,,114.1,,,,,,114.08,,,EN,2025-12-04T23:00:00.000Z
GHED_OOP_pc_US_SHA2011,Out-of-pocket expenditure (OOP) per capita in US$,numeric,AMR,Americas,Country,JAM,Jamaica,Year,2010,false,,,,,,,,,,,,,115,,,,,,114.99,,,EN,2025-12-04T23:00:00.000Z
GHED_OOP_pc_US_SHA2011,Out-of-pocket expenditure (OOP) per capita in US$,numeric,EUR,Europe,Country,MKD,North Macedonia,Year,2010,false,,,,,,,,,,,,,116.4,,,,,,116.42,,,EN,2025-12-04T23:00:00.000Z
GHED_OOP_pc_US_SHA2011,Out-of-pocket expenditure (OOP) per capita in US$,numeric,EUR,Europe,Country,NOR,Norway,Year,2010,false,,,,,,,,,,,,,1183,,,,,,1182.58,,,EN,2025-12-04T23:00:00.000Z
GHED_OOP_pc_US_SHA2011,Out-of-pocket expenditure (OOP) per capita in US$,numeric,WPR,Western Pacific,Country,LAO,Lao People's Democratic Republic,Year,2010,false,,,,,,,,,,,,,12.42,,,,,,12.42,,,EN,2025-12-04T23:00:00.000Z
GHED_OOP_pc_US_SHA2011,Out-of-pocket expenditure (OOP) per capita in US$,numeric,AFR,Africa,Country,ERI,Eritrea,Year,2010,false,,,,,,,,,,,,,12.65,,,,,,12.65,,,EN,2025-12-04T23:00:00.000Z
GHED_OOP_pc_US_SHA2011,Out-of-pocket expenditure (OOP) per capita in US$,numeric,AFR,Africa,Country,BEN,Benin,Year,2010,false,,,,,,,,,,,,,12.75,,,,,,12.75,,,EN,2025-12-04T23:00:00.000Z
GHED_OOP_pc_US_SHA2011,Out-of-pocket expenditure (OOP) per capita in US$,numeric,EUR,Europe,Country,BIH,Bosnia and Herzegovina,Year,2010,false,,,,,,,,,,,,,122.1,,,,,,122.15,,,EN,2025-12-04T23:00:00.000Z
GHED_OOP_pc_US_SHA2011,Out-of-pocket expenditure (OOP) per capita in US$,numeric,AMR,Americas,Country,ECU,Ecuador,Year,2010,false,,,,,,,,,,,,,129.9,,,,,,129.90,,,EN,2025-12-04T23:00:00.000Z
GHED_OOP_pc_US_SHA2011,Out-of-pocket expenditure (OOP) per capita in US$,numeric,AFR,Africa,Country,NER,Niger,Year,2010,false,,,,,,,,,,,,,13.04,,,,,,13.04,,,EN,2025-12-04T23:00:00.000Z
GHED_OOP_pc_US_SHA2011,Out-of-pocket expenditure (OOP) per capita in US$,numeric,AFR,Africa,Country,GNQ,Equatorial Guinea,Year,2010,false,,,,,,,,,,,,,138.1,,,,,,138.10,,,EN,2025-12-04T23:00:00.000Z
GHED_OOP_pc_US_SHA2011,Out-of-pocket expenditure (OOP) per capita in US$,numeric,AMR,Americas,Country,PRY,Paraguay,Year,2010,false,,,,,,,,,,,,,139.4,,,,,,139.37,,,EN,2025-12-04T23:00:00.000Z
GHED_OOP_pc_US_SHA2011,Out-of-pocket expenditure (OOP) per capita in US$,numeric,SEAR,South-East Asia,Country,BGD,Bangladesh,Year,2010,false,,,,,,,,,,,,,14.01,,,,,,14.01,,,EN,2025-12-04T23:00:00.000Z
GHED_OOP_pc_US_SHA2011,Out-of-pocket expenditure (OOP) per capita in US$,numeric,AFR,Africa,Country,GNB,Guinea-Bissau,Year,2010,false,,,,,,,,,,,,,14.05,,,,,,14.05,,,EN,2025-12-04T23:00:00.000Z
GHED_OOP_pc_US_SHA2011,Out-of-pocket expenditure (OOP) per capita in US$,numeric,WPR,Western Pacific,Country,TON,Tonga,Year,2010,false,,,,,,,,,,,,,14.16,,,,,,14.16,,,EN,2025-12-04T23:00:00.000Z
GHED_OOP_pc_US_SHA2011,Out-of-pocket expenditure (OOP) per capita in US$,numeric,EMR,Eastern Mediterranean,Country,DJI,Djibouti,Year,2010,false,,,,,,,,,,,,,14.74,,,,,,14.74,,,EN,2025-12-04T23:00:00.000Z
GHED_OOP_pc_US_SHA2011,Out-of-pocket expenditure (OOP) per capita in US$,numeric,WPR,Western Pacific,Country,NIU,Niue,Year,2010,false,,,,,,,,,,,,,14.77,,,,,,14.77,,,EN,2025-12-04T23:00:00.000Z
GHED_OOP_pc_US_SHA2011,Out-of-pocket expenditure (OOP) per capita in US$,numeric,AMR,Americas,Country,DMA,Dominica,Year,2010,false,,,,,,,,,,,,,143.5,,,,,,143.47,,,EN,2025-12-04T23:00:00.000Z
GHED_OOP_pc_US_SHA2011,Out-of-pocket expenditure (OOP) per capita in US$,numeric,EUR,Europe,Country,TKM,Turkmenistan,Year,2010,false,,,,,,,,,,,,,144,,,,,,143.97,,,EN,2025-12-04T23:00:00.000Z
GHED_OOP_pc_US_SHA2011,Out-of-pocket expenditure (OOP) per capita in US$,numeric,EMR,Eastern Mediterranean,Country,SAU,Saudi Arabia,Year,2010,false,,,,,,,,,,,,,145.1,,,,,,145.10,,,EN,2025-12-04T23:00:00.000Z
GHED_OOP_pc_US_SHA2011,Out-of-pocket expenditure (OOP) per capita in US$,numeric,WPR,Western Pacific,Country,NRU,Nauru,Year,2010,false,,,,,,,,,,,,,15.14,,,,,,15.14,,,EN,2025-12-04T23:00:00.000Z
GHED_OOP_pc_US_SHA2011,Out-of-pocket expenditure (OOP) per capita in US$,numeric,AFR,Africa,Country,GIN,Guinea,Year,2010,false,,,,,,,,,,,,,15.66,,,,,,15.66,,,EN,2025-12-04T23:00:00.000Z
GHED_OOP_pc_US_SHA2011,Out-of-pocket expenditure (OOP) per capita in US$,numeric,AFR,Africa,Country,STP,Sao Tome and Principe,Year,2010,false,,,,,,,,,,,,,15.66,,,,,,15.66,,,EN,2025-12-04T23:00:00.000Z
GHED_OOP_pc_US_SHA2011,Out-of-pocket expenditure (OOP) per capita in US$,numeric,EMR,Eastern Mediterranean,Country,KWT,Kuwait,Year,2010,false,,,,,,,,,,,,,150.5,,,,,,150.55,,,EN,2025-12-04T23:00:00.000Z
GHED_OOP_pc_US_SHA2011,Out-of-pocket expenditure (OOP) per capita in US$,numeric,EUR,Europe,Country,ALB,Albania,Year,2010,false,,,,,,,,,,,,,152.3,,,,,,152.31,,,EN,2025-12-04T23:00:00.000Z
GHED_OOP_pc_US_SHA2011,Out-of-pocket expenditure (OOP) per capita in US$,numeric,EUR,Europe,Country,HRV,Croatia,Year,2010,false,,,,,,,,,,,,,157.3,,,,,,157.27,,,EN,2025-12-04T23:00:00.000Z
GHED_OOP_pc_US_SHA2011,Out-of-pocket expenditure (OOP) per capita in US$,numeric,EMR,Eastern Mediterranean,Country,PAK,Pakistan,Year,2010,false,,,,,,,,,,,,,16.01,,,,,,16.01,,,EN,2025-12-04T23:00:00.000Z
GHED_OOP_pc_US_SHA2011,Out-of-pocket expenditure (OOP) per capita in US$,numeric,SEAR,South-East Asia,Country,MMR,Myanmar,Year,2010,false,,,,,,,,,,,,,16.34,,,,,,16.34,,,EN,2025-12-04T23:00:00.000Z
GHED_OOP_pc_US_SHA2011,Out-of-pocket expenditure (OOP) per capita in US$,numeric,SEAR,South-East Asia,Country,NPL,Nepal,Year,2010,false,,,,,,,,,,,,,16.65,,,,,,16.65,,,EN,2025-12-04T23:00:00.000Z
GHED_OOP_pc_US_SHA2011,Out-of-pocket expenditure (OOP) per capita in US$,numeric,AMR,Americas,Country,CRI,Costa Rica,Year,2010,false,,,,,,,,,,,,,168.5,,,,,,168.47,,,EN,2025-12-04T23:00:00.000Z
GHED_OOP_pc_US_SHA2011,Out-of-pocket expenditure (OOP) per capita in US$,numeric,AFR,Africa,Country,LBR,Liberia,Year,2010,false,,,,,,,,,,,,,17.45,,,,,,17.45,,,EN,2025-12-04T23:00:00.000Z
GHED_OOP_pc_US_SHA2011,Out-of-pocket expenditure (OOP) per capita in US$,numeric,AFR,Africa,Country,MLI,Mali,Year,2010,false,,,,,,,,,,,,,17.65,,,,,,17.65,,,EN,2025-12-04T23:00:00.000Z
GHED_OOP_pc_US_SHA2011,Out-of-pocket expenditure (OOP) per capita in US$,numeric,AFR,Africa,Country,KEN,Kenya,Year,2010,false,,,,,,,,,,,,,17.75,,,,,,17.75,,,EN,2025-12-04T23:00:00.000Z
GHED_OOP_pc_US_SHA2011,Out-of-pocket expenditure (OOP) per capita in US$,numeric,AMR,Americas,Country,ATG,Antigua and Barbuda,Year,2010,false,,,,,,,,,,,,,178.7,,,,,,178.73,,,EN,2025-12-04T23:00:00.000Z
GHED_OOP_pc_US_SHA2011,Out-of-pocket expenditure (OOP) per capita in US$,numeric,AMR,Americas,Country,HTI,Haiti,Year,2010,false,,,,,,,,,,,,,18.57,,,,,,18.57,,,EN,2025-12-04T23:00:00.000Z
GHED_OOP_pc_US_SHA2011,Out-of-pocket expenditure (OOP) per capita in US$,numeric,AFR,Africa,Country,AGO,Angola,Year,2010,false,,,,,,,,,,,,,18.75,,,,,,18.75,,,EN,2025-12-04T23:00:00.000Z
GHED_OOP_pc_US_SHA2011,Out-of-pocket expenditure (OOP) per capita in US$,numeric,EUR,Europe,Country,CHE,Switzerland,Year,2010,false,,,,,,,,,,,,,1840,,,,,,1839.94,,,EN,2025-12-04T23:00:00.000Z
GHED_OOP_pc_US_SHA2011,Out-of-pocket expenditure (OOP) per capita in US$,numeric,AFR,Africa,Country,MUS,Mauritius,Year,2010,false,,,,,,,,,,,,,186.9,,,,,,186.86,,,EN,2025-12-04T23:00:00.000Z
GHED_OOP_pc_US_SHA2011,Out-of-pocket expenditure (OOP) per capita in US$,numeric,AFR,Africa,Country,TGO,Togo,Year,2010,false,,,,,,,,,,,,,19.02,,,,,,19.02,,,EN,2025-12-04T23:00:00.000Z
GHED_OOP_pc_US_SHA2011,Out-of-pocket expenditure (OOP) per capita in US$,numeric,AFR,Africa,Country,UGA,Uganda,Year,2010,false,,,,,,,,,,,,,19.4,,,,,,19.40,,,EN,2025-12-04T23:00:00.000Z
GHED_OOP_pc_US_SHA2011,Out-of-pocket expenditure (OOP) per capita in US$,numeric,AFR,Africa,Country,BWA,Botswana,Year,2010,false,,,,,,,,,,,,,19.45,,,,,,19.45,,,EN,2025-12-04T23:00:00.000Z
GHED_OOP_pc_US_SHA2011,Out-of-pocket expenditure (OOP) per capita in US$,numeric,AMR,Americas,Country,PAN,Panama,Year,2010,false,,,,,,,,,,,,,191,,,,,,190.98,,,EN,2025-12-04T23:00:00.000Z
GHED_OOP_pc_US_SHA2011,Out-of-pocket expenditure (OOP) per capita in US$,numeric,EUR,Europe,Country,POL,Poland,Year,2010,false,,,,,,,,,,,,,191.9,,,,,,191.90,,,EN,2025-12-04T23:00:00.000Z
GHED_OOP_pc_US_SHA2011,Out-of-pocket expenditure (OOP) per capita in US$,numeric,WPR,Western Pacific,Country,PLW,Palau,Year,2010,false,,,,,,,,,,,,,193.5,,,,,,193.51,,,EN,2025-12-04T23:00:00.000Z
GHED_OOP_pc_US_SHA2011,Out-of-pocket expenditure (OOP) per capita in US$,numeric,EUR,Europe,Country,SRB,Serbia,Year,2010,false,,,,,,,,,,,,,198.5,,,,,,198.52,,,EN,2025-12-04T23:00:00.000Z
GHED_OOP_pc_US_SHA2011,Out-of-pocket expenditure (OOP) per capita in US$,numeric,EUR,Europe,Country,RUS,Russian Federation,Year,2010,false,,,,,,,,,,,,,199.3,,,,,,199.34,,,EN,2025-12-04T23:00:00.000Z
GHED_OOP_pc_US_SHA2011,Out-of-pocket expenditure (OOP) per capita in US$,numeric,AFR,Africa,Country,LSO,Lesotho,Year,2010,false,,,,,,,,,,,,,20.15,,,,,,20.15,,,EN,2025-12-04T23:00:00.000Z
GHED_OOP_pc_US_SHA2011,Out-of-pocket expenditure (OOP) per capita in US$,numeric,EUR,Europe,Country,GEO,Georgia,Year,2010,false,,,,,,,,,,,,,207.4,,,,,,207.38,,,EN,2025-12-04T23:00:00.000Z
GHED_OOP_pc_US_SHA2011,Out-of-pocket expenditure (OOP) per capita in US$,numeric,EUR,Europe,Country,BGR,Bulgaria,Year,2010,false,,,,,,,,,,,,,209.1,,,,,,209.13,,,EN,2025-12-04T23:00:00.000Z
GHED_OOP_pc_US_SHA2011,Out-of-pocket expenditure (OOP) per capita in US$,numeric,EUR,Europe,Country,CZE,Czechia,Year,2010,false,,,,,,,,,,,,,209.1,,,,,,209.13,,,EN,2025-12-04T23:00:00.000Z
GHED_OOP_pc_US_SHA2011,Out-of-pocket expenditure (OOP) per capita in US$,numeric,AFR,Africa,Country,SLE,Sierra Leone,Year,2010,false,,,,,,,,,,,,,21.27,,,,,,21.27,,,EN,2025-12-04T23:00:00.000Z
GHED_OOP_pc_US_SHA2011,Out-of-pocket expenditure (OOP) per capita in US$,numeric,AMR,Americas,Country,GRD,Grenada,Year,2010,false,,,,,,,,,,,,,211.8,,,,,,211.84,,,EN,2025-12-04T23:00:00.000Z
GHED_OOP_pc_US_SHA2011,Out-of-pocket expenditure (OOP) per capita in US$,numeric,AMR,Americas,Country,URY,Uruguay,Year,2010,false,,,,,,,,,,,,,213.6,,,,,,213.58,,,EN,2025-12-04T23:00:00.000Z
GHED_OOP_pc_US_SHA2011,Out-of-pocket expenditure (OOP) per capita in US$,numeric,EUR,Europe,Country,EST,Estonia,Year,2010,false,,,,,,,,,,,,,220.4,,,,,,220.43,,,EN,2025-12-04T23:00:00.000Z
GHED_OOP_pc_US_SHA2011,Out-of-pocket expenditure (OOP) per capita in US$,numeric,EUR,Europe,Country,LTU,Lithuania,Year,2010,false,,,,,,,,,,,,,222.2,,,,,,222.17,,,EN,2025-12-04T23:00:00.000Z
GHED_OOP_pc_US_SHA2011,Out-of-pocket expenditure (OOP) per capita in US$,numeric,EUR,Europe,Country,ARM,Armenia,Year,2010,false,,,,,,,,,,,,,226.5,,,,,,226.49,,,EN,2025-12-04T23:00:00.000Z
GHED_OOP_pc_US_SHA2011,Out-of-pocket expenditure (OOP) per capita in US$,numeric,AFR,Africa,Country,COG,Congo,Year,2010,false,,,,,,,,,,,,,23,,,,,,23.00,,,EN,2025-12-04T23:00:00.000Z
GHED_OOP_pc_US_SHA2011,Out-of-pocket expenditure (OOP) per capita in US$,numeric,WPR,Western Pacific,Country,COK,Cook Islands,Year,2010,false,,,,,,,,,,,,,23.06,,,,,,23.06,,,EN,2025-12-04T23:00:00.000Z
GHED_OOP_pc_US_SHA2011,Out-of-pocket expenditure (OOP) per capita in US$,numeric,WPR,Western Pacific,Country,WSM,Samoa,Year,2010,false,,,,,,,,,,,,,23.42,,,,,,23.42,,,EN,2025-12-04T23:00:00.000Z
GHED_OOP_pc_US_SHA2011,Out-of-pocket expenditure (OOP) per capita in US$,numeric,AFR,Africa,Country,TCD,Chad,Year,2010,false,,,,,,,,,,,,,23.83,,,,,,23.83,,,EN,2025-12-04T23:00:00.000Z
GHED_OOP_pc_US_SHA2011,Out-of-pocket expenditure (OOP) per capita in US$,numeric,EMR,Eastern Mediterranean,Country,BHR,Bahrain,Year,2010,false,,,,,,,,,,,,,231.8,,,,,,231.79,,,EN,2025-12-04T23:00:00.000Z
GHED_OOP_pc_US_SHA2011,Out-of-pocket expenditure (OOP) per capita in US$,numeric,AMR,Americas,Country,MEX,Mexico,Year,2010,false,,,,,,,,,,,,,232.4,,,,,,232.37,,,EN,2025-12-04T23:00:00.000Z
GHED_OOP_pc_US_SHA2011,Out-of-pocket expenditure (OOP) per capita in US$,numeric,AMR,Americas,Country,LCA,Saint Lucia,Year,2010,false,,,,,,,,,,,,,240,,,,,,239.99,,,EN,2025-12-04T23:00:00.000Z
GHED_OOP_pc_US_SHA2011,Out-of-pocket expenditure (OOP) per capita in US$,numeric,SEAR,South-East Asia,Country,THA,Thailand,Year,2010,false,,,,,,,,,,,,,24.45,,,,,,24.45,,,EN,2025-12-04T23:00:00.000Z
GHED_OOP_pc_US_SHA2011,Out-of-pocket expenditure (OOP) per capita in US$,numeric,SEAR,South-East Asia,Country,MDV,Maldives,Year,2010,false,,,,,,,,,,,,,244,,,,,,244.03,,,EN,2025-12-04T23:00:00.000Z
GHED_OOP_pc_US_SHA2011,Out-of-pocket expenditure (OOP) per capita in US$,numeric,EMR,Eastern Mediterranean,Country,QAT,Qatar,Year,2010,false,,,,,,,,,,,,,245.3,,,,,,245.27,,,EN,2025-12-04T23:00:00.000Z
GHED_OOP_pc_US_SHA2011,Out-of-pocket expenditure (OOP) per capita in US$,numeric,EMR,Eastern Mediterranean,Country,LBN,Lebanon,Year,2010,false,,,,,,,,,,,,,247.2,,,,,,247.24,,,EN,2025-12-04T23:00:00.000Z
GHED_OOP_pc_US_SHA2011,Out-of-pocket expenditure (OOP) per capita in US$,numeric,AFR,Africa,Country,SEN,Senegal,Year,2010,false,,,,,,,,,,,,,25.01,,,,,,25.01,,,EN,2025-12-04T23:00:00.000Z
GHED_OOP_pc_US_SHA2011,Out-of-pocket expenditure (OOP) per capita in US$,numeric,EMR,Eastern Mediterranean,Country,IRN,Iran (Islamic Republic of),Year,2010,false,,,,,,,,,,,,,252.2,,,,,,252.20,,,EN,2025-12-04T23:00:00.000Z
GHED_OOP_pc_US_SHA2011,Out-of-pocket expenditure (OOP) per capita in US$,numeric,EUR,Europe,Country,SVN,Slovenia,Year,2010,false,,,,,,,,,,,,,255,,,,,,254.97,,,EN,2025-12-04T23:00:00.000Z
GHED_OOP_pc_US_SHA2011,Out-of-pocket expenditure (OOP) per capita in US$,numeric,EUR,Europe,Country,LVA,Latvia,Year,2010,false,,,,,,,,,,,,,256.2,,,,,,256.24,,,EN,2025-12-04T23:00:00.000Z
GHED_OOP_pc_US_SHA2011,Out-of-pocket expenditure (OOP) per capita in US$,numeric,EUR,Europe,Country,KGZ,Kyrgyzstan,Year,2010,false,,,,,,,,,,,,,26.15,,,,,,26.15,,,EN,2025-12-04T23:00:00.000Z
GHED_OOP_pc_US_SHA2011,Out-of-pocket expenditure (OOP) per capita in US$,numeric,AMR,Americas,Country,ARG,Argentina,Year,2010,false,,,,,,,,,,,,,261.3,,,,,,261.28,,,EN,2025-12-04T23:00:00.000Z
GHED_OOP_pc_US_SHA2011,Out-of-pocket expenditure (OOP) per capita in US$,numeric,AMR,Americas,Country,BRA,Brazil,Year,2010,false,,,,,,,,,,,,,266.2,,,,,,266.23,,,EN,2025-12-04T23:00:00.000Z
GHED_OOP_pc_US_SHA2011,Out-of-pocket expenditure (OOP) per capita in US$,numeric,EUR,Europe,Country,HUN,Hungary,Year,2010,false,,,,,,,,,,,,,269.5,,,,,,269.53,,,EN,2025-12-04T23:00:00.000Z
GHED_OOP_pc_US_SHA2011,Out-of-pocket expenditure (OOP) per capita in US$,numeric,AFR,Africa,Country,MRT,Mauritania,Year,2010,false,,,,,,,,,,,,,27.41,,,,,,27.41,,,EN,2025-12-04T23:00:00.000Z
GHED_OOP_pc_US_SHA2011,Out-of-pocket expenditure (OOP) per capita in US$,numeric,AFR,Africa,Country,GHA,Ghana,Year,2010,false,,,,,,,,,,,,,27.68,,,,,,27.68,,,EN,2025-12-04T23:00:00.000Z
GHED_OOP_pc_US_SHA2011,Out-of-pocket expenditure (OOP) per capita in US$,numeric,WPR,Western Pacific,Country,KHM,Cambodia,Year,2010,false,,,,,,,,,,,,,27.82,,,,,,27.82,,,EN,2025-12-04T23:00:00.000Z
GHED_OOP_pc_US_SHA2011,Out-of-pocket expenditure (OOP) per capita in US$,numeric,WPR,Western Pacific,Country,MNG,Mongolia,Year,2010,false,,,,,,,,,,,,,27.92,,,,,,27.92,,,EN,2025-12-04T23:00:00.000Z
GHED_OOP_pc_US_SHA2011,Out-of-pocket expenditure (OOP) per capita in US$,numeric,WPR,Western Pacific,Country,TUV,Tuvalu,Year,2010,false,,,,,,,,,,,,,28.45,,,,,,28.45,,,EN,2025-12-04T23:00:00.000Z
GHED_OOP_pc_US_SHA2011,Out-of-pocket expenditure (OOP) per capita in US$,numeric,WPR,Western Pacific,Country,FJI,Fiji,Year,2010,false,,,,,,,,,,,,,28.56,,,,,,28.56,,,EN,2025-12-04T23:00:00.000Z
GHED_OOP_pc_US_SHA2011,Out-of-pocket expenditure (OOP) per capita in US$,numeric,SEAR,South-East Asia,Country,IND,India,Year,2010,false,,,,,,,,,,,,,29.2,,,,,,29.20,,,EN,2025-12-04T23:00:00.000Z
GHED_OOP_pc_US_SHA2011,Out-of-pocket expenditure (OOP) per capita in US$,numeric,WPR,Western Pacific,Country,VNM,Viet Nam,Year,2010,false,,,,,,,,,,,,,29.6,,,,,,29.60,,,EN,2025-12-04T23:00:00.000Z
GHED_OOP_pc_US_SHA2011,Out-of-pocket expenditure (OOP) per capita in US$,numeric,EUR,Europe,Country,TJK,Tajikistan,Year,2010,false,,,,,,,,,,,,,29.78,,,,,,29.78,,,EN,2025-12-04T23:00:00.000Z
GHED_OOP_pc_US_SHA2011,Out-of-pocket expenditure (OOP) per capita in US$,numeric,EMR,Eastern Mediterranean,Country,ARE,United Arab Emirates,Year,2010,false,,,,,,,,,,,,,290.7,,,,,,290.72,,,EN,2025-12-04T23:00:00.000Z
GHED_OOP_pc_US_SHA2011,Out-of-pocket expenditure (OOP) per capita in US$,numeric,EUR,Europe,Country,SVK,Slovakia,Year,2010,false,,,,,,,,,,,,,295.6,,,,,,295.62,,,EN,2025-12-04T23:00:00.000Z
GHED_OOP_pc_US_SHA2011,Out-of-pocket expenditure (OOP) per capita in US$,numeric,AMR,Americas,Country,CHL,Chile,Year,2010,false,,,,,,,,,,,,,297,,,,,,297.02,,,EN,2025-12-04T23:00:00.000Z
GHED_OOP_pc_US_SHA2011,Out-of-pocket expenditure (OOP) per capita in US$,numeric,WPR,Western Pacific,Country,SLB,Solomon Islands,Year,2010,false,,,,,,,,,,,,,3.03,,,,,,3.03,,,EN,2025-12-04T23:00:00.000Z
GHED_OOP_pc_US_SHA2011,Out-of-pocket expenditure (OOP) per capita in US$,numeric,AFR,Africa,Country,MWI,Malawi,Year,2010,false,,,,,,,,,,,,,3.71,,,,,,3.71,,,EN,2025-12-04T23:00:00.000Z
GHED_OOP_pc_US_SHA2011,Out-of-pocket expenditure (OOP) per capita in US$,numeric,AFR,Africa,Country,ZWE,Zimbabwe,Year,2010,false,,,,,,,,,,,,,32.52,,,,,,32.52,,,EN,2025-12-04T23:00:00.000Z
GHED_OOP_pc_US_SHA2011,Out-of-pocket expenditure (OOP) per capita in US$,numeric,AMR,Americas,Country,BOL,Bolivia (Plurinational State of),Year,2010,false,,,,,,,,,,,,,33.41,,,,,,33.41,,,EN,2025-12-04T23:00:00.000Z
GHED_OOP_pc_US_SHA2011,Out-of-pocket expenditure (OOP) per capita in US$,numeric,AFR,Africa,Country,SWZ,Eswatini,Year,2010,false,,,,,,,,,,,,,35.87,,,,,,35.87,,,EN,2025-12-04T23:00:00.000Z
GHED_OOP_pc_US_SHA2011,Out-of-pocket expenditure (OOP) per capita in US$,numeric,EMR,Eastern Mediterranean,Country,AFG,Afghanistan,Year,2010,false,,,,,,,,,,,,,36.67,,,,,,36.67,,,EN,2025-12-04T23:00:00.000Z
GHED_OOP_pc_US_SHA2011,Out-of-pocket expenditure (OOP) per capita in US$,numeric,WPR,Western Pacific,Country,NZL,New Zealand,Year,2010,false,,,,,,,,,,,,,362.3,,,,,,362.27,,,EN,2025-12-04T23:00:00.000Z
GHED_OOP_pc_US_SHA2011,Out-of-pocket expenditure (OOP) per capita in US$,numeric,EMR,Eastern Mediterranean,Country,IRQ,Iraq,Year,2010,false,,,,,,,,,,,,,37.63,,,,,,37.63,,,EN,2025-12-04T23:00:00.000Z
GHED_OOP_pc_US_SHA2011,Out-of-pocket expenditure (OOP) per capita in US$,numeric,AFR,Africa,Country,CMR,Cameroon,Year,2010,false,,,,,,,,,,,,,38.04,,,,,,38.04,,,EN,2025-12-04T23:00:00.000Z
GHED_OOP_pc_US_SHA2011,Out-of-pocket expenditure (OOP) per capita in US$,numeric,EUR,Europe,Country,AND,Andorra,Year,2010,false,,,,,,,,,,,,,381.9,,,,,,381.85,,,EN,2025-12-04T23:00:00.000Z
GHED_OOP_pc_US_SHA2011,Out-of-pocket expenditure (OOP) per capita in US$,numeric,AMR,Americas,Country,TTO,Trinidad and Tobago,Year,2010,false,,,,,,,,,,,,,384.3,,,,,,384.26,,,EN,2025-12-04T23:00:00.000Z
GHED_OOP_pc_US_SHA2011,Out-of-pocket expenditure (OOP) per capita in US$,numeric,AFR,Africa,Country,CIV,Cote d'Ivoire,Year,2010,false,,,,,,,,,,,,,39.56,,,,,,39.56,,,EN,2025-12-04T23:00:00.000Z
GHED_OOP_pc_US_SHA2011,Out-of-pocket expenditure (OOP) per capita in US$,numeric,AMR,Americas,Country,BHS,Bahamas,Year,2010,false,,,,,,,,,,,,,398.5,,,,,,398.53,,,EN,2025-12-04T23:00:00.000Z
GHED_OOP_pc_US_SHA2011,Out-of-pocket expenditure (OOP) per capita in US$,numeric,AFR,Africa,Country,COD,Democratic Republic of the Congo,Year,2010,false,,,,,,,,,,,,,4.5,,,,,,4.50,,,EN,2025-12-04T23:00:00.000Z
GHED_OOP_pc_US_SHA2011,Out-of-pocket expenditure (OOP) per capita in US$,numeric,WPR,Western Pacific,Country,PNG,Papua New Guinea,Year,2010,false,,,,,,,,,,,,,4.83,,,,,,4.83,,,EN,2025-12-04T23:00:00.000Z
GHED_OOP_pc_US_SHA2011,Out-of-pocket expenditure (OOP) per capita in US$,numeric,AFR,Africa,Country,CPV,Cabo Verde,Year,2010,false,,,,,,,,,,,,,41.02,,,,,,41.02,,,EN,2025-12-04T23:00:00.000Z
GHED_OOP_pc_US_SHA2011,Out-of-pocket expenditure (OOP) per capita in US$,numeric,AMR,Americas,Country,BRB,Barbados,Year,2010,false,,,,,,,,,,,,,424.5,,,,,,424.54,,,EN,2025-12-04T23:00:00.000Z
GHED_OOP_pc_US_SHA2011,Out-of-pocket expenditure (OOP) per capita in US$,numeric,EUR,Europe,Country,MCO,Monaco,Year,2010,false,,,,,,,,,,,,,431.7,,,,,,431.72,,,EN,2025-12-04T23:00:00.000Z
GHED_OOP_pc_US_SHA2011,Out-of-pocket expenditure (OOP) per capita in US$,numeric,EMR,Eastern Mediterranean,Country,YEM,Yemen,Year,2010,false,,,,,,,,,,,,,44.11,,,,,,44.11,,,EN,2025-12-04T23:00:00.000Z
GHED_OOP_pc_US_SHA2011,Out-of-pocket expenditure (OOP) per capita in US$,numeric,AMR,Americas,Country,NIC,Nicaragua,Year,2010,false,,,,,,,,,,,,,44.13,,,,,,44.13,,,EN,2025-12-04T23:00:00.000Z
GHED_OOP_pc_US_SHA2011,Out-of-pocket expenditure (OOP) per capita in US$,numeric,EMR,Eastern Mediterranean,Country,SDN,Sudan,Year,2010,false,,,,,,,,,,,,,45.13,,,,,,45.13,,,EN,2025-12-04T23:00:00.000Z
GHED_OOP_pc_US_SHA2011,Out-of-pocket expenditure (OOP) per capita in US$,numeric,EMR,Eastern Mediterranean,Country,SYR,Syrian Arab Republic,Year,2010,false,,,,,,,,,,,,,47.58,,,,,,47.58,,,EN,2025-12-04T23:00:00.000Z
GHED_OOP_pc_US_SHA2011,Out-of-pocket expenditure (OOP) per capita in US$,numeric,EUR,Europe,Country,NLD,Netherlands (Kingdom of the),Year,2010,false,,,,,,,,,,,,,472.2,,,,,,472.22,,,EN,2025-12-04T23:00:00.000Z
GHED_OOP_pc_US_SHA2011,Out-of-pocket expenditure (OOP) per capita in US$,numeric,AMR,Americas,Country,KNA,Saint Kitts and Nevis,Year,2010,false,,,,,,,,,,,,,478.6,,,,,,478.63,,,EN,2025-12-04T23:00:00.000Z
GHED_OOP_pc_US_SHA2011,Out-of-pocket expenditure (OOP) per capita in US$,numeric,AFR,Africa,Country,NAM,Namibia,Year,2010,false,,,,,,,,,,,,,48.2,,,,,,48.20,,,EN,2025-12-04T23:00:00.000Z
GHED_OOP_pc_US_SHA2011,Out-of-pocket expenditure (OOP) per capita in US$,numeric,WPR,Western Pacific,Country,PHL,Philippines,Year,2010,false,,,,,,,,,,,,,49.01,,,,,,49.01,,,EN,2025-12-04T23:00:00.000Z
GHED_OOP_pc_US_SHA2011,Out-of-pocket expenditure (OOP) per capita in US$,numeric,AFR,Africa,Country,ZAF,South Africa,Year,2010,false,,,,,,,,,,,,,49.68,,,,,,49.68,,,EN,2025-12-04T23:00:00.000Z
GHED_OOP_pc_US_SHA2011,Out-of-pocket expenditure (OOP) per capita in US$,numeric,AFR,Africa,Country,RWA,Rwanda,Year,2010,false,,,,,,,,,,,,,5.32,,,,,,5.32,,,EN,2025-12-04T23:00:00.000Z
GHED_OOP_pc_US_SHA2011,Out-of-pocket expenditure (OOP) per capita in US$,numeric,WPR,Western Pacific,Country,MHL,Marshall Islands,Year,2010,false,,,,,,,,,,,,,5.89,,,,,,5.89,,,EN,2025-12-04T23:00:00.000Z
GHED_OOP_pc_US_SHA2011,Out-of-pocket expenditure (OOP) per capita in US$,numeric,AFR,Africa,Country,GMB,Gambia,Year,2010,false,,,,,,,,,,,,,5.95,,,,,,5.95,,,EN,2025-12-04T23:00:00.000Z
GHED_OOP_pc_US_SHA2011,Out-of-pocket expenditure (OOP) per capita in US$,numeric,WPR,Western Pacific,Country,IDN,Indonesia,Year,2010,false,,,,,,,,,,,,,51.84,,,,,,51.84,,,EN,2025-12-04T23:00:00.000Z
GHED_OOP_pc_US_SHA2011,Out-of-pocket expenditure (OOP) per capita in US$,numeric,EUR,Europe,Country,GBR,United Kingdom of Great Britain and Northern Ireland,Year,2010,false,,,,,,,,,,,,,510.7,,,,,,510.66,,,EN,2025-12-04T23:00:00.000Z
GHED_OOP_pc_US_SHA2011,Out-of-pocket expenditure (OOP) per capita in US$,numeric,AFR,Africa,Country,GAB,Gabon,Year,2010,false,,,,,,,,,,,,,52.77,,,,,,52.77,,,EN,2025-12-04T23:00:00.000Z
GHED_OOP_pc_US_SHA2011,Out-of-pocket expenditure (OOP) per capita in US$,numeric,EUR,Europe,Country,SMR,San Marino,Year,2010,false,,,,,,,,,,,,,523.8,,,,,,523.78,,,EN,2025-12-04T23:00:00.000Z
GHED_OOP_pc_US_SHA2011,Out-of-pocket expenditure (OOP) per capita in US$,numeric,EUR,Europe,Country,FRA,France,Year,2010,false,,,,,,,,,,,,,525.7,,,,,,525.73,,,EN,2025-12-04T23:00:00.000Z
GHED_OOP_pc_US_SHA2011,Out-of-pocket expenditure (OOP) per capita in US$,numeric,EUR,Europe,Country,UZB,Uzbekistan,Year,2010,false,,,,,,,,,,,,,53.91,,,,,,53.91,,,EN,2025-12-04T23:00:00.000Z
GHED_OOP_pc_US_SHA2011,Out-of-pocket expenditure (OOP) per capita in US$,numeric,EUR,Europe,Country,ISR,Israel,Year,2010,false,,,,,,,,,,,,,532.9,,,,,,532.88,,,EN,2025-12-04T23:00:00.000Z
GHED_OOP_pc_US_SHA2011,Out-of-pocket expenditure (OOP) per capita in US$,numeric,WPR,Western Pacific,Country,KOR,Republic of Korea,Year,2010,false,,,,,,,,,,,,,549.5,,,,,,549.53,,,EN,2025-12-04T23:00:00.000Z
GHED_OOP_pc_US_SHA2011,Out-of-pocket expenditure (OOP) per capita in US$,numeric,AFR,Africa,Country,COM,Comoros,Year,2010,false,,,,,,,,,,,,,55.69,,,,,,55.69,,,EN,2025-12-04T23:00:00.000Z
GHED_OOP_pc_US_SHA2011,Out-of-pocket expenditure (OOP) per capita in US$,numeric,AMR,Americas,Country,CUB,Cuba,Year,2010,false,,,,,,,,,,,,,55.88,,,,,,55.88,,,EN,2025-12-04T23:00:00.000Z
GHED_OOP_pc_US_SHA2011,Out-of-pocket expenditure (OOP) per capita in US$,numeric,EUR,Europe,Country,PRT,Portugal,Year,2010,false,,,,,,,,,,,,,558.2,,,,,,558.23,,,EN,2025-12-04T23:00:00.000Z
GHED_OOP_pc_US_SHA2011,Out-of-pocket expenditure (OOP) per capita in US$,numeric,SEAR,South-East Asia,Country,LKA,Sri Lanka,Year,2010,false,,,,,,,,,,,,,56,,,,,,56.00,,,EN,2025-12-04T23:00:00.000Z
GHED_OOP_pc_US_SHA2011,Out-of-pocket expenditure (OOP) per capita in US$,numeric,AFR,Africa,Country,NGA,Nigeria,Year,2010,false,,,,,,,,,,,,,56.13,,,,,,56.13,,,EN,2025-12-04T23:00:00.000Z
GHED_OOP_pc_US_SHA2011,Out-of-pocket expenditure (OOP) per capita in US$,numeric,AMR,Americas,Country,GUY,Guyana,Year,2010,false,,,,,,,,,,,,,56.53,,,,,,56.53,,,EN,2025-12-04T23:00:00.000Z
GHED_OOP_pc_US_SHA2011,Out-of-pocket expenditure (OOP) per capita in US$,numeric,EUR,Europe,Country,MLT,Malta,Year,2010,false,,,,,,,,,,,,,573.2,,,,,,573.16,,,EN,2025-12-04T23:00:00.000Z
GHED_OOP_pc_US_SHA2011,Out-of-pocket expenditure (OOP) per capita in US$,numeric,WPR,Western Pacific,Country,JPN,Japan,Year,2010,false,,,,,,,,,,,,,593.3,,,,,,593.28,,,EN,2025-12-04T23:00:00.000Z
GHED_OOP_pc_US_SHA2011,Out-of-pocket expenditure (OOP) per capita in US$,numeric,SEAR,South-East Asia,Country,TLS,Timor-Leste,Year,2010,false,,,,,,,,,,,,,6.08,,,,,,6.08,,,EN,2025-12-04T23:00:00.000Z
GHED_OOP_pc_US_SHA2011,Out-of-pocket expenditure (OOP) per capita in US$,numeric,AFR,Africa,Country,ETH,Ethiopia,Year,2010,false,,,,,,,,,,,,,6.84,,,,,,6.84,,,EN,2025-12-04T23:00:00.000Z
GHED_OOP_pc_US_SHA2011,Out-of-pocket expenditure (OOP) per capita in US$,numeric,AFR,Africa,Country,BDI,Burundi,Year,2010,false,,,,,,,,,,,,,6.89,,,,,,6.89,,,EN,2025-12-04T23:00:00.000Z
GHED_OOP_pc_US_SHA2011,Out-of-pocket expenditure (OOP) per capita in US$,numeric,AMR,Americas,Country,BLZ,Belize,Year,2010,false,,,,,,,,,,,,,60.1,,,,,,60.10,,,EN,2025-12-04T23:00:00.000Z
GHED_OOP_pc_US_SHA2011,Out-of-pocket expenditure (OOP) per capita in US$,numeric,EMR,Eastern Mediterranean,Country,OMN,Oman,Year,2010,false,,,,,,,,,,,,,60.73,,,,,,60.73,,,EN,2025-12-04T23:00:00.000Z
GHED_OOP_pc_US_SHA2011,Out-of-pocket expenditure (OOP) per capita in US$,numeric,EUR,Europe,Country,ESP,Spain,Year,2010,false,,,,,,,,,,,,,602.1,,,,,,602.06,,,EN,2025-12-04T23:00:00.000Z
GHED_OOP_pc_US_SHA2011,Out-of-pocket expenditure (OOP) per capita in US$,numeric,EUR,Europe,Country,DEU,Germany,Year,2010,false,,,,,,,,,,,,,610.9,,,,,,610.88,,,EN,2025-12-04T23:00:00.000Z
GHED_OOP_pc_US_SHA2011,Out-of-pocket expenditure (OOP) per capita in US$,numeric,WPR,Western Pacific,Country,SGP,Singapore,Year,2010,false,,,,,,,,,,,,,627.2,,,,,,627.16,,,EN,2025-12-04T23:00:00.000Z
GHED_OOP_pc_US_SHA2011,Out-of-pocket expenditure (OOP) per capita in US$,numeric,EUR,Europe,Country,KAZ,Kazakhstan,Year,2010,false,,,,,,,,,,,,,65.68,,,,,,65.68,,,EN,2025-12-04T23:00:00.000Z
GHED_OOP_pc_US_SHA2011,Out-of-pocket expenditure (OOP) per capita in US$,numeric,WPR,Western Pacific,Country,BRN,Brunei Darussalam,Year,2010,false,,,,,,,,,,,,,65.76,,,,,,65.76,,,EN,2025-12-04T23:00:00.000Z
GHED_OOP_pc_US_SHA2011,Out-of-pocket expenditure (OOP) per capita in US$,numeric,EMR,Eastern Mediterranean,Country,EGY,Egypt,Year,2010,false,,,,,,,,,,,,,65.81,,,,,,65.81,,,EN,2025-12-04T23:00:00.000Z
GHED_OOP_pc_US_SHA2011,Out-of-pocket expenditure (OOP) per capita in US$,numeric,AFR,Africa,Country,DZA,Algeria,Year,2010,false,,,,,,,,,,,,,65.84,,,,,,65.84,,,EN,2025-12-04T23:00:00.000Z
GHED_OOP_pc_US_SHA2011,Out-of-pocket expenditure (OOP) per capita in US$,numeric,EUR,Europe,Country,ITA,Italy,Year,2010,false,,,,,,,,,,,,,655.7,,,,,,655.66,,,EN,2025-12-04T23:00:00.000Z
GHED_OOP_pc_US_SHA2011,Out-of-pocket expenditure (OOP) per capita in US$,numeric,EMR,Eastern Mediterranean,Country,JOR,Jordan,Year,2010,false,,,,,,,,,,,,,66.4,,,,,,66.40,,,EN,2025-12-04T23:00:00.000Z
GHED_OOP_pc_US_SHA2011,Out-of-pocket expenditure (OOP) per capita in US$,numeric,EUR,Europe,Country,ISL,Iceland,Year,2010,false,,,,,,,,,,,,,674.4,,,,,,674.42,,,EN,2025-12-04T23:00:00.000Z
GHED_OOP_pc_US_SHA2011,Out-of-pocket expenditure (OOP) per capita in US$,numeric,AFR,Africa,Country,MDG,Madagascar,Year,2010,false,,,,,,,,,,,,,7.64,,,,,,7.64,,,EN,2025-12-04T23:00:00.000Z
GHED_OOP_pc_US_SHA2011,Out-of-pocket expenditure (OOP) per capita in US$,numeric,EUR,Europe,Country,IRL,Ireland,Year,2010,false,,,,,,,,,,,,,708.2,,,,,,708.19,,,EN,2025-12-04T23:00:00.000Z
GHED_OOP_pc_US_SHA2011,Out-of-pocket expenditure (OOP) per capita in US$,numeric,EUR,Europe,Country,GRC,Greece,Year,2010,false,,,,,,,,,,,,,724.7,,,,,,724.66,,,EN,2025-12-04T23:00:00.000Z
GHED_OOP_pc_US_SHA2011,Out-of-pocket expenditure (OOP) per capita in US$,numeric,EUR,Europe,Country,SWE,Sweden,Year,2010,false,,,,,,,,,,,,,724.9,,,,,,724.91,,,EN,2025-12-04T23:00:00.000Z
GHED_OOP_pc_US_SHA2011,Out-of-pocket expenditure (OOP) per capita in US$,numeric,AMR,Americas,Country,HND,Honduras,Year,2010,false,,,,,,,,,,,,,76.43,,,,,,76.43,,,EN,2025-12-04T23:00:00.000Z
GHED_OOP_pc_US_SHA2011,Out-of-pocket expenditure (OOP) per capita in US$,numeric,AMR,Americas,Country,COL,Colombia,Year,2010,false,,,,,,,,,,,,,76.93,,,,,,76.93,,,EN,2025-12-04T23:00:00.000Z
GHED_OOP_pc_US_SHA2011,Out-of-pocket expenditure (OOP) per capita in US$,numeric,EUR,Europe,Country,LUX,Luxembourg,Year,2010,false,,,,,,,,,,,,,763.3,,,,,,763.28,,,EN,2025-12-04T23:00:00.000Z
GHED_OOP_pc_US_SHA2011,Out-of-pocket expenditure (OOP) per capita in US$,numeric,WPR,Western Pacific,Country,CHN,China,Year,2010,false,,,,,,,,,,,,,77.06,,,,,,77.06,,,EN,2025-12-04T23:00:00.000Z
GHED_OOP_pc_US_SHA2011,Out-of-pocket expenditure (OOP) per capita in US$,numeric,EMR,Eastern Mediterranean,Country,PSE,"occupied Palestinian territory, including east Jerusalem",Year,2010,false,,,,,,,,,,,,,79,,,,,,79.00,,,EN,2025-12-04T23:00:00.000Z
GHED_OOP_pc_US_SHA2011,Out-of-pocket expenditure (OOP) per capita in US$,numeric,AMR,Americas,Country,CAN,Canada,Year,2010,false,,,,,,,,,,,,,790.2,,,,,,790.23,,,EN,2025-12-04T23:00:00.000Z
GHED_OOP_pc_US_SHA2011,Out-of-pocket expenditure (OOP) per capita in US$,numeric,EUR,Europe,Country,FIN,Finland,Year,2010,false,,,,,,,,,,,,,799.5,,,,,,799.46,,,EN,2025-12-04T23:00:00.000Z
GHED_OOP_pc_US_SHA2011,Out-of-pocket expenditure (OOP) per capita in US$,numeric,AFR,Africa,Country,ZMB,Zambia,Year,2010,false,,,,,,,,,,,,,8.54,,,,,,8.54,,,EN,2025-12-04T23:00:00.000Z
GHED_OOP_pc_US_SHA2011,Out-of-pocket expenditure (OOP) per capita in US$,numeric,WPR,Western Pacific,Country,VUT,Vanuatu,Year,2010,false,,,,,,,,,,,,,8.79,,,,,,8.79,,,EN,2025-12-04T23:00:00.000Z
GHED_OOP_pc_US_SHA2011,Out-of-pocket expenditure (OOP) per capita in US$,numeric,EUR,Europe,Country,MDA,Republic of Moldova,Year,2010,false,,,,,,,,,,,,,80.17,,,,,,80.17,,,EN,2025-12-04T23:00:00.000Z
GHED_OOP_pc_US_SHA2011,Out-of-pocket expenditure (OOP) per capita in US$,numeric,EUR,Europe,Country,UKR,Ukraine,Year,2010,false,,,,,,,,,,,,,83.47,,,,,,83.47,,,EN,2025-12-04T23:00:00.000Z
GHED_OOP_pc_US_SHA2011,Out-of-pocket expenditure (OOP) per capita in US$,numeric,EUR,Europe,Country,DNK,Denmark,Year,2010,false,,,,,,,,,,,,,843.9,,,,,,843.94,,,EN,2025-12-04T23:00:00.000Z
GHED_OOP_pc_US_SHA2011,Out-of-pocket expenditure (OOP) per capita in US$,numeric,EUR,Europe,Country,CYP,Cyprus,Year,2010,false,,,,,,,,,,,,,881.6,,,,,,881.64,,,EN,2025-12-04T23:00:00.000Z
GHED_OOP_pc_US_SHA2011,Out-of-pocket expenditure (OOP) per capita in US$,numeric,EUR,Europe,Country,TUR,Türkiye,Year,2010,false,,,,,,,,,,,,,89.73,,,,,,89.73,,,EN,2025-12-04T23:00:00.000Z
GHED_OOP_pc_US_SHA2011,Out-of-pocket expenditure (OOP) per capita in US$,numeric,AMR,Americas,Country,VCT,Saint Vincent and the Grenadines,Year,2010,false,,,,,,,,,,,,,90.88,,,,,,90.88,,,EN,2025-12-04T23:00:00.000Z
GHED_OOP_pc_US_SHA2011,Out-of-pocket expenditure (OOP) per capita in US$,numeric,EUR,Europe,Country,AZE,Azerbaijan,Year,2010,false,,,,,,,,,,,,,92.27,,,,,,92.27,,,EN,2025-12-04T23:00:00.000Z
GHED_OOP_pc_US_SHA2011,Out-of-pocket expenditure (OOP) per capita in US$,numeric,EUR,Europe,Country,ROU,Romania,Year,2010,false,,,,,,,,,,,,,92.7,,,,,,92.70,,,EN,2025-12-04T23:00:00.000Z
GHED_OOP_pc_US_SHA2011,Out-of-pocket expenditure (OOP) per capita in US$,numeric,EUR,Europe,Country,AUT,Austria,Year,2010,false,,,,,,,,,,,,,926.3,,,,,,926.32,,,EN,2025-12-04T23:00:00.000Z
GHED_OOP_pc_US_SHA2011,Out-of-pocket expenditure (OOP) per capita in US$,numeric,EMR,Eastern Mediterranean,Country,MAR,Morocco,Year,2010,false,,,,,,,,,,,,,93.63,,,,,,93.63,,,EN,2025-12-04T23:00:00.000Z
GHED_OOP_pc_US_SHA2011,Out-of-pocket expenditure (OOP) per capita in US$,numeric,AMR,Americas,Country,SUR,Suriname,Year,2010,false,,,,,,,,,,,,,94.23,,,,,,94.23,,,EN,2025-12-04T23:00:00.000Z
GHED_OOP_pc_US_SHA2011,Out-of-pocket expenditure (OOP) per capita in US$,numeric,AMR,Americas,Country,PER,Peru,Year,2010,false,,,,,,,,,,,,,95.4,,,,,,95.40,,,EN,2025-12-04T23:00:00.000Z
GHED_OOP_pc_US_SHA2011,Out-of-pocket expenditure (OOP) per capita in US$,numeric,AMR,Americas,Country,USA,United States of America,Year,2010,false,,,,,,,,,,,,,969.2,,,,,,969.16,,,EN,2025-12-04T23:00:00.000Z
GHED_OOP_pc_US_SHA2011,Out-of-pocket expenditure (OOP) per capita in US$,numeric,WPR,Western Pacific,Country,MYS,Malaysia,Year,2010,false,,,,,,,,,,,,,97.45,,,,,,97.45,,,EN,2025-12-04T23:00:00.000Z
GHED_OOP_pc_US_SHA2011,Out-of-pocket expenditure (OOP) per capita in US$,numeric,WPR,Western Pacific,Country,AUS,Australia,Year,2010,false,,,,,,,,,,,,,977.2,,,,,,977.19,,,EN,2025-12-04T23:00:00.000Z
GHED_OOP_pc_US_SHA2011,Out-of-pocket expenditure (OOP) per capita in US$,numeric,AMR,Americas,Country,DOM,Dominican Republic,Year,2010,false,,,,,,,,,,,,,98.42,,,,,,98.42,,,EN,2025-12-04T23:00:00.000Z
GHED_OOP_pc_US_SHA2011,Out-of-pocket expenditure (OOP) per capita in US$,numeric,EUR,Europe,Country,BEL,Belgium,Year,2010,false,,,,,,,,,,,,,988.5,,,,,,988.55,,,EN,2025-12-04T23:00:00.000Z
GHED_OOP_pc_US_SHA2011,Out-of-pocket expenditure (OOP) per capita in US$,numeric,EUR,Europe,Country,BLR,Belarus,Year,2010,false,,,,,,,,,,,,,99.49,,,,,,99.49,,,EN,2025-12-04T23:00:00.000Z
GHED_OOP_pc_US_SHA2011,Out-of-pocket expenditure (OOP) per capita in US$,numeric,AFR,Africa,Country,SYC,Seychelles,Year,2010,false,,,,,,,,,,,,,99.59,,,,,,99.59,,,EN,2025-12-04T23:00:00.000Z
GHED_OOP_pc_US_SHA2011,Out-of-pocket expenditure (OOP) per capita in US$,numeric,WPR,Western Pacific,Country,KIR,Kiribati,Year,2009,false,,,,,,,,,,,,,0.73,,,,,,0.73,,,EN,2025-12-04T23:00:00.000Z
GHED_OOP_pc_US_SHA2011,Out-of-pocket expenditure (OOP) per capita in US$,numeric,AFR,Africa,Country,CAF,Central African Republic,Year,2009,false,,,,,,,,,,,,,10.23,,,,,,10.23,,,EN,2025-12-04T23:00:00.000Z
GHED_OOP_pc_US_SHA2011,Out-of-pocket expenditure (OOP) per capita in US$,numeric,AFR,Africa,Country,BFA,Burkina Faso,Year,2009,false,,,,,,,,,,,,,10.3,,,,,,10.30,,,EN,2025-12-04T23:00:00.000Z
GHED_OOP_pc_US_SHA2011,Out-of-pocket expenditure (OOP) per capita in US$,numeric,EUR,Europe,Country,BEL,Belgium,Year,2009,false,,,,,,,,,,,,,1030,,,,,,1029.71,,,EN,2025-12-04T23:00:00.000Z
GHED_OOP_pc_US_SHA2011,Out-of-pocket expenditure (OOP) per capita in US$,numeric,EUR,Europe,Country,MKD,North Macedonia,Year,2009,false,,,,,,,,,,,,,103.6,,,,,,103.63,,,EN,2025-12-04T23:00:00.000Z
GHED_OOP_pc_US_SHA2011,Out-of-pocket expenditure (OOP) per capita in US$,numeric,EUR,Europe,Country,CYP,Cyprus,Year,2009,false,,,,,,,,,,,,,1051,,,,,,1051.13,,,EN,2025-12-04T23:00:00.000Z
GHED_OOP_pc_US_SHA2011,Out-of-pocket expenditure (OOP) per capita in US$,numeric,EMR,Eastern Mediterranean,Country,LBY,Libya,Year,2009,false,,,,,,,,,,,,,106.4,,,,,,106.43,,,EN,2025-12-04T23:00:00.000Z
GHED_OOP_pc_US_SHA2011,Out-of-pocket expenditure (OOP) per capita in US$,numeric,AMR,Americas,Country,JAM,Jamaica,Year,2009,false,,,,,,,,,,,,,106.5,,,,,,106.53,,,EN,2025-12-04T23:00:00.000Z
GHED_OOP_pc_US_SHA2011,Out-of-pocket expenditure (OOP) per capita in US$,numeric,AFR,Africa,Country,ERI,Eritrea,Year,2009,false,,,,,,,,,,,,,11.16,,,,,,11.16,,,EN,2025-12-04T23:00:00.000Z
GHED_OOP_pc_US_SHA2011,Out-of-pocket expenditure (OOP) per capita in US$,numeric,AFR,Africa,Country,TZA,United Republic of Tanzania,Year,2009,false,,,,,,,,,,,,,11.78,,,,,,11.78,,,EN,2025-12-04T23:00:00.000Z
GHED_OOP_pc_US_SHA2011,Out-of-pocket expenditure (OOP) per capita in US$,numeric,WPR,Western Pacific,Country,NIU,Niue,Year,2009,false,,,,,,,,,,,,,11.98,,,,,,11.98,,,EN,2025-12-04T23:00:00.000Z
GHED_OOP_pc_US_SHA2011,Out-of-pocket expenditure (OOP) per capita in US$,numeric,EUR,Europe,Country,NOR,Norway,Year,2009,false,,,,,,,,,,,,,1114,,,,,,1113.88,,,EN,2025-12-04T23:00:00.000Z
GHED_OOP_pc_US_SHA2011,Out-of-pocket expenditure (OOP) per capita in US$,numeric,SEAR,South-East Asia,Country,NPL,Nepal,Year,2009,false,,,,,,,,,,,,,12.02,,,,,,12.02,,,EN,2025-12-04T23:00:00.000Z
GHED_OOP_pc_US_SHA2011,Out-of-pocket expenditure (OOP) per capita in US$,numeric,SEAR,South-East Asia,Country,BGD,Bangladesh,Year,2009,false,,,,,,,,,,,,,12.03,,,,,,12.03,,,EN,2025-12-04T23:00:00.000Z
GHED_OOP_pc_US_SHA2011,Out-of-pocket expenditure (OOP) per capita in US$,numeric,WPR,Western Pacific,Country,FSM,Micronesia (Federated States of),Year,2009,false,,,,,,,,,,,,,12.21,,,,,,12.21,,,EN,2025-12-04T23:00:00.000Z
GHED_OOP_pc_US_SHA2011,Out-of-pocket expenditure (OOP) per capita in US$,numeric,AFR,Africa,Country,BEN,Benin,Year,2009,false,,,,,,,,,,,,,12.6,,,,,,12.60,,,EN,2025-12-04T23:00:00.000Z
GHED_OOP_pc_US_SHA2011,Out-of-pocket expenditure (OOP) per capita in US$,numeric,AMR,Americas,Country,PRY,Paraguay,Year,2009,false,,,,,,,,,,,,,120.8,,,,,,120.75,,,EN,2025-12-04T23:00:00.000Z
GHED_OOP_pc_US_SHA2011,Out-of-pocket expenditure (OOP) per capita in US$,numeric,AMR,Americas,Country,ECU,Ecuador,Year,2009,false,,,,,,,,,,,,,121.6,,,,,,121.57,,,EN,2025-12-04T23:00:00.000Z
GHED_OOP_pc_US_SHA2011,Out-of-pocket expenditure (OOP) per capita in US$,numeric,EUR,Europe,Country,BIH,Bosnia and Herzegovina,Year,2009,false,,,,,,,,,,,,,125.3,,,,,,125.32,,,EN,2025-12-04T23:00:00.000Z
GHED_OOP_pc_US_SHA2011,Out-of-pocket expenditure (OOP) per capita in US$,numeric,EUR,Europe,Country,TKM,Turkmenistan,Year,2009,false,,,,,,,,,,,,,126.2,,,,,,126.22,,,EN,2025-12-04T23:00:00.000Z
GHED_OOP_pc_US_SHA2011,Out-of-pocket expenditure (OOP) per capita in US$,numeric,AFR,Africa,Country,NER,Niger,Year,2009,false,,,,,,,,,,,,,13.18,,,,,,13.18,,,EN,2025-12-04T23:00:00.000Z
GHED_OOP_pc_US_SHA2011,Out-of-pocket expenditure (OOP) per capita in US$,numeric,WPR,Western Pacific,Country,TON,Tonga,Year,2009,false,,,,,,,,,,,,,13.54,,,,,,13.54,,,EN,2025-12-04T23:00:00.000Z
GHED_OOP_pc_US_SHA2011,Out-of-pocket expenditure (OOP) per capita in US$,numeric,AFR,Africa,Country,GNQ,Equatorial Guinea,Year,2009,false,,,,,,,,,,,,,131.4,,,,,,131.40,,,EN,2025-12-04T23:00:00.000Z
GHED_OOP_pc_US_SHA2011,Out-of-pocket expenditure (OOP) per capita in US$,numeric,EUR,Europe,Country,ALB,Albania,Year,2009,false,,,,,,,,,,,,,134,,,,,,133.95,,,EN,2025-12-04T23:00:00.000Z
GHED_OOP_pc_US_SHA2011,Out-of-pocket expenditure (OOP) per capita in US$,numeric,AFR,Africa,Country,GAB,Gabon,Year,2009,false,,,,,,,,,,,,,139,,,,,,139.03,,,EN,2025-12-04T23:00:00.000Z
GHED_OOP_pc_US_SHA2011,Out-of-pocket expenditure (OOP) per capita in US$,numeric,EMR,Eastern Mediterranean,Country,SAU,Saudi Arabia,Year,2009,false,,,,,,,,,,,,,139.5,,,,,,139.50,,,EN,2025-12-04T23:00:00.000Z
GHED_OOP_pc_US_SHA2011,Out-of-pocket expenditure (OOP) per capita in US$,numeric,AFR,Africa,Country,GNB,Guinea-Bissau,Year,2009,false,,,,,,,,,,,,,14.25,,,,,,14.25,,,EN,2025-12-04T23:00:00.000Z
GHED_OOP_pc_US_SHA2011,Out-of-pocket expenditure (OOP) per capita in US$,numeric,AMR,Americas,Country,CRI,Costa Rica,Year,2009,false,,,,,,,,,,,,,141.8,,,,,,141.80,,,EN,2025-12-04T23:00:00.000Z
GHED_OOP_pc_US_SHA2011,Out-of-pocket expenditure (OOP) per capita in US$,numeric,AMR,Americas,Country,DMA,Dominica,Year,2009,false,,,,,,,,,,,,,149.6,,,,,,149.55,,,EN,2025-12-04T23:00:00.000Z
GHED_OOP_pc_US_SHA2011,Out-of-pocket expenditure (OOP) per capita in US$,numeric,EMR,Eastern Mediterranean,Country,DJI,Djibouti,Year,2009,false,,,,,,,,,,,,,15.16,,,,,,15.16,,,EN,2025-12-04T23:00:00.000Z
GHED_OOP_pc_US_SHA2011,Out-of-pocket expenditure (OOP) per capita in US$,numeric,SEAR,South-East Asia,Country,MMR,Myanmar,Year,2009,false,,,,,,,,,,,,,15.39,,,,,,15.39,,,EN,2025-12-04T23:00:00.000Z
GHED_OOP_pc_US_SHA2011,Out-of-pocket expenditure (OOP) per capita in US$,numeric,EMR,Eastern Mediterranean,Country,PAK,Pakistan,Year,2009,false,,,,,,,,,,,,,15.71,,,,,,15.71,,,EN,2025-12-04T23:00:00.000Z
GHED_OOP_pc_US_SHA2011,Out-of-pocket expenditure (OOP) per capita in US$,numeric,AFR,Africa,Country,LSO,Lesotho,Year,2009,false,,,,,,,,,,,,,15.94,,,,,,15.94,,,EN,2025-12-04T23:00:00.000Z
GHED_OOP_pc_US_SHA2011,Out-of-pocket expenditure (OOP) per capita in US$,numeric,AFR,Africa,Country,LBR,Liberia,Year,2009,false,,,,,,,,,,,,,15.97,,,,,,15.97,,,EN,2025-12-04T23:00:00.000Z
GHED_OOP_pc_US_SHA2011,Out-of-pocket expenditure (OOP) per capita in US$,numeric,AMR,Americas,Country,ATG,Antigua and Barbuda,Year,2009,false,,,,,,,,,,,,,154.1,,,,,,154.06,,,EN,2025-12-04T23:00:00.000Z
GHED_OOP_pc_US_SHA2011,Out-of-pocket expenditure (OOP) per capita in US$,numeric,AMR,Americas,Country,HTI,Haiti,Year,2009,false,,,,,,,,,,,,,16.26,,,,,,16.26,,,EN,2025-12-04T23:00:00.000Z
GHED_OOP_pc_US_SHA2011,Out-of-pocket expenditure (OOP) per capita in US$,numeric,EUR,Europe,Country,HRV,Croatia,Year,2009,false,,,,,,,,,,,,,163.2,,,,,,163.22,,,EN,2025-12-04T23:00:00.000Z
GHED_OOP_pc_US_SHA2011,Out-of-pocket expenditure (OOP) per capita in US$,numeric,AMR,Americas,Country,PAN,Panama,Year,2009,false,,,,,,,,,,,,,163.7,,,,,,163.70,,,EN,2025-12-04T23:00:00.000Z
GHED_OOP_pc_US_SHA2011,Out-of-pocket expenditure (OOP) per capita in US$,numeric,AFR,Africa,Country,GIN,Guinea,Year,2009,false,,,,,,,,,,,,,17.19,,,,,,17.19,,,EN,2025-12-04T23:00:00.000Z
GHED_OOP_pc_US_SHA2011,Out-of-pocket expenditure (OOP) per capita in US$,numeric,AFR,Africa,Country,KEN,Kenya,Year,2009,false,,,,,,,,,,,,,17.4,,,,,,17.40,,,EN,2025-12-04T23:00:00.000Z
GHED_OOP_pc_US_SHA2011,Out-of-pocket expenditure (OOP) per capita in US$,numeric,WPR,Western Pacific,Country,MNG,Mongolia,Year,2009,false,,,,,,,,,,,,,17.46,,,,,,17.46,,,EN,2025-12-04T23:00:00.000Z
GHED_OOP_pc_US_SHA2011,Out-of-pocket expenditure (OOP) per capita in US$,numeric,AFR,Africa,Country,STP,Sao Tome and Principe,Year,2009,false,,,,,,,,,,,,,17.79,,,,,,17.79,,,EN,2025-12-04T23:00:00.000Z
GHED_OOP_pc_US_SHA2011,Out-of-pocket expenditure (OOP) per capita in US$,numeric,WPR,Western Pacific,Country,NRU,Nauru,Year,2009,false,,,,,,,,,,,,,17.87,,,,,,17.87,,,EN,2025-12-04T23:00:00.000Z
GHED_OOP_pc_US_SHA2011,Out-of-pocket expenditure (OOP) per capita in US$,numeric,AMR,Americas,Country,URY,Uruguay,Year,2009,false,,,,,,,,,,,,,171.4,,,,,,171.42,,,EN,2025-12-04T23:00:00.000Z
GHED_OOP_pc_US_SHA2011,Out-of-pocket expenditure (OOP) per capita in US$,numeric,EMR,Eastern Mediterranean,Country,KWT,Kuwait,Year,2009,false,,,,,,,,,,,,,171.5,,,,,,171.54,,,EN,2025-12-04T23:00:00.000Z
GHED_OOP_pc_US_SHA2011,Out-of-pocket expenditure (OOP) per capita in US$,numeric,AFR,Africa,Country,MUS,Mauritius,Year,2009,false,,,,,,,,,,,,,176.1,,,,,,176.10,,,EN,2025-12-04T23:00:00.000Z
GHED_OOP_pc_US_SHA2011,Out-of-pocket expenditure (OOP) per capita in US$,numeric,EUR,Europe,Country,RUS,Russian Federation,Year,2009,false,,,,,,,,,,,,,177.7,,,,,,177.72,,,EN,2025-12-04T23:00:00.000Z
GHED_OOP_pc_US_SHA2011,Out-of-pocket expenditure (OOP) per capita in US$,numeric,AFR,Africa,Country,BWA,Botswana,Year,2009,false,,,,,,,,,,,,,18.25,,,,,,18.25,,,EN,2025-12-04T23:00:00.000Z
GHED_OOP_pc_US_SHA2011,Out-of-pocket expenditure (OOP) per capita in US$,numeric,AFR,Africa,Country,TGO,Togo,Year,2009,false,,,,,,,,,,,,,18.51,,,,,,18.51,,,EN,2025-12-04T23:00:00.000Z
GHED_OOP_pc_US_SHA2011,Out-of-pocket expenditure (OOP) per capita in US$,numeric,AFR,Africa,Country,AGO,Angola,Year,2009,false,,,,,,,,,,,,,18.69,,,,,,18.69,,,EN,2025-12-04T23:00:00.000Z
GHED_OOP_pc_US_SHA2011,Out-of-pocket expenditure (OOP) per capita in US$,numeric,EUR,Europe,Country,ARM,Armenia,Year,2009,false,,,,,,,,,,,,,182.5,,,,,,182.54,,,EN,2025-12-04T23:00:00.000Z
GHED_OOP_pc_US_SHA2011,Out-of-pocket expenditure (OOP) per capita in US$,numeric,EUR,Europe,Country,POL,Poland,Year,2009,false,,,,,,,,,,,,,185,,,,,,185.04,,,EN,2025-12-04T23:00:00.000Z
GHED_OOP_pc_US_SHA2011,Out-of-pocket expenditure (OOP) per capita in US$,numeric,WPR,Western Pacific,Country,PLW,Palau,Year,2009,false,,,,,,,,,,,,,185.5,,,,,,185.54,,,EN,2025-12-04T23:00:00.000Z
GHED_OOP_pc_US_SHA2011,Out-of-pocket expenditure (OOP) per capita in US$,numeric,EUR,Europe,Country,GEO,Georgia,Year,2009,false,,,,,,,,,,,,,186.2,,,,,,186.20,,,EN,2025-12-04T23:00:00.000Z
GHED_OOP_pc_US_SHA2011,Out-of-pocket expenditure (OOP) per capita in US$,numeric,AFR,Africa,Country,UGA,Uganda,Year,2009,false,,,,,,,,,,,,,19.01,,,,,,19.01,,,EN,2025-12-04T23:00:00.000Z
GHED_OOP_pc_US_SHA2011,Out-of-pocket expenditure (OOP) per capita in US$,numeric,EUR,Europe,Country,CHE,Switzerland,Year,2009,false,,,,,,,,,,,,,1903,,,,,,1903.16,,,EN,2025-12-04T23:00:00.000Z
GHED_OOP_pc_US_SHA2011,Out-of-pocket expenditure (OOP) per capita in US$,numeric,EMR,Eastern Mediterranean,Country,IRN,Iran (Islamic Republic of),Year,2009,false,,,,,,,,,,,,,198.5,,,,,,198.48,,,EN,2025-12-04T23:00:00.000Z
GHED_OOP_pc_US_SHA2011,Out-of-pocket expenditure (OOP) per capita in US$,numeric,AFR,Africa,Country,MOZ,Mozambique,Year,2009,false,,,,,,,,,,,,,2.28,,,,,,2.28,,,EN,2025-12-04T23:00:00.000Z
GHED_OOP_pc_US_SHA2011,Out-of-pocket expenditure (OOP) per capita in US$,numeric,WPR,Western Pacific,Country,SLB,Solomon Islands,Year,2009,false,,,,,,,,,,,,,2.55,,,,,,2.55,,,EN,2025-12-04T23:00:00.000Z
GHED_OOP_pc_US_SHA2011,Out-of-pocket expenditure (OOP) per capita in US$,numeric,EUR,Europe,Country,SRB,Serbia,Year,2009,false,,,,,,,,,,,,,202.3,,,,,,202.29,,,EN,2025-12-04T23:00:00.000Z
GHED_OOP_pc_US_SHA2011,Out-of-pocket expenditure (OOP) per capita in US$,numeric,EUR,Europe,Country,BGR,Bulgaria,Year,2009,false,,,,,,,,,,,,,203.8,,,,,,203.78,,,EN,2025-12-04T23:00:00.000Z
GHED_OOP_pc_US_SHA2011,Out-of-pocket expenditure (OOP) per capita in US$,numeric,AMR,Americas,Country,ARG,Argentina,Year,2009,false,,,,,,,,,,,,,203.9,,,,,,203.87,,,EN,2025-12-04T23:00:00.000Z
GHED_OOP_pc_US_SHA2011,Out-of-pocket expenditure (OOP) per capita in US$,numeric,AMR,Americas,Country,GRD,Grenada,Year,2009,false,,,,,,,,,,,,,205.6,,,,,,205.59,,,EN,2025-12-04T23:00:00.000Z
GHED_OOP_pc_US_SHA2011,Out-of-pocket expenditure (OOP) per capita in US$,numeric,AFR,Africa,Country,MLI,Mali,Year,2009,false,,,,,,,,,,,,,21.42,,,,,,21.42,,,EN,2025-12-04T23:00:00.000Z
GHED_OOP_pc_US_SHA2011,Out-of-pocket expenditure (OOP) per capita in US$,numeric,WPR,Western Pacific,Country,TUV,Tuvalu,Year,2009,false,,,,,,,,,,,,,21.54,,,,,,21.54,,,EN,2025-12-04T23:00:00.000Z
GHED_OOP_pc_US_SHA2011,Out-of-pocket expenditure (OOP) per capita in US$,numeric,WPR,Western Pacific,Country,WSM,Samoa,Year,2009,false,,,,,,,,,,,,,21.67,,,,,,21.67,,,EN,2025-12-04T23:00:00.000Z
GHED_OOP_pc_US_SHA2011,Out-of-pocket expenditure (OOP) per capita in US$,numeric,WPR,Western Pacific,Country,COK,Cook Islands,Year,2009,false,,,,,,,,,,,,,21.68,,,,,,21.68,,,EN,2025-12-04T23:00:00.000Z
GHED_OOP_pc_US_SHA2011,Out-of-pocket expenditure (OOP) per capita in US$,numeric,AFR,Africa,Country,GHA,Ghana,Year,2009,false,,,,,,,,,,,,,21.81,,,,,,21.81,,,EN,2025-12-04T23:00:00.000Z
GHED_OOP_pc_US_SHA2011,Out-of-pocket expenditure (OOP) per capita in US$,numeric,EUR,Europe,Country,EST,Estonia,Year,2009,false,,,,,,,,,,,,,213.7,,,,,,213.68,,,EN,2025-12-04T23:00:00.000Z
GHED_OOP_pc_US_SHA2011,Out-of-pocket expenditure (OOP) per capita in US$,numeric,EUR,Europe,Country,CZE,Czechia,Year,2009,false,,,,,,,,,,,,,217.1,,,,,,217.07,,,EN,2025-12-04T23:00:00.000Z
GHED_OOP_pc_US_SHA2011,Out-of-pocket expenditure (OOP) per capita in US$,numeric,AFR,Africa,Country,TCD,Chad,Year,2009,false,,,,,,,,,,,,,22.64,,,,,,22.64,,,EN,2025-12-04T23:00:00.000Z
GHED_OOP_pc_US_SHA2011,Out-of-pocket expenditure (OOP) per capita in US$,numeric,AFR,Africa,Country,SEN,Senegal,Year,2009,false,,,,,,,,,,,,,22.93,,,,,,22.93,,,EN,2025-12-04T23:00:00.000Z
GHED_OOP_pc_US_SHA2011,Out-of-pocket expenditure (OOP) per capita in US$,numeric,EMR,Eastern Mediterranean,Country,LBN,Lebanon,Year,2009,false,,,,,,,,,,,,,221.5,,,,,,221.46,,,EN,2025-12-04T23:00:00.000Z
GHED_OOP_pc_US_SHA2011,Out-of-pocket expenditure (OOP) per capita in US$,numeric,EMR,Eastern Mediterranean,Country,BHR,Bahrain,Year,2009,false,,,,,,,,,,,,,222.9,,,,,,222.88,,,EN,2025-12-04T23:00:00.000Z
GHED_OOP_pc_US_SHA2011,Out-of-pocket expenditure (OOP) per capita in US$,numeric,AMR,Americas,Country,BRA,Brazil,Year,2009,false,,,,,,,,,,,,,227.4,,,,,,227.38,,,EN,2025-12-04T23:00:00.000Z
GHED_OOP_pc_US_SHA2011,Out-of-pocket expenditure (OOP) per capita in US$,numeric,EUR,Europe,Country,KGZ,Kyrgyzstan,Year,2009,false,,,,,,,,,,,,,23.13,,,,,,23.13,,,EN,2025-12-04T23:00:00.000Z
GHED_OOP_pc_US_SHA2011,Out-of-pocket expenditure (OOP) per capita in US$,numeric,SEAR,South-East Asia,Country,THA,Thailand,Year,2009,false,,,,,,,,,,,,,23.8,,,,,,23.80,,,EN,2025-12-04T23:00:00.000Z
GHED_OOP_pc_US_SHA2011,Out-of-pocket expenditure (OOP) per capita in US$,numeric,EUR,Europe,Country,LTU,Lithuania,Year,2009,false,,,,,,,,,,,,,231.9,,,,,,231.90,,,EN,2025-12-04T23:00:00.000Z
GHED_OOP_pc_US_SHA2011,Out-of-pocket expenditure (OOP) per capita in US$,numeric,SEAR,South-East Asia,Country,MDV,Maldives,Year,2009,false,,,,,,,,,,,,,233.2,,,,,,233.24,,,EN,2025-12-04T23:00:00.000Z
GHED_OOP_pc_US_SHA2011,Out-of-pocket expenditure (OOP) per capita in US$,numeric,AMR,Americas,Country,MEX,Mexico,Year,2009,false,,,,,,,,,,,,,233.3,,,,,,233.26,,,EN,2025-12-04T23:00:00.000Z
GHED_OOP_pc_US_SHA2011,Out-of-pocket expenditure (OOP) per capita in US$,numeric,WPR,Western Pacific,Country,VNM,Viet Nam,Year,2009,false,,,,,,,,,,,,,24.18,,,,,,24.18,,,EN,2025-12-04T23:00:00.000Z
GHED_OOP_pc_US_SHA2011,Out-of-pocket expenditure (OOP) per capita in US$,numeric,AFR,Africa,Country,COG,Congo,Year,2009,false,,,,,,,,,,,,,24.51,,,,,,24.51,,,EN,2025-12-04T23:00:00.000Z
GHED_OOP_pc_US_SHA2011,Out-of-pocket expenditure (OOP) per capita in US$,numeric,EMR,Eastern Mediterranean,Country,ARE,United Arab Emirates,Year,2009,false,,,,,,,,,,,,,246.5,,,,,,246.50,,,EN,2025-12-04T23:00:00.000Z
GHED_OOP_pc_US_SHA2011,Out-of-pocket expenditure (OOP) per capita in US$,numeric,EUR,Europe,Country,HUN,Hungary,Year,2009,false,,,,,,,,,,,,,247.6,,,,,,247.57,,,EN,2025-12-04T23:00:00.000Z
GHED_OOP_pc_US_SHA2011,Out-of-pocket expenditure (OOP) per capita in US$,numeric,AMR,Americas,Country,LCA,Saint Lucia,Year,2009,false,,,,,,,,,,,,,248.1,,,,,,248.11,,,EN,2025-12-04T23:00:00.000Z
GHED_OOP_pc_US_SHA2011,Out-of-pocket expenditure (OOP) per capita in US$,numeric,SEAR,South-East Asia,Country,IND,India,Year,2009,false,,,,,,,,,,,,,25.41,,,,,,25.41,,,EN,2025-12-04T23:00:00.000Z
GHED_OOP_pc_US_SHA2011,Out-of-pocket expenditure (OOP) per capita in US$,numeric,AFR,Africa,Country,SLE,Sierra Leone,Year,2009,false,,,,,,,,,,,,,25.68,,,,,,25.68,,,EN,2025-12-04T23:00:00.000Z
GHED_OOP_pc_US_SHA2011,Out-of-pocket expenditure (OOP) per capita in US$,numeric,AMR,Americas,Country,CHL,Chile,Year,2009,false,,,,,,,,,,,,,252.7,,,,,,252.72,,,EN,2025-12-04T23:00:00.000Z
GHED_OOP_pc_US_SHA2011,Out-of-pocket expenditure (OOP) per capita in US$,numeric,EMR,Eastern Mediterranean,Country,QAT,Qatar,Year,2009,false,,,,,,,,,,,,,256.9,,,,,,256.88,,,EN,2025-12-04T23:00:00.000Z
GHED_OOP_pc_US_SHA2011,Out-of-pocket expenditure (OOP) per capita in US$,numeric,AMR,Americas,Country,BOL,Bolivia (Plurinational State of),Year,2009,false,,,,,,,,,,,,,26.96,,,,,,26.96,,,EN,2025-12-04T23:00:00.000Z
GHED_OOP_pc_US_SHA2011,Out-of-pocket expenditure (OOP) per capita in US$,numeric,EUR,Europe,Country,TJK,Tajikistan,Year,2009,false,,,,,,,,,,,,,27.1,,,,,,27.10,,,EN,2025-12-04T23:00:00.000Z
GHED_OOP_pc_US_SHA2011,Out-of-pocket expenditure (OOP) per capita in US$,numeric,WPR,Western Pacific,Country,KHM,Cambodia,Year,2009,false,,,,,,,,,,,,,27.9,,,,,,27.90,,,EN,2025-12-04T23:00:00.000Z
GHED_OOP_pc_US_SHA2011,Out-of-pocket expenditure (OOP) per capita in US$,numeric,EUR,Europe,Country,SVN,Slovenia,Year,2009,false,,,,,,,,,,,,,271.6,,,,,,271.58,,,EN,2025-12-04T23:00:00.000Z
GHED_OOP_pc_US_SHA2011,Out-of-pocket expenditure (OOP) per capita in US$,numeric,AFR,Africa,Country,MRT,Mauritania,Year,2009,false,,,,,,,,,,,,,28.02,,,,,,28.02,,,EN,2025-12-04T23:00:00.000Z
GHED_OOP_pc_US_SHA2011,Out-of-pocket expenditure (OOP) per capita in US$,numeric,EUR,Europe,Country,LVA,Latvia,Year,2009,false,,,,,,,,,,,,,288.8,,,,,,288.80,,,EN,2025-12-04T23:00:00.000Z
GHED_OOP_pc_US_SHA2011,Out-of-pocket expenditure (OOP) per capita in US$,numeric,AFR,Africa,Country,SWZ,Eswatini,Year,2009,false,,,,,,,,,,,,,29.15,,,,,,29.15,,,EN,2025-12-04T23:00:00.000Z
GHED_OOP_pc_US_SHA2011,Out-of-pocket expenditure (OOP) per capita in US$,numeric,WPR,Western Pacific,Country,FJI,Fiji,Year,2009,false,,,,,,,,,,,,,29.77,,,,,,29.77,,,EN,2025-12-04T23:00:00.000Z
GHED_OOP_pc_US_SHA2011,Out-of-pocket expenditure (OOP) per capita in US$,numeric,EUR,Europe,Country,SVK,Slovakia,Year,2009,false,,,,,,,,,,,,,295.9,,,,,,295.94,,,EN,2025-12-04T23:00:00.000Z
GHED_OOP_pc_US_SHA2011,Out-of-pocket expenditure (OOP) per capita in US$,numeric,WPR,Western Pacific,Country,PNG,Papua New Guinea,Year,2009,false,,,,,,,,,,,,,3.8,,,,,,3.80,,,EN,2025-12-04T23:00:00.000Z
GHED_OOP_pc_US_SHA2011,Out-of-pocket expenditure (OOP) per capita in US$,numeric,WPR,Western Pacific,Country,IDN,Indonesia,Year,2009,false,,,,,,,,,,,,,30.72,,,,,,30.72,,,EN,2025-12-04T23:00:00.000Z
GHED_OOP_pc_US_SHA2011,Out-of-pocket expenditure (OOP) per capita in US$,numeric,EMR,Eastern Mediterranean,Country,IRQ,Iraq,Year,2009,false,,,,,,,,,,,,,31.34,,,,,,31.34,,,EN,2025-12-04T23:00:00.000Z
GHED_OOP_pc_US_SHA2011,Out-of-pocket expenditure (OOP) per capita in US$,numeric,EMR,Eastern Mediterranean,Country,AFG,Afghanistan,Year,2009,false,,,,,,,,,,,,,31.39,,,,,,31.39,,,EN,2025-12-04T23:00:00.000Z
GHED_OOP_pc_US_SHA2011,Out-of-pocket expenditure (OOP) per capita in US$,numeric,AFR,Africa,Country,CPV,Cabo Verde,Year,2009,false,,,,,,,,,,,,,31.55,,,,,,31.55,,,EN,2025-12-04T23:00:00.000Z
GHED_OOP_pc_US_SHA2011,Out-of-pocket expenditure (OOP) per capita in US$,numeric,WPR,Western Pacific,Country,NZL,New Zealand,Year,2009,false,,,,,,,,,,,,,311,,,,,,310.98,,,EN,2025-12-04T23:00:00.000Z
GHED_OOP_pc_US_SHA2011,Out-of-pocket expenditure (OOP) per capita in US$,numeric,AFR,Africa,Country,NAM,Namibia,Year,2009,false,,,,,,,,,,,,,32.64,,,,,,32.64,,,EN,2025-12-04T23:00:00.000Z
GHED_OOP_pc_US_SHA2011,Out-of-pocket expenditure (OOP) per capita in US$,numeric,AMR,Americas,Country,TTO,Trinidad and Tobago,Year,2009,false,,,,,,,,,,,,,369,,,,,,368.98,,,EN,2025-12-04T23:00:00.000Z
GHED_OOP_pc_US_SHA2011,Out-of-pocket expenditure (OOP) per capita in US$,numeric,AMR,Americas,Country,BHS,Bahamas,Year,2009,false,,,,,,,,,,,,,382.8,,,,,,382.77,,,EN,2025-12-04T23:00:00.000Z
GHED_OOP_pc_US_SHA2011,Out-of-pocket expenditure (OOP) per capita in US$,numeric,EUR,Europe,Country,AND,Andorra,Year,2009,false,,,,,,,,,,,,,385,,,,,,384.98,,,EN,2025-12-04T23:00:00.000Z
GHED_OOP_pc_US_SHA2011,Out-of-pocket expenditure (OOP) per capita in US$,numeric,AFR,Africa,Country,CMR,Cameroon,Year,2009,false,,,,,,,,,,,,,39.26,,,,,,39.26,,,EN,2025-12-04T23:00:00.000Z
GHED_OOP_pc_US_SHA2011,Out-of-pocket expenditure (OOP) per capita in US$,numeric,AFR,Africa,Country,ZAF,South Africa,Year,2009,false,,,,,,,,,,,,,39.55,,,,,,39.55,,,EN,2025-12-04T23:00:00.000Z
GHED_OOP_pc_US_SHA2011,Out-of-pocket expenditure (OOP) per capita in US$,numeric,AFR,Africa,Country,MWI,Malawi,Year,2009,false,,,,,,,,,,,,,4,,,,,,4.00,,,EN,2025-12-04T23:00:00.000Z
GHED_OOP_pc_US_SHA2011,Out-of-pocket expenditure (OOP) per capita in US$,numeric,SEAR,South-East Asia,Country,TLS,Timor-Leste,Year,2009,false,,,,,,,,,,,,,4.44,,,,,,4.44,,,EN,2025-12-04T23:00:00.000Z
GHED_OOP_pc_US_SHA2011,Out-of-pocket expenditure (OOP) per capita in US$,numeric,EUR,Europe,Country,UZB,Uzbekistan,Year,2009,false,,,,,,,,,,,,,40.6,,,,,,40.60,,,EN,2025-12-04T23:00:00.000Z
GHED_OOP_pc_US_SHA2011,Out-of-pocket expenditure (OOP) per capita in US$,numeric,AFR,Africa,Country,CIV,Cote d'Ivoire,Year,2009,false,,,,,,,,,,,,,40.81,,,,,,40.81,,,EN,2025-12-04T23:00:00.000Z
GHED_OOP_pc_US_SHA2011,Out-of-pocket expenditure (OOP) per capita in US$,numeric,EMR,Eastern Mediterranean,Country,SDN,Sudan,Year,2009,false,,,,,,,,,,,,,41.98,,,,,,41.98,,,EN,2025-12-04T23:00:00.000Z
GHED_OOP_pc_US_SHA2011,Out-of-pocket expenditure (OOP) per capita in US$,numeric,AMR,Americas,Country,BRB,Barbados,Year,2009,false,,,,,,,,,,,,,422.9,,,,,,422.88,,,EN,2025-12-04T23:00:00.000Z
GHED_OOP_pc_US_SHA2011,Out-of-pocket expenditure (OOP) per capita in US$,numeric,EMR,Eastern Mediterranean,Country,YEM,Yemen,Year,2009,false,,,,,,,,,,,,,43.06,,,,,,43.06,,,EN,2025-12-04T23:00:00.000Z
GHED_OOP_pc_US_SHA2011,Out-of-pocket expenditure (OOP) per capita in US$,numeric,WPR,Western Pacific,Country,PHL,Philippines,Year,2009,false,,,,,,,,,,,,,43.15,,,,,,43.15,,,EN,2025-12-04T23:00:00.000Z
GHED_OOP_pc_US_SHA2011,Out-of-pocket expenditure (OOP) per capita in US$,numeric,AMR,Americas,Country,NIC,Nicaragua,Year,2009,false,,,,,,,,,,,,,43.21,,,,,,43.21,,,EN,2025-12-04T23:00:00.000Z
GHED_OOP_pc_US_SHA2011,Out-of-pocket expenditure (OOP) per capita in US$,numeric,WPR,Western Pacific,Country,KOR,Republic of Korea,Year,2009,false,,,,,,,,,,,,,450.9,,,,,,450.92,,,EN,2025-12-04T23:00:00.000Z
GHED_OOP_pc_US_SHA2011,Out-of-pocket expenditure (OOP) per capita in US$,numeric,EUR,Europe,Country,MCO,Monaco,Year,2009,false,,,,,,,,,,,,,451.1,,,,,,451.11,,,EN,2025-12-04T23:00:00.000Z
GHED_OOP_pc_US_SHA2011,Out-of-pocket expenditure (OOP) per capita in US$,numeric,EMR,Eastern Mediterranean,Country,SYR,Syrian Arab Republic,Year,2009,false,,,,,,,,,,,,,47.15,,,,,,47.15,,,EN,2025-12-04T23:00:00.000Z
GHED_OOP_pc_US_SHA2011,Out-of-pocket expenditure (OOP) per capita in US$,numeric,EUR,Europe,Country,GBR,United Kingdom of Great Britain and Northern Ireland,Year,2009,false,,,,,,,,,,,,,472.7,,,,,,472.66,,,EN,2025-12-04T23:00:00.000Z
GHED_OOP_pc_US_SHA2011,Out-of-pocket expenditure (OOP) per capita in US$,numeric,AMR,Americas,Country,KNA,Saint Kitts and Nevis,Year,2009,false,,,,,,,,,,,,,477.2,,,,,,477.20,,,EN,2025-12-04T23:00:00.000Z
GHED_OOP_pc_US_SHA2011,Out-of-pocket expenditure (OOP) per capita in US$,numeric,EUR,Europe,Country,NLD,Netherlands (Kingdom of the),Year,2009,false,,,,,,,,,,,,,479.1,,,,,,479.12,,,EN,2025-12-04T23:00:00.000Z
GHED_OOP_pc_US_SHA2011,Out-of-pocket expenditure (OOP) per capita in US$,numeric,AFR,Africa,Country,NGA,Nigeria,Year,2009,false,,,,,,,,,,,,,48.94,,,,,,48.94,,,EN,2025-12-04T23:00:00.000Z
GHED_OOP_pc_US_SHA2011,Out-of-pocket expenditure (OOP) per capita in US$,numeric,EUR,Europe,Country,FRA,France,Year,2009,false,,,,,,,,,,,,,481.7,,,,,,481.66,,,EN,2025-12-04T23:00:00.000Z
GHED_OOP_pc_US_SHA2011,Out-of-pocket expenditure (OOP) per capita in US$,numeric,AMR,Americas,Country,GUY,Guyana,Year,2009,false,,,,,,,,,,,,,49.35,,,,,,49.35,,,EN,2025-12-04T23:00:00.000Z
GHED_OOP_pc_US_SHA2011,Out-of-pocket expenditure (OOP) per capita in US$,numeric,AFR,Africa,Country,RWA,Rwanda,Year,2009,false,,,,,,,,,,,,,5.01,,,,,,5.01,,,EN,2025-12-04T23:00:00.000Z
GHED_OOP_pc_US_SHA2011,Out-of-pocket expenditure (OOP) per capita in US$,numeric,AFR,Africa,Country,COD,Democratic Republic of the Congo,Year,2009,false,,,,,,,,,,,,,5.79,,,,,,5.79,,,EN,2025-12-04T23:00:00.000Z
GHED_OOP_pc_US_SHA2011,Out-of-pocket expenditure (OOP) per capita in US$,numeric,WPR,Western Pacific,Country,MHL,Marshall Islands,Year,2009,false,,,,,,,,,,,,,5.79,,,,,,5.79,,,EN,2025-12-04T23:00:00.000Z
GHED_OOP_pc_US_SHA2011,Out-of-pocket expenditure (OOP) per capita in US$,numeric,AFR,Africa,Country,GMB,Gambia,Year,2009,false,,,,,,,,,,,,,5.88,,,,,,5.88,,,EN,2025-12-04T23:00:00.000Z
GHED_OOP_pc_US_SHA2011,Out-of-pocket expenditure (OOP) per capita in US$,numeric,SEAR,South-East Asia,Country,LKA,Sri Lanka,Year,2009,false,,,,,,,,,,,,,51.83,,,,,,51.83,,,EN,2025-12-04T23:00:00.000Z
GHED_OOP_pc_US_SHA2011,Out-of-pocket expenditure (OOP) per capita in US$,numeric,EUR,Europe,Country,ISR,Israel,Year,2009,false,,,,,,,,,,,,,517.1,,,,,,517.14,,,EN,2025-12-04T23:00:00.000Z
GHED_OOP_pc_US_SHA2011,Out-of-pocket expenditure (OOP) per capita in US$,numeric,EUR,Europe,Country,KAZ,Kazakhstan,Year,2009,false,,,,,,,,,,,,,53.85,,,,,,53.85,,,EN,2025-12-04T23:00:00.000Z
GHED_OOP_pc_US_SHA2011,Out-of-pocket expenditure (OOP) per capita in US$,numeric,AMR,Americas,Country,CUB,Cuba,Year,2009,false,,,,,,,,,,,,,54.72,,,,,,54.72,,,EN,2025-12-04T23:00:00.000Z
GHED_OOP_pc_US_SHA2011,Out-of-pocket expenditure (OOP) per capita in US$,numeric,EUR,Europe,Country,MLT,Malta,Year,2009,false,,,,,,,,,,,,,546.5,,,,,,546.47,,,EN,2025-12-04T23:00:00.000Z
GHED_OOP_pc_US_SHA2011,Out-of-pocket expenditure (OOP) per capita in US$,numeric,AFR,Africa,Country,DZA,Algeria,Year,2009,false,,,,,,,,,,,,,56.88,,,,,,56.88,,,EN,2025-12-04T23:00:00.000Z
GHED_OOP_pc_US_SHA2011,Out-of-pocket expenditure (OOP) per capita in US$,numeric,WPR,Western Pacific,Country,JPN,Japan,Year,2009,false,,,,,,,,,,,,,560.4,,,,,,560.37,,,EN,2025-12-04T23:00:00.000Z
GHED_OOP_pc_US_SHA2011,Out-of-pocket expenditure (OOP) per capita in US$,numeric,WPR,Western Pacific,Country,SGP,Singapore,Year,2009,false,,,,,,,,,,,,,574.9,,,,,,574.86,,,EN,2025-12-04T23:00:00.000Z
GHED_OOP_pc_US_SHA2011,Out-of-pocket expenditure (OOP) per capita in US$,numeric,AFR,Africa,Country,COM,Comoros,Year,2009,false,,,,,,,,,,,,,58.45,,,,,,58.45,,,EN,2025-12-04T23:00:00.000Z
GHED_OOP_pc_US_SHA2011,Out-of-pocket expenditure (OOP) per capita in US$,numeric,EMR,Eastern Mediterranean,Country,OMN,Oman,Year,2009,false,,,,,,,,,,,,,58.65,,,,,,58.65,,,EN,2025-12-04T23:00:00.000Z
GHED_OOP_pc_US_SHA2011,Out-of-pocket expenditure (OOP) per capita in US$,numeric,EUR,Europe,Country,PRT,Portugal,Year,2009,false,,,,,,,,,,,,,589.1,,,,,,589.06,,,EN,2025-12-04T23:00:00.000Z
GHED_OOP_pc_US_SHA2011,Out-of-pocket expenditure (OOP) per capita in US$,numeric,AMR,Americas,Country,BLZ,Belize,Year,2009,false,,,,,,,,,,,,,59.22,,,,,,59.22,,,EN,2025-12-04T23:00:00.000Z
GHED_OOP_pc_US_SHA2011,Out-of-pocket expenditure (OOP) per capita in US$,numeric,EMR,Eastern Mediterranean,Country,EGY,Egypt,Year,2009,false,,,,,,,,,,,,,59.77,,,,,,59.77,,,EN,2025-12-04T23:00:00.000Z
GHED_OOP_pc_US_SHA2011,Out-of-pocket expenditure (OOP) per capita in US$,numeric,EUR,Europe,Country,ESP,Spain,Year,2009,false,,,,,,,,,,,,,597.1,,,,,,597.09,,,EN,2025-12-04T23:00:00.000Z
GHED_OOP_pc_US_SHA2011,Out-of-pocket expenditure (OOP) per capita in US$,numeric,AFR,Africa,Country,ETH,Ethiopia,Year,2009,false,,,,,,,,,,,,,6.29,,,,,,6.29,,,EN,2025-12-04T23:00:00.000Z
GHED_OOP_pc_US_SHA2011,Out-of-pocket expenditure (OOP) per capita in US$,numeric,AFR,Africa,Country,BDI,Burundi,Year,2009,false,,,,,,,,,,,,,6.5,,,,,,6.50,,,EN,2025-12-04T23:00:00.000Z
GHED_OOP_pc_US_SHA2011,Out-of-pocket expenditure (OOP) per capita in US$,numeric,EUR,Europe,Country,ISL,Iceland,Year,2009,false,,,,,,,,,,,,,611.4,,,,,,611.37,,,EN,2025-12-04T23:00:00.000Z
GHED_OOP_pc_US_SHA2011,Out-of-pocket expenditure (OOP) per capita in US$,numeric,EUR,Europe,Country,DEU,Germany,Year,2009,false,,,,,,,,,,,,,617.4,,,,,,617.43,,,EN,2025-12-04T23:00:00.000Z
GHED_OOP_pc_US_SHA2011,Out-of-pocket expenditure (OOP) per capita in US$,numeric,EUR,Europe,Country,UKR,Ukraine,Year,2009,false,,,,,,,,,,,,,62.07,,,,,,62.07,,,EN,2025-12-04T23:00:00.000Z
GHED_OOP_pc_US_SHA2011,Out-of-pocket expenditure (OOP) per capita in US$,numeric,AMR,Americas,Country,CAN,Canada,Year,2009,false,,,,,,,,,,,,,660.9,,,,,,660.88,,,EN,2025-12-04T23:00:00.000Z
GHED_OOP_pc_US_SHA2011,Out-of-pocket expenditure (OOP) per capita in US$,numeric,EUR,Europe,Country,SWE,Sweden,Year,2009,false,,,,,,,,,,,,,682.2,,,,,,682.21,,,EN,2025-12-04T23:00:00.000Z
GHED_OOP_pc_US_SHA2011,Out-of-pocket expenditure (OOP) per capita in US$,numeric,EUR,Europe,Country,ITA,Italy,Year,2009,false,,,,,,,,,,,,,684.8,,,,,,684.83,,,EN,2025-12-04T23:00:00.000Z
GHED_OOP_pc_US_SHA2011,Out-of-pocket expenditure (OOP) per capita in US$,numeric,AMR,Americas,Country,COL,Colombia,Year,2009,false,,,,,,,,,,,,,69.16,,,,,,69.16,,,EN,2025-12-04T23:00:00.000Z
GHED_OOP_pc_US_SHA2011,Out-of-pocket expenditure (OOP) per capita in US$,numeric,EUR,Europe,Country,IRL,Ireland,Year,2009,false,,,,,,,,,,,,,698.9,,,,,,698.90,,,EN,2025-12-04T23:00:00.000Z
GHED_OOP_pc_US_SHA2011,Out-of-pocket expenditure (OOP) per capita in US$,numeric,AFR,Africa,Country,MDG,Madagascar,Year,2009,false,,,,,,,,,,,,,7.37,,,,,,7.37,,,EN,2025-12-04T23:00:00.000Z
GHED_OOP_pc_US_SHA2011,Out-of-pocket expenditure (OOP) per capita in US$,numeric,WPR,Western Pacific,Country,VUT,Vanuatu,Year,2009,false,,,,,,,,,,,,,7.41,,,,,,7.41,,,EN,2025-12-04T23:00:00.000Z
GHED_OOP_pc_US_SHA2011,Out-of-pocket expenditure (OOP) per capita in US$,numeric,WPR,Western Pacific,Country,BRN,Brunei Darussalam,Year,2009,false,,,,,,,,,,,,,70.23,,,,,,70.23,,,EN,2025-12-04T23:00:00.000Z
GHED_OOP_pc_US_SHA2011,Out-of-pocket expenditure (OOP) per capita in US$,numeric,EUR,Europe,Country,TUR,Türkiye,Year,2009,false,,,,,,,,,,,,,71.42,,,,,,71.42,,,EN,2025-12-04T23:00:00.000Z
GHED_OOP_pc_US_SHA2011,Out-of-pocket expenditure (OOP) per capita in US$,numeric,WPR,Western Pacific,Country,CHN,China,Year,2009,false,,,,,,,,,,,,,71.65,,,,,,71.65,,,EN,2025-12-04T23:00:00.000Z
GHED_OOP_pc_US_SHA2011,Out-of-pocket expenditure (OOP) per capita in US$,numeric,AMR,Americas,Country,HND,Honduras,Year,2009,false,,,,,,,,,,,,,71.96,,,,,,71.96,,,EN,2025-12-04T23:00:00.000Z
GHED_OOP_pc_US_SHA2011,Out-of-pocket expenditure (OOP) per capita in US$,numeric,EMR,Eastern Mediterranean,Country,JOR,Jordan,Year,2009,false,,,,,,,,,,,,,71.98,,,,,,71.98,,,EN,2025-12-04T23:00:00.000Z
GHED_OOP_pc_US_SHA2011,Out-of-pocket expenditure (OOP) per capita in US$,numeric,EUR,Europe,Country,LUX,Luxembourg,Year,2009,false,,,,,,,,,,,,,759,,,,,,759.03,,,EN,2025-12-04T23:00:00.000Z
GHED_OOP_pc_US_SHA2011,Out-of-pocket expenditure (OOP) per capita in US$,numeric,WPR,Western Pacific,Country,AUS,Australia,Year,2009,false,,,,,,,,,,,,,760.1,,,,,,760.10,,,EN,2025-12-04T23:00:00.000Z
GHED_OOP_pc_US_SHA2011,Out-of-pocket expenditure (OOP) per capita in US$,numeric,EUR,Europe,Country,AZE,Azerbaijan,Year,2009,false,,,,,,,,,,,,,78.39,,,,,,78.39,,,EN,2025-12-04T23:00:00.000Z
GHED_OOP_pc_US_SHA2011,Out-of-pocket expenditure (OOP) per capita in US$,numeric,WPR,Western Pacific,Country,MYS,Malaysia,Year,2009,false,,,,,,,,,,,,,79.08,,,,,,79.08,,,EN,2025-12-04T23:00:00.000Z
GHED_OOP_pc_US_SHA2011,Out-of-pocket expenditure (OOP) per capita in US$,numeric,EUR,Europe,Country,FIN,Finland,Year,2009,false,,,,,,,,,,,,,796.8,,,,,,796.79,,,EN,2025-12-04T23:00:00.000Z
GHED_OOP_pc_US_SHA2011,Out-of-pocket expenditure (OOP) per capita in US$,numeric,AFR,Africa,Country,ZMB,Zambia,Year,2009,false,,,,,,,,,,,,,8.72,,,,,,8.72,,,EN,2025-12-04T23:00:00.000Z
GHED_OOP_pc_US_SHA2011,Out-of-pocket expenditure (OOP) per capita in US$,numeric,EUR,Europe,Country,SMR,San Marino,Year,2009,false,,,,,,,,,,,,,812.3,,,,,,812.33,,,EN,2025-12-04T23:00:00.000Z
GHED_OOP_pc_US_SHA2011,Out-of-pocket expenditure (OOP) per capita in US$,numeric,EUR,Europe,Country,GRC,Greece,Year,2009,false,,,,,,,,,,,,,828.8,,,,,,828.76,,,EN,2025-12-04T23:00:00.000Z
GHED_OOP_pc_US_SHA2011,Out-of-pocket expenditure (OOP) per capita in US$,numeric,AMR,Americas,Country,SUR,Suriname,Year,2009,false,,,,,,,,,,,,,83.49,,,,,,83.49,,,EN,2025-12-04T23:00:00.000Z
GHED_OOP_pc_US_SHA2011,Out-of-pocket expenditure (OOP) per capita in US$,numeric,AMR,Americas,Country,PER,Peru,Year,2009,false,,,,,,,,,,,,,84.26,,,,,,84.26,,,EN,2025-12-04T23:00:00.000Z
GHED_OOP_pc_US_SHA2011,Out-of-pocket expenditure (OOP) per capita in US$,numeric,EUR,Europe,Country,DNK,Denmark,Year,2009,false,,,,,,,,,,,,,849.6,,,,,,849.61,,,EN,2025-12-04T23:00:00.000Z
GHED_OOP_pc_US_SHA2011,Out-of-pocket expenditure (OOP) per capita in US$,numeric,EMR,Eastern Mediterranean,Country,PSE,"occupied Palestinian territory, including east Jerusalem",Year,2009,false,,,,,,,,,,,,,87.01,,,,,,87.01,,,EN,2025-12-04T23:00:00.000Z
GHED_OOP_pc_US_SHA2011,Out-of-pocket expenditure (OOP) per capita in US$,numeric,AMR,Americas,Country,VCT,Saint Vincent and the Grenadines,Year,2009,false,,,,,,,,,,,,,88.3,,,,,,88.30,,,EN,2025-12-04T23:00:00.000Z
GHED_OOP_pc_US_SHA2011,Out-of-pocket expenditure (OOP) per capita in US$,numeric,EUR,Europe,Country,BLR,Belarus,Year,2009,false,,,,,,,,,,,,,89.18,,,,,,89.18,,,EN,2025-12-04T23:00:00.000Z
GHED_OOP_pc_US_SHA2011,Out-of-pocket expenditure (OOP) per capita in US$,numeric,WPR,Western Pacific,Country,LAO,Lao People's Democratic Republic,Year,2009,false,,,,,,,,,,,,,9.6,,,,,,9.60,,,EN,2025-12-04T23:00:00.000Z
GHED_OOP_pc_US_SHA2011,Out-of-pocket expenditure (OOP) per capita in US$,numeric,SEAR,South-East Asia,Country,BTN,Bhutan,Year,2009,false,,,,,,,,,,,,,9.91,,,,,,9.91,,,EN,2025-12-04T23:00:00.000Z
GHED_OOP_pc_US_SHA2011,Out-of-pocket expenditure (OOP) per capita in US$,numeric,EMR,Eastern Mediterranean,Country,MAR,Morocco,Year,2009,false,,,,,,,,,,,,,90.2,,,,,,90.20,,,EN,2025-12-04T23:00:00.000Z
GHED_OOP_pc_US_SHA2011,Out-of-pocket expenditure (OOP) per capita in US$,numeric,EUR,Europe,Country,AUT,Austria,Year,2009,false,,,,,,,,,,,,,919,,,,,,918.98,,,EN,2025-12-04T23:00:00.000Z
GHED_OOP_pc_US_SHA2011,Out-of-pocket expenditure (OOP) per capita in US$,numeric,AMR,Americas,Country,DOM,Dominican Republic,Year,2009,false,,,,,,,,,,,,,92.32,,,,,,92.32,,,EN,2025-12-04T23:00:00.000Z
GHED_OOP_pc_US_SHA2011,Out-of-pocket expenditure (OOP) per capita in US$,numeric,AFR,Africa,Country,SYC,Seychelles,Year,2009,false,,,,,,,,,,,,,92.64,,,,,,92.64,,,EN,2025-12-04T23:00:00.000Z
GHED_OOP_pc_US_SHA2011,Out-of-pocket expenditure (OOP) per capita in US$,numeric,EUR,Europe,Country,ROU,Romania,Year,2009,false,,,,,,,,,,,,,93.4,,,,,,93.40,,,EN,2025-12-04T23:00:00.000Z
GHED_OOP_pc_US_SHA2011,Out-of-pocket expenditure (OOP) per capita in US$,numeric,EUR,Europe,Country,MDA,Republic of Moldova,Year,2009,false,,,,,,,,,,,,,95.05,,,,,,95.05,,,EN,2025-12-04T23:00:00.000Z
GHED_OOP_pc_US_SHA2011,Out-of-pocket expenditure (OOP) per capita in US$,numeric,AMR,Americas,Country,GTM,Guatemala,Year,2009,false,,,,,,,,,,,,,96.41,,,,,,96.41,,,EN,2025-12-04T23:00:00.000Z
GHED_OOP_pc_US_SHA2011,Out-of-pocket expenditure (OOP) per capita in US$,numeric,AMR,Americas,Country,USA,United States of America,Year,2009,false,,,,,,,,,,,,,963.1,,,,,,963.10,,,EN,2025-12-04T23:00:00.000Z
GHED_OOP_pc_US_SHA2011,Out-of-pocket expenditure (OOP) per capita in US$,numeric,EMR,Eastern Mediterranean,Country,TUN,Tunisia,Year,2009,false,,,,,,,,,,,,,98.38,,,,,,98.38,,,EN,2025-12-04T23:00:00.000Z
GHED_OOP_pc_US_SHA2011,Out-of-pocket expenditure (OOP) per capita in US$,numeric,AMR,Americas,Country,SLV,El Salvador,Year,2009,false,,,,,,,,,,,,,98.85,,,,,,98.85,,,EN,2025-12-04T23:00:00.000Z
GHED_OOP_pc_US_SHA2011,Out-of-pocket expenditure (OOP) per capita in US$,numeric,WPR,Western Pacific,Country,KIR,Kiribati,Year,2008,false,,,,,,,,,,,,,0.32,,,,,,0.32,,,EN,2025-12-04T23:00:00.000Z
GHED_OOP_pc_US_SHA2011,Out-of-pocket expenditure (OOP) per capita in US$,numeric,AFR,Africa,Country,CAF,Central African Republic,Year,2008,false,,,,,,,,,,,,,10.45,,,,,,10.45,,,EN,2025-12-04T23:00:00.000Z
GHED_OOP_pc_US_SHA2011,Out-of-pocket expenditure (OOP) per capita in US$,numeric,SEAR,South-East Asia,Country,BGD,Bangladesh,Year,2008,false,,,,,,,,,,,,,10.56,,,,,,10.56,,,EN,2025-12-04T23:00:00.000Z
GHED_OOP_pc_US_SHA2011,Out-of-pocket expenditure (OOP) per capita in US$,numeric,AFR,Africa,Country,BFA,Burkina Faso,Year,2008,false,,,,,,,,,,,,,10.89,,,,,,10.89,,,EN,2025-12-04T23:00:00.000Z
GHED_OOP_pc_US_SHA2011,Out-of-pocket expenditure (OOP) per capita in US$,numeric,EUR,Europe,Country,MKD,North Macedonia,Year,2008,false,,,,,,,,,,,,,100.4,,,,,,100.45,,,EN,2025-12-04T23:00:00.000Z
GHED_OOP_pc_US_SHA2011,Out-of-pocket expenditure (OOP) per capita in US$,numeric,EMR,Eastern Mediterranean,Country,LBY,Libya,Year,2008,false,,,,,,,,,,,,,100.7,,,,,,100.71,,,EN,2025-12-04T23:00:00.000Z
GHED_OOP_pc_US_SHA2011,Out-of-pocket expenditure (OOP) per capita in US$,numeric,AMR,Americas,Country,GTM,Guatemala,Year,2008,false,,,,,,,,,,,,,103.7,,,,,,103.73,,,EN,2025-12-04T23:00:00.000Z
GHED_OOP_pc_US_SHA2011,Out-of-pocket expenditure (OOP) per capita in US$,numeric,EUR,Europe,Country,BLR,Belarus,Year,2008,false,,,,,,,,,,,,,104.1,,,,,,104.12,,,EN,2025-12-04T23:00:00.000Z
GHED_OOP_pc_US_SHA2011,Out-of-pocket expenditure (OOP) per capita in US$,numeric,AMR,Americas,Country,SLV,El Salvador,Year,2008,false,,,,,,,,,,,,,106.5,,,,,,106.47,,,EN,2025-12-04T23:00:00.000Z
GHED_OOP_pc_US_SHA2011,Out-of-pocket expenditure (OOP) per capita in US$,numeric,EUR,Europe,Country,TUR,Türkiye,Year,2008,false,,,,,,,,,,,,,107.8,,,,,,107.75,,,EN,2025-12-04T23:00:00.000Z
GHED_OOP_pc_US_SHA2011,Out-of-pocket expenditure (OOP) per capita in US$,numeric,SEAR,South-East Asia,Country,NPL,Nepal,Year,2008,false,,,,,,,,,,,,,11.62,,,,,,11.62,,,EN,2025-12-04T23:00:00.000Z
GHED_OOP_pc_US_SHA2011,Out-of-pocket expenditure (OOP) per capita in US$,numeric,AFR,Africa,Country,TZA,United Republic of Tanzania,Year,2008,false,,,,,,,,,,,,,11.82,,,,,,11.82,,,EN,2025-12-04T23:00:00.000Z
GHED_OOP_pc_US_SHA2011,Out-of-pocket expenditure (OOP) per capita in US$,numeric,WPR,Western Pacific,Country,FSM,Micronesia (Federated States of),Year,2008,false,,,,,,,,,,,,,11.87,,,,,,11.87,,,EN,2025-12-04T23:00:00.000Z
GHED_OOP_pc_US_SHA2011,Out-of-pocket expenditure (OOP) per capita in US$,numeric,EUR,Europe,Country,CYP,Cyprus,Year,2008,false,,,,,,,,,,,,,1108,,,,,,1107.80,,,EN,2025-12-04T23:00:00.000Z
GHED_OOP_pc_US_SHA2011,Out-of-pocket expenditure (OOP) per capita in US$,numeric,AFR,Africa,Country,SYC,Seychelles,Year,2008,false,,,,,,,,,,,,,114.5,,,,,,114.46,,,EN,2025-12-04T23:00:00.000Z
GHED_OOP_pc_US_SHA2011,Out-of-pocket expenditure (OOP) per capita in US$,numeric,WPR,Western Pacific,Country,NIU,Niue,Year,2008,false,,,,,,,,,,,,,12.03,,,,,,12.03,,,EN,2025-12-04T23:00:00.000Z
GHED_OOP_pc_US_SHA2011,Out-of-pocket expenditure (OOP) per capita in US$,numeric,SEAR,South-East Asia,Country,MMR,Myanmar,Year,2008,false,,,,,,,,,,,,,12.13,,,,,,12.13,,,EN,2025-12-04T23:00:00.000Z
GHED_OOP_pc_US_SHA2011,Out-of-pocket expenditure (OOP) per capita in US$,numeric,AFR,Africa,Country,BEN,Benin,Year,2008,false,,,,,,,,,,,,,12.37,,,,,,12.37,,,EN,2025-12-04T23:00:00.000Z
GHED_OOP_pc_US_SHA2011,Out-of-pocket expenditure (OOP) per capita in US$,numeric,AFR,Africa,Country,ZMB,Zambia,Year,2008,false,,,,,,,,,,,,,12.62,,,,,,12.62,,,EN,2025-12-04T23:00:00.000Z
GHED_OOP_pc_US_SHA2011,Out-of-pocket expenditure (OOP) per capita in US$,numeric,AMR,Americas,Country,ECU,Ecuador,Year,2008,false,,,,,,,,,,,,,121.5,,,,,,121.49,,,EN,2025-12-04T23:00:00.000Z
GHED_OOP_pc_US_SHA2011,Out-of-pocket expenditure (OOP) per capita in US$,numeric,EUR,Europe,Country,NOR,Norway,Year,2008,false,,,,,,,,,,,,,1216,,,,,,1216.24,,,EN,2025-12-04T23:00:00.000Z
GHED_OOP_pc_US_SHA2011,Out-of-pocket expenditure (OOP) per capita in US$,numeric,AFR,Africa,Country,GNQ,Equatorial Guinea,Year,2008,false,,,,,,,,,,,,,126.1,,,,,,126.14,,,EN,2025-12-04T23:00:00.000Z
GHED_OOP_pc_US_SHA2011,Out-of-pocket expenditure (OOP) per capita in US$,numeric,EMR,Eastern Mediterranean,Country,SAU,Saudi Arabia,Year,2008,false,,,,,,,,,,,,,128.4,,,,,,128.44,,,EN,2025-12-04T23:00:00.000Z
GHED_OOP_pc_US_SHA2011,Out-of-pocket expenditure (OOP) per capita in US$,numeric,AFR,Africa,Country,NER,Niger,Year,2008,false,,,,,,,,,,,,,13.08,,,,,,13.08,,,EN,2025-12-04T23:00:00.000Z
GHED_OOP_pc_US_SHA2011,Out-of-pocket expenditure (OOP) per capita in US$,numeric,EUR,Europe,Country,ALB,Albania,Year,2008,false,,,,,,,,,,,,,133.3,,,,,,133.33,,,EN,2025-12-04T23:00:00.000Z
GHED_OOP_pc_US_SHA2011,Out-of-pocket expenditure (OOP) per capita in US$,numeric,AMR,Americas,Country,PRY,Paraguay,Year,2008,false,,,,,,,,,,,,,133.6,,,,,,133.58,,,EN,2025-12-04T23:00:00.000Z
GHED_OOP_pc_US_SHA2011,Out-of-pocket expenditure (OOP) per capita in US$,numeric,AMR,Americas,Country,JAM,Jamaica,Year,2008,false,,,,,,,,,,,,,137.7,,,,,,137.68,,,EN,2025-12-04T23:00:00.000Z
GHED_OOP_pc_US_SHA2011,Out-of-pocket expenditure (OOP) per capita in US$,numeric,WPR,Western Pacific,Country,TON,Tonga,Year,2008,false,,,,,,,,,,,,,14.26,,,,,,14.26,,,EN,2025-12-04T23:00:00.000Z
GHED_OOP_pc_US_SHA2011,Out-of-pocket expenditure (OOP) per capita in US$,numeric,AFR,Africa,Country,GAB,Gabon,Year,2008,false,,,,,,,,,,,,,145.4,,,,,,145.43,,,EN,2025-12-04T23:00:00.000Z
GHED_OOP_pc_US_SHA2011,Out-of-pocket expenditure (OOP) per capita in US$,numeric,AMR,Americas,Country,PAN,Panama,Year,2008,false,,,,,,,,,,,,,148.1,,,,,,148.07,,,EN,2025-12-04T23:00:00.000Z
GHED_OOP_pc_US_SHA2011,Out-of-pocket expenditure (OOP) per capita in US$,numeric,AMR,Americas,Country,DMA,Dominica,Year,2008,false,,,,,,,,,,,,,149,,,,,,149.02,,,EN,2025-12-04T23:00:00.000Z
GHED_OOP_pc_US_SHA2011,Out-of-pocket expenditure (OOP) per capita in US$,numeric,AFR,Africa,Country,LSO,Lesotho,Year,2008,false,,,,,,,,,,,,,15.2,,,,,,15.20,,,EN,2025-12-04T23:00:00.000Z
GHED_OOP_pc_US_SHA2011,Out-of-pocket expenditure (OOP) per capita in US$,numeric,EMR,Eastern Mediterranean,Country,DJI,Djibouti,Year,2008,false,,,,,,,,,,,,,15.6,,,,,,15.60,,,EN,2025-12-04T23:00:00.000Z
GHED_OOP_pc_US_SHA2011,Out-of-pocket expenditure (OOP) per capita in US$,numeric,AMR,Americas,Country,HTI,Haiti,Year,2008,false,,,,,,,,,,,,,15.6,,,,,,15.60,,,EN,2025-12-04T23:00:00.000Z
GHED_OOP_pc_US_SHA2011,Out-of-pocket expenditure (OOP) per capita in US$,numeric,AMR,Americas,Country,CRI,Costa Rica,Year,2008,false,,,,,,,,,,,,,152.9,,,,,,152.90,,,EN,2025-12-04T23:00:00.000Z
GHED_OOP_pc_US_SHA2011,Out-of-pocket expenditure (OOP) per capita in US$,numeric,AFR,Africa,Country,GIN,Guinea,Year,2008,false,,,,,,,,,,,,,16.3,,,,,,16.30,,,EN,2025-12-04T23:00:00.000Z
GHED_OOP_pc_US_SHA2011,Out-of-pocket expenditure (OOP) per capita in US$,numeric,AFR,Africa,Country,GNB,Guinea-Bissau,Year,2008,false,,,,,,,,,,,,,16.33,,,,,,16.33,,,EN,2025-12-04T23:00:00.000Z
GHED_OOP_pc_US_SHA2011,Out-of-pocket expenditure (OOP) per capita in US$,numeric,EMR,Eastern Mediterranean,Country,IRN,Iran (Islamic Republic of),Year,2008,false,,,,,,,,,,,,,160.3,,,,,,160.25,,,EN,2025-12-04T23:00:00.000Z
GHED_OOP_pc_US_SHA2011,Out-of-pocket expenditure (OOP) per capita in US$,numeric,EMR,Eastern Mediterranean,Country,PAK,Pakistan,Year,2008,false,,,,,,,,,,,,,17.04,,,,,,17.04,,,EN,2025-12-04T23:00:00.000Z
GHED_OOP_pc_US_SHA2011,Out-of-pocket expenditure (OOP) per capita in US$,numeric,WPR,Western Pacific,Country,NRU,Nauru,Year,2008,false,,,,,,,,,,,,,17.74,,,,,,17.74,,,EN,2025-12-04T23:00:00.000Z
GHED_OOP_pc_US_SHA2011,Out-of-pocket expenditure (OOP) per capita in US$,numeric,AFR,Africa,Country,TGO,Togo,Year,2008,false,,,,,,,,,,,,,17.84,,,,,,17.84,,,EN,2025-12-04T23:00:00.000Z
GHED_OOP_pc_US_SHA2011,Out-of-pocket expenditure (OOP) per capita in US$,numeric,WPR,Western Pacific,Country,PLW,Palau,Year,2008,false,,,,,,,,,,,,,170.9,,,,,,170.91,,,EN,2025-12-04T23:00:00.000Z
GHED_OOP_pc_US_SHA2011,Out-of-pocket expenditure (OOP) per capita in US$,numeric,AMR,Americas,Country,URY,Uruguay,Year,2008,false,,,,,,,,,,,,,172.8,,,,,,172.83,,,EN,2025-12-04T23:00:00.000Z
GHED_OOP_pc_US_SHA2011,Out-of-pocket expenditure (OOP) per capita in US$,numeric,AFR,Africa,Country,KEN,Kenya,Year,2008,false,,,,,,,,,,,,,18.53,,,,,,18.53,,,EN,2025-12-04T23:00:00.000Z
GHED_OOP_pc_US_SHA2011,Out-of-pocket expenditure (OOP) per capita in US$,numeric,AFR,Africa,Country,BWA,Botswana,Year,2008,false,,,,,,,,,,,,,18.87,,,,,,18.87,,,EN,2025-12-04T23:00:00.000Z
GHED_OOP_pc_US_SHA2011,Out-of-pocket expenditure (OOP) per capita in US$,numeric,EUR,Europe,Country,HRV,Croatia,Year,2008,false,,,,,,,,,,,,,182.6,,,,,,182.60,,,EN,2025-12-04T23:00:00.000Z
GHED_OOP_pc_US_SHA2011,Out-of-pocket expenditure (OOP) per capita in US$,numeric,EUR,Europe,Country,TKM,Turkmenistan,Year,2008,false,,,,,,,,,,,,,185.1,,,,,,185.15,,,EN,2025-12-04T23:00:00.000Z
GHED_OOP_pc_US_SHA2011,Out-of-pocket expenditure (OOP) per capita in US$,numeric,EUR,Europe,Country,ARM,Armenia,Year,2008,false,,,,,,,,,,,,,186.9,,,,,,186.88,,,EN,2025-12-04T23:00:00.000Z
GHED_OOP_pc_US_SHA2011,Out-of-pocket expenditure (OOP) per capita in US$,numeric,EUR,Europe,Country,GEO,Georgia,Year,2008,false,,,,,,,,,,,,,187.6,,,,,,187.56,,,EN,2025-12-04T23:00:00.000Z
GHED_OOP_pc_US_SHA2011,Out-of-pocket expenditure (OOP) per capita in US$,numeric,EUR,Europe,Country,CHE,Switzerland,Year,2008,false,,,,,,,,,,,,,1875,,,,,,1874.91,,,EN,2025-12-04T23:00:00.000Z
GHED_OOP_pc_US_SHA2011,Out-of-pocket expenditure (OOP) per capita in US$,numeric,AFR,Africa,Country,STP,Sao Tome and Principe,Year,2008,false,,,,,,,,,,,,,19.53,,,,,,19.53,,,EN,2025-12-04T23:00:00.000Z
GHED_OOP_pc_US_SHA2011,Out-of-pocket expenditure (OOP) per capita in US$,numeric,EUR,Europe,Country,RUS,Russian Federation,Year,2008,false,,,,,,,,,,,,,191.4,,,,,,191.43,,,EN,2025-12-04T23:00:00.000Z
GHED_OOP_pc_US_SHA2011,Out-of-pocket expenditure (OOP) per capita in US$,numeric,AFR,Africa,Country,MUS,Mauritius,Year,2008,false,,,,,,,,,,,,,193.5,,,,,,193.49,,,EN,2025-12-04T23:00:00.000Z
GHED_OOP_pc_US_SHA2011,Out-of-pocket expenditure (OOP) per capita in US$,numeric,EUR,Europe,Country,BGR,Bulgaria,Year,2008,false,,,,,,,,,,,,,194.2,,,,,,194.19,,,EN,2025-12-04T23:00:00.000Z
GHED_OOP_pc_US_SHA2011,Out-of-pocket expenditure (OOP) per capita in US$,numeric,AFR,Africa,Country,MOZ,Mozambique,Year,2008,false,,,,,,,,,,,,,2.74,,,,,,2.74,,,EN,2025-12-04T23:00:00.000Z
GHED_OOP_pc_US_SHA2011,Out-of-pocket expenditure (OOP) per capita in US$,numeric,WPR,Western Pacific,Country,SLB,Solomon Islands,Year,2008,false,,,,,,,,,,,,,2.8,,,,,,2.80,,,EN,2025-12-04T23:00:00.000Z
GHED_OOP_pc_US_SHA2011,Out-of-pocket expenditure (OOP) per capita in US$,numeric,AFR,Africa,Country,SEN,Senegal,Year,2008,false,,,,,,,,,,,,,20.42,,,,,,20.42,,,EN,2025-12-04T23:00:00.000Z
GHED_OOP_pc_US_SHA2011,Out-of-pocket expenditure (OOP) per capita in US$,numeric,WPR,Western Pacific,Country,MNG,Mongolia,Year,2008,false,,,,,,,,,,,,,20.84,,,,,,20.84,,,EN,2025-12-04T23:00:00.000Z
GHED_OOP_pc_US_SHA2011,Out-of-pocket expenditure (OOP) per capita in US$,numeric,EUR,Europe,Country,BIH,Bosnia and Herzegovina,Year,2008,false,,,,,,,,,,,,,201.7,,,,,,201.69,,,EN,2025-12-04T23:00:00.000Z
GHED_OOP_pc_US_SHA2011,Out-of-pocket expenditure (OOP) per capita in US$,numeric,EMR,Eastern Mediterranean,Country,BHR,Bahrain,Year,2008,false,,,,,,,,,,,,,205.1,,,,,,205.14,,,EN,2025-12-04T23:00:00.000Z
GHED_OOP_pc_US_SHA2011,Out-of-pocket expenditure (OOP) per capita in US$,numeric,EMR,Eastern Mediterranean,Country,LBN,Lebanon,Year,2008,false,,,,,,,,,,,,,207.3,,,,,,207.33,,,EN,2025-12-04T23:00:00.000Z
GHED_OOP_pc_US_SHA2011,Out-of-pocket expenditure (OOP) per capita in US$,numeric,AFR,Africa,Country,MLI,Mali,Year,2008,false,,,,,,,,,,,,,21,,,,,,21.00,,,EN,2025-12-04T23:00:00.000Z
GHED_OOP_pc_US_SHA2011,Out-of-pocket expenditure (OOP) per capita in US$,numeric,AFR,Africa,Country,UGA,Uganda,Year,2008,false,,,,,,,,,,,,,21.12,,,,,,21.12,,,EN,2025-12-04T23:00:00.000Z
GHED_OOP_pc_US_SHA2011,Out-of-pocket expenditure (OOP) per capita in US$,numeric,SEAR,South-East Asia,Country,THA,Thailand,Year,2008,false,,,,,,,,,,,,,21.92,,,,,,21.92,,,EN,2025-12-04T23:00:00.000Z
GHED_OOP_pc_US_SHA2011,Out-of-pocket expenditure (OOP) per capita in US$,numeric,EMR,Eastern Mediterranean,Country,KWT,Kuwait,Year,2008,false,,,,,,,,,,,,,211.8,,,,,,211.85,,,EN,2025-12-04T23:00:00.000Z
GHED_OOP_pc_US_SHA2011,Out-of-pocket expenditure (OOP) per capita in US$,numeric,EUR,Europe,Country,POL,Poland,Year,2008,false,,,,,,,,,,,,,218.1,,,,,,218.07,,,EN,2025-12-04T23:00:00.000Z
GHED_OOP_pc_US_SHA2011,Out-of-pocket expenditure (OOP) per capita in US$,numeric,WPR,Western Pacific,Country,FJI,Fiji,Year,2008,false,,,,,,,,,,,,,22.2,,,,,,22.20,,,EN,2025-12-04T23:00:00.000Z
GHED_OOP_pc_US_SHA2011,Out-of-pocket expenditure (OOP) per capita in US$,numeric,WPR,Western Pacific,Country,VNM,Viet Nam,Year,2008,false,,,,,,,,,,,,,22.28,,,,,,22.28,,,EN,2025-12-04T23:00:00.000Z
GHED_OOP_pc_US_SHA2011,Out-of-pocket expenditure (OOP) per capita in US$,numeric,WPR,Western Pacific,Country,WSM,Samoa,Year,2008,false,,,,,,,,,,,,,22.39,,,,,,22.39,,,EN,2025-12-04T23:00:00.000Z
GHED_OOP_pc_US_SHA2011,Out-of-pocket expenditure (OOP) per capita in US$,numeric,AMR,Americas,Country,BRA,Brazil,Year,2008,false,,,,,,,,,,,,,220.4,,,,,,220.41,,,EN,2025-12-04T23:00:00.000Z
GHED_OOP_pc_US_SHA2011,Out-of-pocket expenditure (OOP) per capita in US$,numeric,AMR,Americas,Country,GRD,Grenada,Year,2008,false,,,,,,,,,,,,,221.4,,,,,,221.44,,,EN,2025-12-04T23:00:00.000Z
GHED_OOP_pc_US_SHA2011,Out-of-pocket expenditure (OOP) per capita in US$,numeric,AMR,Americas,Country,ATG,Antigua and Barbuda,Year,2008,false,,,,,,,,,,,,,221.5,,,,,,221.46,,,EN,2025-12-04T23:00:00.000Z
GHED_OOP_pc_US_SHA2011,Out-of-pocket expenditure (OOP) per capita in US$,numeric,AMR,Americas,Country,ARG,Argentina,Year,2008,false,,,,,,,,,,,,,224,,,,,,223.98,,,EN,2025-12-04T23:00:00.000Z
GHED_OOP_pc_US_SHA2011,Out-of-pocket expenditure (OOP) per capita in US$,numeric,AMR,Americas,Country,BOL,Bolivia (Plurinational State of),Year,2008,false,,,,,,,,,,,,,23.68,,,,,,23.68,,,EN,2025-12-04T23:00:00.000Z
GHED_OOP_pc_US_SHA2011,Out-of-pocket expenditure (OOP) per capita in US$,numeric,EUR,Europe,Country,EST,Estonia,Year,2008,false,,,,,,,,,,,,,231.5,,,,,,231.50,,,EN,2025-12-04T23:00:00.000Z
GHED_OOP_pc_US_SHA2011,Out-of-pocket expenditure (OOP) per capita in US$,numeric,EUR,Europe,Country,CZE,Czechia,Year,2008,false,,,,,,,,,,,,,233.8,,,,,,233.82,,,EN,2025-12-04T23:00:00.000Z
GHED_OOP_pc_US_SHA2011,Out-of-pocket expenditure (OOP) per capita in US$,numeric,EUR,Europe,Country,SRB,Serbia,Year,2008,false,,,,,,,,,,,,,236.1,,,,,,236.15,,,EN,2025-12-04T23:00:00.000Z
GHED_OOP_pc_US_SHA2011,Out-of-pocket expenditure (OOP) per capita in US$,numeric,AFR,Africa,Country,COG,Congo,Year,2008,false,,,,,,,,,,,,,24,,,,,,24.00,,,EN,2025-12-04T23:00:00.000Z
GHED_OOP_pc_US_SHA2011,Out-of-pocket expenditure (OOP) per capita in US$,numeric,WPR,Western Pacific,Country,KHM,Cambodia,Year,2008,false,,,,,,,,,,,,,24.84,,,,,,24.84,,,EN,2025-12-04T23:00:00.000Z
GHED_OOP_pc_US_SHA2011,Out-of-pocket expenditure (OOP) per capita in US$,numeric,EMR,Eastern Mediterranean,Country,QAT,Qatar,Year,2008,false,,,,,,,,,,,,,242.8,,,,,,242.76,,,EN,2025-12-04T23:00:00.000Z
GHED_OOP_pc_US_SHA2011,Out-of-pocket expenditure (OOP) per capita in US$,numeric,AFR,Africa,Country,TCD,Chad,Year,2008,false,,,,,,,,,,,,,25.39,,,,,,25.39,,,EN,2025-12-04T23:00:00.000Z
GHED_OOP_pc_US_SHA2011,Out-of-pocket expenditure (OOP) per capita in US$,numeric,WPR,Western Pacific,Country,TUV,Tuvalu,Year,2008,false,,,,,,,,,,,,,25.47,,,,,,25.47,,,EN,2025-12-04T23:00:00.000Z
GHED_OOP_pc_US_SHA2011,Out-of-pocket expenditure (OOP) per capita in US$,numeric,AMR,Americas,Country,LCA,Saint Lucia,Year,2008,false,,,,,,,,,,,,,256.4,,,,,,256.37,,,EN,2025-12-04T23:00:00.000Z
GHED_OOP_pc_US_SHA2011,Out-of-pocket expenditure (OOP) per capita in US$,numeric,SEAR,South-East Asia,Country,MDV,Maldives,Year,2008,false,,,,,,,,,,,,,256.6,,,,,,256.58,,,EN,2025-12-04T23:00:00.000Z
GHED_OOP_pc_US_SHA2011,Out-of-pocket expenditure (OOP) per capita in US$,numeric,SEAR,South-East Asia,Country,IND,India,Year,2008,false,,,,,,,,,,,,,26.04,,,,,,26.04,,,EN,2025-12-04T23:00:00.000Z
GHED_OOP_pc_US_SHA2011,Out-of-pocket expenditure (OOP) per capita in US$,numeric,AFR,Africa,Country,GHA,Ghana,Year,2008,false,,,,,,,,,,,,,26.07,,,,,,26.07,,,EN,2025-12-04T23:00:00.000Z
GHED_OOP_pc_US_SHA2011,Out-of-pocket expenditure (OOP) per capita in US$,numeric,AFR,Africa,Country,SLE,Sierra Leone,Year,2008,false,,,,,,,,,,,,,26.66,,,,,,26.66,,,EN,2025-12-04T23:00:00.000Z
GHED_OOP_pc_US_SHA2011,Out-of-pocket expenditure (OOP) per capita in US$,numeric,EUR,Europe,Country,SVK,Slovakia,Year,2008,false,,,,,,,,,,,,,263.1,,,,,,263.10,,,EN,2025-12-04T23:00:00.000Z
GHED_OOP_pc_US_SHA2011,Out-of-pocket expenditure (OOP) per capita in US$,numeric,EUR,Europe,Country,LTU,Lithuania,Year,2008,false,,,,,,,,,,,,,263.9,,,,,,263.85,,,EN,2025-12-04T23:00:00.000Z
GHED_OOP_pc_US_SHA2011,Out-of-pocket expenditure (OOP) per capita in US$,numeric,AMR,Americas,Country,CHL,Chile,Year,2008,false,,,,,,,,,,,,,269.2,,,,,,269.15,,,EN,2025-12-04T23:00:00.000Z
GHED_OOP_pc_US_SHA2011,Out-of-pocket expenditure (OOP) per capita in US$,numeric,EUR,Europe,Country,SVN,Slovenia,Year,2008,false,,,,,,,,,,,,,275.5,,,,,,275.48,,,EN,2025-12-04T23:00:00.000Z
GHED_OOP_pc_US_SHA2011,Out-of-pocket expenditure (OOP) per capita in US$,numeric,AMR,Americas,Country,MEX,Mexico,Year,2008,false,,,,,,,,,,,,,278.5,,,,,,278.51,,,EN,2025-12-04T23:00:00.000Z
GHED_OOP_pc_US_SHA2011,Out-of-pocket expenditure (OOP) per capita in US$,numeric,AFR,Africa,Country,SWZ,Eswatini,Year,2008,false,,,,,,,,,,,,,28.01,,,,,,28.01,,,EN,2025-12-04T23:00:00.000Z
GHED_OOP_pc_US_SHA2011,Out-of-pocket expenditure (OOP) per capita in US$,numeric,EUR,Europe,Country,TJK,Tajikistan,Year,2008,false,,,,,,,,,,,,,28.36,,,,,,28.36,,,EN,2025-12-04T23:00:00.000Z
GHED_OOP_pc_US_SHA2011,Out-of-pocket expenditure (OOP) per capita in US$,numeric,AFR,Africa,Country,NAM,Namibia,Year,2008,false,,,,,,,,,,,,,28.4,,,,,,28.40,,,EN,2025-12-04T23:00:00.000Z
GHED_OOP_pc_US_SHA2011,Out-of-pocket expenditure (OOP) per capita in US$,numeric,WPR,Western Pacific,Country,IDN,Indonesia,Year,2008,false,,,,,,,,,,,,,29.25,,,,,,29.25,,,EN,2025-12-04T23:00:00.000Z
GHED_OOP_pc_US_SHA2011,Out-of-pocket expenditure (OOP) per capita in US$,numeric,AFR,Africa,Country,AGO,Angola,Year,2008,false,,,,,,,,,,,,,29.52,,,,,,29.52,,,EN,2025-12-04T23:00:00.000Z
GHED_OOP_pc_US_SHA2011,Out-of-pocket expenditure (OOP) per capita in US$,numeric,EMR,Eastern Mediterranean,Country,IRQ,Iraq,Year,2008,false,,,,,,,,,,,,,29.69,,,,,,29.69,,,EN,2025-12-04T23:00:00.000Z
GHED_OOP_pc_US_SHA2011,Out-of-pocket expenditure (OOP) per capita in US$,numeric,EUR,Europe,Country,HUN,Hungary,Year,2008,false,,,,,,,,,,,,,294.4,,,,,,294.37,,,EN,2025-12-04T23:00:00.000Z
GHED_OOP_pc_US_SHA2011,Out-of-pocket expenditure (OOP) per capita in US$,numeric,WPR,Western Pacific,Country,PNG,Papua New Guinea,Year,2008,false,,,,,,,,,,,,,3.02,,,,,,3.02,,,EN,2025-12-04T23:00:00.000Z
GHED_OOP_pc_US_SHA2011,Out-of-pocket expenditure (OOP) per capita in US$,numeric,AFR,Africa,Country,MWI,Malawi,Year,2008,false,,,,,,,,,,,,,3.39,,,,,,3.39,,,EN,2025-12-04T23:00:00.000Z
GHED_OOP_pc_US_SHA2011,Out-of-pocket expenditure (OOP) per capita in US$,numeric,AFR,Africa,Country,MRT,Mauritania,Year,2008,false,,,,,,,,,,,,,30.03,,,,,,30.03,,,EN,2025-12-04T23:00:00.000Z
GHED_OOP_pc_US_SHA2011,Out-of-pocket expenditure (OOP) per capita in US$,numeric,EMR,Eastern Mediterranean,Country,AFG,Afghanistan,Year,2008,false,,,,,,,,,,,,,30.08,,,,,,30.08,,,EN,2025-12-04T23:00:00.000Z
GHED_OOP_pc_US_SHA2011,Out-of-pocket expenditure (OOP) per capita in US$,numeric,EUR,Europe,Country,KGZ,Kyrgyzstan,Year,2008,false,,,,,,,,,,,,,30.56,,,,,,30.56,,,EN,2025-12-04T23:00:00.000Z
GHED_OOP_pc_US_SHA2011,Out-of-pocket expenditure (OOP) per capita in US$,numeric,AFR,Africa,Country,CPV,Cabo Verde,Year,2008,false,,,,,,,,,,,,,31.25,,,,,,31.25,,,EN,2025-12-04T23:00:00.000Z
GHED_OOP_pc_US_SHA2011,Out-of-pocket expenditure (OOP) per capita in US$,numeric,EUR,Europe,Country,LVA,Latvia,Year,2008,false,,,,,,,,,,,,,340.8,,,,,,340.80,,,EN,2025-12-04T23:00:00.000Z
GHED_OOP_pc_US_SHA2011,Out-of-pocket expenditure (OOP) per capita in US$,numeric,WPR,Western Pacific,Country,NZL,New Zealand,Year,2008,false,,,,,,,,,,,,,348.8,,,,,,348.81,,,EN,2025-12-04T23:00:00.000Z
GHED_OOP_pc_US_SHA2011,Out-of-pocket expenditure (OOP) per capita in US$,numeric,EUR,Europe,Country,UZB,Uzbekistan,Year,2008,false,,,,,,,,,,,,,35.13,,,,,,35.13,,,EN,2025-12-04T23:00:00.000Z
GHED_OOP_pc_US_SHA2011,Out-of-pocket expenditure (OOP) per capita in US$,numeric,AMR,Americas,Country,TTO,Trinidad and Tobago,Year,2008,false,,,,,,,,,,,,,351.1,,,,,,351.12,,,EN,2025-12-04T23:00:00.000Z
GHED_OOP_pc_US_SHA2011,Out-of-pocket expenditure (OOP) per capita in US$,numeric,EMR,Eastern Mediterranean,Country,ARE,United Arab Emirates,Year,2008,false,,,,,,,,,,,,,368.5,,,,,,368.46,,,EN,2025-12-04T23:00:00.000Z
GHED_OOP_pc_US_SHA2011,Out-of-pocket expenditure (OOP) per capita in US$,numeric,WPR,Western Pacific,Country,COK,Cook Islands,Year,2008,false,,,,,,,,,,,,,37.78,,,,,,37.78,,,EN,2025-12-04T23:00:00.000Z
GHED_OOP_pc_US_SHA2011,Out-of-pocket expenditure (OOP) per capita in US$,numeric,AFR,Africa,Country,ZAF,South Africa,Year,2008,false,,,,,,,,,,,,,39.09,,,,,,39.09,,,EN,2025-12-04T23:00:00.000Z
GHED_OOP_pc_US_SHA2011,Out-of-pocket expenditure (OOP) per capita in US$,numeric,AMR,Americas,Country,BHS,Bahamas,Year,2008,false,,,,,,,,,,,,,397.4,,,,,,397.43,,,EN,2025-12-04T23:00:00.000Z
GHED_OOP_pc_US_SHA2011,Out-of-pocket expenditure (OOP) per capita in US$,numeric,AFR,Africa,Country,RWA,Rwanda,Year,2008,false,,,,,,,,,,,,,4.71,,,,,,4.71,,,EN,2025-12-04T23:00:00.000Z
GHED_OOP_pc_US_SHA2011,Out-of-pocket expenditure (OOP) per capita in US$,numeric,AFR,Africa,Country,CMR,Cameroon,Year,2008,false,,,,,,,,,,,,,40.53,,,,,,40.53,,,EN,2025-12-04T23:00:00.000Z
GHED_OOP_pc_US_SHA2011,Out-of-pocket expenditure (OOP) per capita in US$,numeric,AMR,Americas,Country,BRB,Barbados,Year,2008,false,,,,,,,,,,,,,402.9,,,,,,402.91,,,EN,2025-12-04T23:00:00.000Z
GHED_OOP_pc_US_SHA2011,Out-of-pocket expenditure (OOP) per capita in US$,numeric,EMR,Eastern Mediterranean,Country,YEM,Yemen,Year,2008,false,,,,,,,,,,,,,42.37,,,,,,42.37,,,EN,2025-12-04T23:00:00.000Z
GHED_OOP_pc_US_SHA2011,Out-of-pocket expenditure (OOP) per capita in US$,numeric,AFR,Africa,Country,CIV,Cote d'Ivoire,Year,2008,false,,,,,,,,,,,,,42.4,,,,,,42.40,,,EN,2025-12-04T23:00:00.000Z
GHED_OOP_pc_US_SHA2011,Out-of-pocket expenditure (OOP) per capita in US$,numeric,WPR,Western Pacific,Country,PHL,Philippines,Year,2008,false,,,,,,,,,,,,,43.48,,,,,,43.48,,,EN,2025-12-04T23:00:00.000Z
GHED_OOP_pc_US_SHA2011,Out-of-pocket expenditure (OOP) per capita in US$,numeric,EMR,Eastern Mediterranean,Country,SYR,Syrian Arab Republic,Year,2008,false,,,,,,,,,,,,,43.75,,,,,,43.75,,,EN,2025-12-04T23:00:00.000Z
GHED_OOP_pc_US_SHA2011,Out-of-pocket expenditure (OOP) per capita in US$,numeric,EUR,Europe,Country,AND,Andorra,Year,2008,false,,,,,,,,,,,,,434.1,,,,,,434.13,,,EN,2025-12-04T23:00:00.000Z
GHED_OOP_pc_US_SHA2011,Out-of-pocket expenditure (OOP) per capita in US$,numeric,AMR,Americas,Country,NIC,Nicaragua,Year,2008,false,,,,,,,,,,,,,44.67,,,,,,44.67,,,EN,2025-12-04T23:00:00.000Z
GHED_OOP_pc_US_SHA2011,Out-of-pocket expenditure (OOP) per capita in US$,numeric,SEAR,South-East Asia,Country,LKA,Sri Lanka,Year,2008,false,,,,,,,,,,,,,45.58,,,,,,45.58,,,EN,2025-12-04T23:00:00.000Z
GHED_OOP_pc_US_SHA2011,Out-of-pocket expenditure (OOP) per capita in US$,numeric,EUR,Europe,Country,FRA,France,Year,2008,false,,,,,,,,,,,,,482.2,,,,,,482.17,,,EN,2025-12-04T23:00:00.000Z
GHED_OOP_pc_US_SHA2011,Out-of-pocket expenditure (OOP) per capita in US$,numeric,AMR,Americas,Country,GUY,Guyana,Year,2008,false,,,,,,,,,,,,,49,,,,,,49.00,,,EN,2025-12-04T23:00:00.000Z
GHED_OOP_pc_US_SHA2011,Out-of-pocket expenditure (OOP) per capita in US$,numeric,WPR,Western Pacific,Country,JPN,Japan,Year,2008,false,,,,,,,,,,,,,491.2,,,,,,491.17,,,EN,2025-12-04T23:00:00.000Z
GHED_OOP_pc_US_SHA2011,Out-of-pocket expenditure (OOP) per capita in US$,numeric,WPR,Western Pacific,Country,KOR,Republic of Korea,Year,2008,false,,,,,,,,,,,,,493.9,,,,,,493.86,,,EN,2025-12-04T23:00:00.000Z
GHED_OOP_pc_US_SHA2011,Out-of-pocket expenditure (OOP) per capita in US$,numeric,AFR,Africa,Country,ETH,Ethiopia,Year,2008,false,,,,,,,,,,,,,5.02,,,,,,5.02,,,EN,2025-12-04T23:00:00.000Z
GHED_OOP_pc_US_SHA2011,Out-of-pocket expenditure (OOP) per capita in US$,numeric,SEAR,South-East Asia,Country,TLS,Timor-Leste,Year,2008,false,,,,,,,,,,,,,5.04,,,,,,5.04,,,EN,2025-12-04T23:00:00.000Z
GHED_OOP_pc_US_SHA2011,Out-of-pocket expenditure (OOP) per capita in US$,numeric,WPR,Western Pacific,Country,MHL,Marshall Islands,Year,2008,false,,,,,,,,,,,,,5.89,,,,,,5.89,,,EN,2025-12-04T23:00:00.000Z
GHED_OOP_pc_US_SHA2011,Out-of-pocket expenditure (OOP) per capita in US$,numeric,AMR,Americas,Country,KNA,Saint Kitts and Nevis,Year,2008,false,,,,,,,,,,,,,501,,,,,,501.01,,,EN,2025-12-04T23:00:00.000Z
GHED_OOP_pc_US_SHA2011,Out-of-pocket expenditure (OOP) per capita in US$,numeric,EMR,Eastern Mediterranean,Country,SDN,Sudan,Year,2008,false,,,,,,,,,,,,,51.7,,,,,,51.70,,,EN,2025-12-04T23:00:00.000Z
GHED_OOP_pc_US_SHA2011,Out-of-pocket expenditure (OOP) per capita in US$,numeric,AMR,Americas,Country,CUB,Cuba,Year,2008,false,,,,,,,,,,,,,53.84,,,,,,53.84,,,EN,2025-12-04T23:00:00.000Z
GHED_OOP_pc_US_SHA2011,Out-of-pocket expenditure (OOP) per capita in US$,numeric,AFR,Africa,Country,DZA,Algeria,Year,2008,false,,,,,,,,,,,,,53.96,,,,,,53.96,,,EN,2025-12-04T23:00:00.000Z
GHED_OOP_pc_US_SHA2011,Out-of-pocket expenditure (OOP) per capita in US$,numeric,EUR,Europe,Country,NLD,Netherlands (Kingdom of the),Year,2008,false,,,,,,,,,,,,,534.1,,,,,,534.14,,,EN,2025-12-04T23:00:00.000Z
GHED_OOP_pc_US_SHA2011,Out-of-pocket expenditure (OOP) per capita in US$,numeric,EUR,Europe,Country,MCO,Monaco,Year,2008,false,,,,,,,,,,,,,536.8,,,,,,536.82,,,EN,2025-12-04T23:00:00.000Z
GHED_OOP_pc_US_SHA2011,Out-of-pocket expenditure (OOP) per capita in US$,numeric,EUR,Europe,Country,ISR,Israel,Year,2008,false,,,,,,,,,,,,,538.9,,,,,,538.91,,,EN,2025-12-04T23:00:00.000Z
GHED_OOP_pc_US_SHA2011,Out-of-pocket expenditure (OOP) per capita in US$,numeric,EMR,Eastern Mediterranean,Country,EGY,Egypt,Year,2008,false,,,,,,,,,,,,,55.74,,,,,,55.74,,,EN,2025-12-04T23:00:00.000Z
GHED_OOP_pc_US_SHA2011,Out-of-pocket expenditure (OOP) per capita in US$,numeric,AFR,Africa,Country,NGA,Nigeria,Year,2008,false,,,,,,,,,,,,,56.35,,,,,,56.35,,,EN,2025-12-04T23:00:00.000Z
GHED_OOP_pc_US_SHA2011,Out-of-pocket expenditure (OOP) per capita in US$,numeric,EUR,Europe,Country,GBR,United Kingdom of Great Britain and Northern Ireland,Year,2008,false,,,,,,,,,,,,,577.2,,,,,,577.16,,,EN,2025-12-04T23:00:00.000Z
GHED_OOP_pc_US_SHA2011,Out-of-pocket expenditure (OOP) per capita in US$,numeric,EMR,Eastern Mediterranean,Country,OMN,Oman,Year,2008,false,,,,,,,,,,,,,58.09,,,,,,58.09,,,EN,2025-12-04T23:00:00.000Z
GHED_OOP_pc_US_SHA2011,Out-of-pocket expenditure (OOP) per capita in US$,numeric,EUR,Europe,Country,KAZ,Kazakhstan,Year,2008,false,,,,,,,,,,,,,58.69,,,,,,58.69,,,EN,2025-12-04T23:00:00.000Z
GHED_OOP_pc_US_SHA2011,Out-of-pocket expenditure (OOP) per capita in US$,numeric,EUR,Europe,Country,MLT,Malta,Year,2008,false,,,,,,,,,,,,,580.6,,,,,,580.61,,,EN,2025-12-04T23:00:00.000Z
GHED_OOP_pc_US_SHA2011,Out-of-pocket expenditure (OOP) per capita in US$,numeric,WPR,Western Pacific,Country,SGP,Singapore,Year,2008,false,,,,,,,,,,,,,597.9,,,,,,597.87,,,EN,2025-12-04T23:00:00.000Z
GHED_OOP_pc_US_SHA2011,Out-of-pocket expenditure (OOP) per capita in US$,numeric,AFR,Africa,Country,BDI,Burundi,Year,2008,false,,,,,,,,,,,,,6.29,,,,,,6.29,,,EN,2025-12-04T23:00:00.000Z
GHED_OOP_pc_US_SHA2011,Out-of-pocket expenditure (OOP) per capita in US$,numeric,AFR,Africa,Country,GMB,Gambia,Year,2008,false,,,,,,,,,,,,,6.58,,,,,,6.58,,,EN,2025-12-04T23:00:00.000Z
GHED_OOP_pc_US_SHA2011,Out-of-pocket expenditure (OOP) per capita in US$,numeric,AFR,Africa,Country,COM,Comoros,Year,2008,false,,,,,,,,,,,,,61.49,,,,,,61.49,,,EN,2025-12-04T23:00:00.000Z
GHED_OOP_pc_US_SHA2011,Out-of-pocket expenditure (OOP) per capita in US$,numeric,AMR,Americas,Country,BLZ,Belize,Year,2008,false,,,,,,,,,,,,,62.49,,,,,,62.49,,,EN,2025-12-04T23:00:00.000Z
GHED_OOP_pc_US_SHA2011,Out-of-pocket expenditure (OOP) per capita in US$,numeric,EUR,Europe,Country,DEU,Germany,Year,2008,false,,,,,,,,,,,,,625.7,,,,,,625.67,,,EN,2025-12-04T23:00:00.000Z
GHED_OOP_pc_US_SHA2011,Out-of-pocket expenditure (OOP) per capita in US$,numeric,EUR,Europe,Country,AZE,Azerbaijan,Year,2008,false,,,,,,,,,,,,,63.26,,,,,,63.26,,,EN,2025-12-04T23:00:00.000Z
GHED_OOP_pc_US_SHA2011,Out-of-pocket expenditure (OOP) per capita in US$,numeric,WPR,Western Pacific,Country,CHN,China,Year,2008,false,,,,,,,,,,,,,63.4,,,,,,63.40,,,EN,2025-12-04T23:00:00.000Z
GHED_OOP_pc_US_SHA2011,Out-of-pocket expenditure (OOP) per capita in US$,numeric,EUR,Europe,Country,PRT,Portugal,Year,2008,false,,,,,,,,,,,,,631.3,,,,,,631.33,,,EN,2025-12-04T23:00:00.000Z
GHED_OOP_pc_US_SHA2011,Out-of-pocket expenditure (OOP) per capita in US$,numeric,EUR,Europe,Country,ESP,Spain,Year,2008,false,,,,,,,,,,,,,657.8,,,,,,657.79,,,EN,2025-12-04T23:00:00.000Z
GHED_OOP_pc_US_SHA2011,Out-of-pocket expenditure (OOP) per capita in US$,numeric,EUR,Europe,Country,IRL,Ireland,Year,2008,false,,,,,,,,,,,,,668.9,,,,,,668.93,,,EN,2025-12-04T23:00:00.000Z
GHED_OOP_pc_US_SHA2011,Out-of-pocket expenditure (OOP) per capita in US$,numeric,AMR,Americas,Country,CAN,Canada,Year,2008,false,,,,,,,,,,,,,690.6,,,,,,690.62,,,EN,2025-12-04T23:00:00.000Z
GHED_OOP_pc_US_SHA2011,Out-of-pocket expenditure (OOP) per capita in US$,numeric,AFR,Africa,Country,ERI,Eritrea,Year,2008,false,,,,,,,,,,,,,7.02,,,,,,7.02,,,EN,2025-12-04T23:00:00.000Z
GHED_OOP_pc_US_SHA2011,Out-of-pocket expenditure (OOP) per capita in US$,numeric,WPR,Western Pacific,Country,VUT,Vanuatu,Year,2008,false,,,,,,,,,,,,,7.31,,,,,,7.31,,,EN,2025-12-04T23:00:00.000Z
GHED_OOP_pc_US_SHA2011,Out-of-pocket expenditure (OOP) per capita in US$,numeric,AFR,Africa,Country,COD,Democratic Republic of the Congo,Year,2008,false,,,,,,,,,,,,,7.64,,,,,,7.64,,,EN,2025-12-04T23:00:00.000Z
GHED_OOP_pc_US_SHA2011,Out-of-pocket expenditure (OOP) per capita in US$,numeric,AFR,Africa,Country,MDG,Madagascar,Year,2008,false,,,,,,,,,,,,,7.78,,,,,,7.78,,,EN,2025-12-04T23:00:00.000Z
GHED_OOP_pc_US_SHA2011,Out-of-pocket expenditure (OOP) per capita in US$,numeric,EMR,Eastern Mediterranean,Country,PSE,"occupied Palestinian territory, including east Jerusalem",Year,2008,false,,,,,,,,,,,,,71.95,,,,,,71.95,,,EN,2025-12-04T23:00:00.000Z
GHED_OOP_pc_US_SHA2011,Out-of-pocket expenditure (OOP) per capita in US$,numeric,EUR,Europe,Country,ITA,Italy,Year,2008,false,,,,,,,,,,,,,743.3,,,,,,743.33,,,EN,2025-12-04T23:00:00.000Z
GHED_OOP_pc_US_SHA2011,Out-of-pocket expenditure (OOP) per capita in US$,numeric,EUR,Europe,Country,SWE,Sweden,Year,2008,false,,,,,,,,,,,,,759.5,,,,,,759.46,,,EN,2025-12-04T23:00:00.000Z
GHED_OOP_pc_US_SHA2011,Out-of-pocket expenditure (OOP) per capita in US$,numeric,AMR,Americas,Country,HND,Honduras,Year,2008,false,,,,,,,,,,,,,76.64,,,,,,76.64,,,EN,2025-12-04T23:00:00.000Z
GHED_OOP_pc_US_SHA2011,Out-of-pocket expenditure (OOP) per capita in US$,numeric,EUR,Europe,Country,LUX,Luxembourg,Year,2008,false,,,,,,,,,,,,,762.5,,,,,,762.54,,,EN,2025-12-04T23:00:00.000Z
GHED_OOP_pc_US_SHA2011,Out-of-pocket expenditure (OOP) per capita in US$,numeric,EUR,Europe,Country,ISL,Iceland,Year,2008,false,,,,,,,,,,,,,772.8,,,,,,772.84,,,EN,2025-12-04T23:00:00.000Z
GHED_OOP_pc_US_SHA2011,Out-of-pocket expenditure (OOP) per capita in US$,numeric,WPR,Western Pacific,Country,AUS,Australia,Year,2008,false,,,,,,,,,,,,,777.6,,,,,,777.55,,,EN,2025-12-04T23:00:00.000Z
GHED_OOP_pc_US_SHA2011,Out-of-pocket expenditure (OOP) per capita in US$,numeric,AMR,Americas,Country,COL,Colombia,Year,2008,false,,,,,,,,,,,,,79.07,,,,,,79.07,,,EN,2025-12-04T23:00:00.000Z
GHED_OOP_pc_US_SHA2011,Out-of-pocket expenditure (OOP) per capita in US$,numeric,WPR,Western Pacific,Country,LAO,Lao People's Democratic Republic,Year,2008,false,,,,,,,,,,,,,8.39,,,,,,8.39,,,EN,2025-12-04T23:00:00.000Z
GHED_OOP_pc_US_SHA2011,Out-of-pocket expenditure (OOP) per capita in US$,numeric,SEAR,South-East Asia,Country,BTN,Bhutan,Year,2008,false,,,,,,,,,,,,,8.91,,,,,,8.91,,,EN,2025-12-04T23:00:00.000Z
GHED_OOP_pc_US_SHA2011,Out-of-pocket expenditure (OOP) per capita in US$,numeric,WPR,Western Pacific,Country,BRN,Brunei Darussalam,Year,2008,false,,,,,,,,,,,,,80.06,,,,,,80.06,,,EN,2025-12-04T23:00:00.000Z
GHED_OOP_pc_US_SHA2011,Out-of-pocket expenditure (OOP) per capita in US$,numeric,EUR,Europe,Country,UKR,Ukraine,Year,2008,false,,,,,,,,,,,,,80.4,,,,,,80.40,,,EN,2025-12-04T23:00:00.000Z
GHED_OOP_pc_US_SHA2011,Out-of-pocket expenditure (OOP) per capita in US$,numeric,AMR,Americas,Country,SUR,Suriname,Year,2008,false,,,,,,,,,,,,,81.16,,,,,,81.16,,,EN,2025-12-04T23:00:00.000Z
GHED_OOP_pc_US_SHA2011,Out-of-pocket expenditure (OOP) per capita in US$,numeric,AMR,Americas,Country,PER,Peru,Year,2008,false,,,,,,,,,,,,,82.98,,,,,,82.98,,,EN,2025-12-04T23:00:00.000Z
GHED_OOP_pc_US_SHA2011,Out-of-pocket expenditure (OOP) per capita in US$,numeric,EUR,Europe,Country,FIN,Finland,Year,2008,false,,,,,,,,,,,,,833.2,,,,,,833.25,,,EN,2025-12-04T23:00:00.000Z
GHED_OOP_pc_US_SHA2011,Out-of-pocket expenditure (OOP) per capita in US$,numeric,EMR,Eastern Mediterranean,Country,MAR,Morocco,Year,2008,false,,,,,,,,,,,,,86.45,,,,,,86.45,,,EN,2025-12-04T23:00:00.000Z
GHED_OOP_pc_US_SHA2011,Out-of-pocket expenditure (OOP) per capita in US$,numeric,EUR,Europe,Country,SMR,San Marino,Year,2008,false,,,,,,,,,,,,,862.5,,,,,,862.48,,,EN,2025-12-04T23:00:00.000Z
GHED_OOP_pc_US_SHA2011,Out-of-pocket expenditure (OOP) per capita in US$,numeric,EUR,Europe,Country,DNK,Denmark,Year,2008,false,,,,,,,,,,,,,863.7,,,,,,863.68,,,EN,2025-12-04T23:00:00.000Z
GHED_OOP_pc_US_SHA2011,Out-of-pocket expenditure (OOP) per capita in US$,numeric,EMR,Eastern Mediterranean,Country,JOR,Jordan,Year,2008,false,,,,,,,,,,,,,87.89,,,,,,87.89,,,EN,2025-12-04T23:00:00.000Z
GHED_OOP_pc_US_SHA2011,Out-of-pocket expenditure (OOP) per capita in US$,numeric,AMR,Americas,Country,VCT,Saint Vincent and the Grenadines,Year,2008,false,,,,,,,,,,,,,88.21,,,,,,88.21,,,EN,2025-12-04T23:00:00.000Z
GHED_OOP_pc_US_SHA2011,Out-of-pocket expenditure (OOP) per capita in US$,numeric,EUR,Europe,Country,MDA,Republic of Moldova,Year,2008,false,,,,,,,,,,,,,89.85,,,,,,89.85,,,EN,2025-12-04T23:00:00.000Z
GHED_OOP_pc_US_SHA2011,Out-of-pocket expenditure (OOP) per capita in US$,numeric,AFR,Africa,Country,LBR,Liberia,Year,2008,false,,,,,,,,,,,,,9.16,,,,,,9.16,,,EN,2025-12-04T23:00:00.000Z
GHED_OOP_pc_US_SHA2011,Out-of-pocket expenditure (OOP) per capita in US$,numeric,EUR,Europe,Country,GRC,Greece,Year,2008,false,,,,,,,,,,,,,914.9,,,,,,914.88,,,EN,2025-12-04T23:00:00.000Z
GHED_OOP_pc_US_SHA2011,Out-of-pocket expenditure (OOP) per capita in US$,numeric,EUR,Europe,Country,BEL,Belgium,Year,2008,false,,,,,,,,,,,,,928.7,,,,,,928.66,,,EN,2025-12-04T23:00:00.000Z
GHED_OOP_pc_US_SHA2011,Out-of-pocket expenditure (OOP) per capita in US$,numeric,WPR,Western Pacific,Country,MYS,Malaysia,Year,2008,false,,,,,,,,,,,,,93.7,,,,,,93.70,,,EN,2025-12-04T23:00:00.000Z
GHED_OOP_pc_US_SHA2011,Out-of-pocket expenditure (OOP) per capita in US$,numeric,EUR,Europe,Country,ROU,Romania,Year,2008,false,,,,,,,,,,,,,94.79,,,,,,94.79,,,EN,2025-12-04T23:00:00.000Z
GHED_OOP_pc_US_SHA2011,Out-of-pocket expenditure (OOP) per capita in US$,numeric,AMR,Americas,Country,DOM,Dominican Republic,Year,2008,false,,,,,,,,,,,,,95.34,,,,,,95.34,,,EN,2025-12-04T23:00:00.000Z
GHED_OOP_pc_US_SHA2011,Out-of-pocket expenditure (OOP) per capita in US$,numeric,EUR,Europe,Country,AUT,Austria,Year,2008,false,,,,,,,,,,,,,955.6,,,,,,955.61,,,EN,2025-12-04T23:00:00.000Z
GHED_OOP_pc_US_SHA2011,Out-of-pocket expenditure (OOP) per capita in US$,numeric,EMR,Eastern Mediterranean,Country,TUN,Tunisia,Year,2008,false,,,,,,,,,,,,,98.64,,,,,,98.64,,,EN,2025-12-04T23:00:00.000Z
GHED_OOP_pc_US_SHA2011,Out-of-pocket expenditure (OOP) per capita in US$,numeric,AMR,Americas,Country,USA,United States of America,Year,2008,false,,,,,,,,,,,,,983.9,,,,,,983.91,,,EN,2025-12-04T23:00:00.000Z
GHED_OOP_pc_US_SHA2011,Out-of-pocket expenditure (OOP) per capita in US$,numeric,WPR,Western Pacific,Country,KIR,Kiribati,Year,2007,false,,,,,,,,,,,,,0.25,,,,,,0.25,,,EN,2025-12-04T23:00:00.000Z
GHED_OOP_pc_US_SHA2011,Out-of-pocket expenditure (OOP) per capita in US$,numeric,AFR,Africa,Country,BFA,Burkina Faso,Year,2007,false,,,,,,,,,,,,,10.17,,,,,,10.17,,,EN,2025-12-04T23:00:00.000Z
GHED_OOP_pc_US_SHA2011,Out-of-pocket expenditure (OOP) per capita in US$,numeric,AFR,Africa,Country,TZA,United Republic of Tanzania,Year,2007,false,,,,,,,,,,,,,10.32,,,,,,10.32,,,EN,2025-12-04T23:00:00.000Z
GHED_OOP_pc_US_SHA2011,Out-of-pocket expenditure (OOP) per capita in US$,numeric,SEAR,South-East Asia,Country,NPL,Nepal,Year,2007,false,,,,,,,,,,,,,10.45,,,,,,10.45,,,EN,2025-12-04T23:00:00.000Z
GHED_OOP_pc_US_SHA2011,Out-of-pocket expenditure (OOP) per capita in US$,numeric,AMR,Americas,Country,ECU,Ecuador,Year,2007,false,,,,,,,,,,,,,102.7,,,,,,102.67,,,EN,2025-12-04T23:00:00.000Z
GHED_OOP_pc_US_SHA2011,Out-of-pocket expenditure (OOP) per capita in US$,numeric,EUR,Europe,Country,ALB,Albania,Year,2007,false,,,,,,,,,,,,,103.4,,,,,,103.41,,,EN,2025-12-04T23:00:00.000Z
GHED_OOP_pc_US_SHA2011,Out-of-pocket expenditure (OOP) per capita in US$,numeric,AFR,Africa,Country,GNQ,Equatorial Guinea,Year,2007,false,,,,,,,,,,,,,106.5,,,,,,106.46,,,EN,2025-12-04T23:00:00.000Z
GHED_OOP_pc_US_SHA2011,Out-of-pocket expenditure (OOP) per capita in US$,numeric,AFR,Africa,Country,NER,Niger,Year,2007,false,,,,,,,,,,,,,11.25,,,,,,11.25,,,EN,2025-12-04T23:00:00.000Z
GHED_OOP_pc_US_SHA2011,Out-of-pocket expenditure (OOP) per capita in US$,numeric,WPR,Western Pacific,Country,NIU,Niue,Year,2007,false,,,,,,,,,,,,,11.45,,,,,,11.45,,,EN,2025-12-04T23:00:00.000Z
GHED_OOP_pc_US_SHA2011,Out-of-pocket expenditure (OOP) per capita in US$,numeric,WPR,Western Pacific,Country,FSM,Micronesia (Federated States of),Year,2007,false,,,,,,,,,,,,,11.55,,,,,,11.55,,,EN,2025-12-04T23:00:00.000Z
GHED_OOP_pc_US_SHA2011,Out-of-pocket expenditure (OOP) per capita in US$,numeric,EMR,Eastern Mediterranean,Country,SAU,Saudi Arabia,Year,2007,false,,,,,,,,,,,,,110.8,,,,,,110.81,,,EN,2025-12-04T23:00:00.000Z
GHED_OOP_pc_US_SHA2011,Out-of-pocket expenditure (OOP) per capita in US$,numeric,EUR,Europe,Country,NOR,Norway,Year,2007,false,,,,,,,,,,,,,1108,,,,,,1108.27,,,EN,2025-12-04T23:00:00.000Z
GHED_OOP_pc_US_SHA2011,Out-of-pocket expenditure (OOP) per capita in US$,numeric,AMR,Americas,Country,JAM,Jamaica,Year,2007,false,,,,,,,,,,,,,119.2,,,,,,119.24,,,EN,2025-12-04T23:00:00.000Z
GHED_OOP_pc_US_SHA2011,Out-of-pocket expenditure (OOP) per capita in US$,numeric,AFR,Africa,Country,GNB,Guinea-Bissau,Year,2007,false,,,,,,,,,,,,,12.29,,,,,,12.29,,,EN,2025-12-04T23:00:00.000Z
GHED_OOP_pc_US_SHA2011,Out-of-pocket expenditure (OOP) per capita in US$,numeric,AFR,Africa,Country,ZMB,Zambia,Year,2007,false,,,,,,,,,,,,,12.67,,,,,,12.67,,,EN,2025-12-04T23:00:00.000Z
GHED_OOP_pc_US_SHA2011,Out-of-pocket expenditure (OOP) per capita in US$,numeric,AFR,Africa,Country,BEN,Benin,Year,2007,false,,,,,,,,,,,,,12.94,,,,,,12.94,,,EN,2025-12-04T23:00:00.000Z
GHED_OOP_pc_US_SHA2011,Out-of-pocket expenditure (OOP) per capita in US$,numeric,EUR,Europe,Country,TUR,Türkiye,Year,2007,false,,,,,,,,,,,,,120.5,,,,,,120.47,,,EN,2025-12-04T23:00:00.000Z
GHED_OOP_pc_US_SHA2011,Out-of-pocket expenditure (OOP) per capita in US$,numeric,AFR,Africa,Country,GAB,Gabon,Year,2007,false,,,,,,,,,,,,,122.2,,,,,,122.16,,,EN,2025-12-04T23:00:00.000Z
GHED_OOP_pc_US_SHA2011,Out-of-pocket expenditure (OOP) per capita in US$,numeric,AMR,Americas,Country,DMA,Dominica,Year,2007,false,,,,,,,,,,,,,126,,,,,,126.01,,,EN,2025-12-04T23:00:00.000Z
GHED_OOP_pc_US_SHA2011,Out-of-pocket expenditure (OOP) per capita in US$,numeric,EMR,Eastern Mediterranean,Country,IRN,Iran (Islamic Republic of),Year,2007,false,,,,,,,,,,,,,126.4,,,,,,126.39,,,EN,2025-12-04T23:00:00.000Z
GHED_OOP_pc_US_SHA2011,Out-of-pocket expenditure (OOP) per capita in US$,numeric,AFR,Africa,Country,MUS,Mauritius,Year,2007,false,,,,,,,,,,,,,127.9,,,,,,127.93,,,EN,2025-12-04T23:00:00.000Z
GHED_OOP_pc_US_SHA2011,Out-of-pocket expenditure (OOP) per capita in US$,numeric,EUR,Europe,Country,HRV,Croatia,Year,2007,false,,,,,,,,,,,,,129,,,,,,128.96,,,EN,2025-12-04T23:00:00.000Z
GHED_OOP_pc_US_SHA2011,Out-of-pocket expenditure (OOP) per capita in US$,numeric,WPR,Western Pacific,Country,TON,Tonga,Year,2007,false,,,,,,,,,,,,,13.23,,,,,,13.23,,,EN,2025-12-04T23:00:00.000Z
GHED_OOP_pc_US_SHA2011,Out-of-pocket expenditure (OOP) per capita in US$,numeric,WPR,Western Pacific,Country,NRU,Nauru,Year,2007,false,,,,,,,,,,,,,13.51,,,,,,13.51,,,EN,2025-12-04T23:00:00.000Z
GHED_OOP_pc_US_SHA2011,Out-of-pocket expenditure (OOP) per capita in US$,numeric,WPR,Western Pacific,Country,TUV,Tuvalu,Year,2007,false,,,,,,,,,,,,,13.6,,,,,,13.60,,,EN,2025-12-04T23:00:00.000Z
GHED_OOP_pc_US_SHA2011,Out-of-pocket expenditure (OOP) per capita in US$,numeric,AMR,Americas,Country,CRI,Costa Rica,Year,2007,false,,,,,,,,,,,,,132.7,,,,,,132.74,,,EN,2025-12-04T23:00:00.000Z
GHED_OOP_pc_US_SHA2011,Out-of-pocket expenditure (OOP) per capita in US$,numeric,AMR,Americas,Country,URY,Uruguay,Year,2007,false,,,,,,,,,,,,,135.1,,,,,,135.12,,,EN,2025-12-04T23:00:00.000Z
GHED_OOP_pc_US_SHA2011,Out-of-pocket expenditure (OOP) per capita in US$,numeric,AFR,Africa,Country,TGO,Togo,Year,2007,false,,,,,,,,,,,,,14.97,,,,,,14.97,,,EN,2025-12-04T23:00:00.000Z
GHED_OOP_pc_US_SHA2011,Out-of-pocket expenditure (OOP) per capita in US$,numeric,AMR,Americas,Country,PAN,Panama,Year,2007,false,,,,,,,,,,,,,141.4,,,,,,141.44,,,EN,2025-12-04T23:00:00.000Z
GHED_OOP_pc_US_SHA2011,Out-of-pocket expenditure (OOP) per capita in US$,numeric,EUR,Europe,Country,RUS,Russian Federation,Year,2007,false,,,,,,,,,,,,,144.5,,,,,,144.54,,,EN,2025-12-04T23:00:00.000Z
GHED_OOP_pc_US_SHA2011,Out-of-pocket expenditure (OOP) per capita in US$,numeric,EUR,Europe,Country,GEO,Georgia,Year,2007,false,,,,,,,,,,,,,148.3,,,,,,148.31,,,EN,2025-12-04T23:00:00.000Z
GHED_OOP_pc_US_SHA2011,Out-of-pocket expenditure (OOP) per capita in US$,numeric,WPR,Western Pacific,Country,KHM,Cambodia,Year,2007,false,,,,,,,,,,,,,15.07,,,,,,15.07,,,EN,2025-12-04T23:00:00.000Z
GHED_OOP_pc_US_SHA2011,Out-of-pocket expenditure (OOP) per capita in US$,numeric,AMR,Americas,Country,HTI,Haiti,Year,2007,false,,,,,,,,,,,,,15.08,,,,,,15.08,,,EN,2025-12-04T23:00:00.000Z
GHED_OOP_pc_US_SHA2011,Out-of-pocket expenditure (OOP) per capita in US$,numeric,WPR,Western Pacific,Country,MNG,Mongolia,Year,2007,false,,,,,,,,,,,,,15.41,,,,,,15.41,,,EN,2025-12-04T23:00:00.000Z
GHED_OOP_pc_US_SHA2011,Out-of-pocket expenditure (OOP) per capita in US$,numeric,AFR,Africa,Country,LSO,Lesotho,Year,2007,false,,,,,,,,,,,,,15.83,,,,,,15.83,,,EN,2025-12-04T23:00:00.000Z
GHED_OOP_pc_US_SHA2011,Out-of-pocket expenditure (OOP) per capita in US$,numeric,EUR,Europe,Country,CZE,Czechia,Year,2007,false,,,,,,,,,,,,,151.3,,,,,,151.33,,,EN,2025-12-04T23:00:00.000Z
GHED_OOP_pc_US_SHA2011,Out-of-pocket expenditure (OOP) per capita in US$,numeric,EUR,Europe,Country,BGR,Bulgaria,Year,2007,false,,,,,,,,,,,,,153.9,,,,,,153.86,,,EN,2025-12-04T23:00:00.000Z
GHED_OOP_pc_US_SHA2011,Out-of-pocket expenditure (OOP) per capita in US$,numeric,AFR,Africa,Country,GIN,Guinea,Year,2007,false,,,,,,,,,,,,,16.27,,,,,,16.27,,,EN,2025-12-04T23:00:00.000Z
GHED_OOP_pc_US_SHA2011,Out-of-pocket expenditure (OOP) per capita in US$,numeric,EMR,Eastern Mediterranean,Country,DJI,Djibouti,Year,2007,false,,,,,,,,,,,,,16.65,,,,,,16.65,,,EN,2025-12-04T23:00:00.000Z
GHED_OOP_pc_US_SHA2011,Out-of-pocket expenditure (OOP) per capita in US$,numeric,EUR,Europe,Country,BIH,Bosnia and Herzegovina,Year,2007,false,,,,,,,,,,,,,161.1,,,,,,161.08,,,EN,2025-12-04T23:00:00.000Z
GHED_OOP_pc_US_SHA2011,Out-of-pocket expenditure (OOP) per capita in US$,numeric,WPR,Western Pacific,Country,PLW,Palau,Year,2007,false,,,,,,,,,,,,,162,,,,,,161.97,,,EN,2025-12-04T23:00:00.000Z
GHED_OOP_pc_US_SHA2011,Out-of-pocket expenditure (OOP) per capita in US$,numeric,EUR,Europe,Country,CHE,Switzerland,Year,2007,false,,,,,,,,,,,,,1674,,,,,,1674.12,,,EN,2025-12-04T23:00:00.000Z
GHED_OOP_pc_US_SHA2011,Out-of-pocket expenditure (OOP) per capita in US$,numeric,AFR,Africa,Country,SEN,Senegal,Year,2007,false,,,,,,,,,,,,,17.98,,,,,,17.98,,,EN,2025-12-04T23:00:00.000Z
GHED_OOP_pc_US_SHA2011,Out-of-pocket expenditure (OOP) per capita in US$,numeric,EUR,Europe,Country,POL,Poland,Year,2007,false,,,,,,,,,,,,,173.8,,,,,,173.76,,,EN,2025-12-04T23:00:00.000Z
GHED_OOP_pc_US_SHA2011,Out-of-pocket expenditure (OOP) per capita in US$,numeric,AMR,Americas,Country,ARG,Argentina,Year,2007,false,,,,,,,,,,,,,177.5,,,,,,177.48,,,EN,2025-12-04T23:00:00.000Z
GHED_OOP_pc_US_SHA2011,Out-of-pocket expenditure (OOP) per capita in US$,numeric,AFR,Africa,Country,KEN,Kenya,Year,2007,false,,,,,,,,,,,,,18.02,,,,,,18.02,,,EN,2025-12-04T23:00:00.000Z
GHED_OOP_pc_US_SHA2011,Out-of-pocket expenditure (OOP) per capita in US$,numeric,AFR,Africa,Country,MLI,Mali,Year,2007,false,,,,,,,,,,,,,18.18,,,,,,18.18,,,EN,2025-12-04T23:00:00.000Z
GHED_OOP_pc_US_SHA2011,Out-of-pocket expenditure (OOP) per capita in US$,numeric,SEAR,South-East Asia,Country,THA,Thailand,Year,2007,false,,,,,,,,,,,,,18.53,,,,,,18.53,,,EN,2025-12-04T23:00:00.000Z
GHED_OOP_pc_US_SHA2011,Out-of-pocket expenditure (OOP) per capita in US$,numeric,EMR,Eastern Mediterranean,Country,PAK,Pakistan,Year,2007,false,,,,,,,,,,,,,18.74,,,,,,18.74,,,EN,2025-12-04T23:00:00.000Z
GHED_OOP_pc_US_SHA2011,Out-of-pocket expenditure (OOP) per capita in US$,numeric,WPR,Western Pacific,Country,VNM,Viet Nam,Year,2007,false,,,,,,,,,,,,,18.86,,,,,,18.86,,,EN,2025-12-04T23:00:00.000Z
GHED_OOP_pc_US_SHA2011,Out-of-pocket expenditure (OOP) per capita in US$,numeric,EUR,Europe,Country,TKM,Turkmenistan,Year,2007,false,,,,,,,,,,,,,180.7,,,,,,180.66,,,EN,2025-12-04T23:00:00.000Z
GHED_OOP_pc_US_SHA2011,Out-of-pocket expenditure (OOP) per capita in US$,numeric,EMR,Eastern Mediterranean,Country,KWT,Kuwait,Year,2007,false,,,,,,,,,,,,,188,,,,,,188.00,,,EN,2025-12-04T23:00:00.000Z
GHED_OOP_pc_US_SHA2011,Out-of-pocket expenditure (OOP) per capita in US$,numeric,EUR,Europe,Country,SRB,Serbia,Year,2007,false,,,,,,,,,,,,,190,,,,,,189.96,,,EN,2025-12-04T23:00:00.000Z
GHED_OOP_pc_US_SHA2011,Out-of-pocket expenditure (OOP) per capita in US$,numeric,WPR,Western Pacific,Country,WSM,Samoa,Year,2007,false,,,,,,,,,,,,,19.36,,,,,,19.36,,,EN,2025-12-04T23:00:00.000Z
GHED_OOP_pc_US_SHA2011,Out-of-pocket expenditure (OOP) per capita in US$,numeric,AMR,Americas,Country,BOL,Bolivia (Plurinational State of),Year,2007,false,,,,,,,,,,,,,19.57,,,,,,19.57,,,EN,2025-12-04T23:00:00.000Z
GHED_OOP_pc_US_SHA2011,Out-of-pocket expenditure (OOP) per capita in US$,numeric,AFR,Africa,Country,UGA,Uganda,Year,2007,false,,,,,,,,,,,,,19.67,,,,,,19.67,,,EN,2025-12-04T23:00:00.000Z
GHED_OOP_pc_US_SHA2011,Out-of-pocket expenditure (OOP) per capita in US$,numeric,EMR,Eastern Mediterranean,Country,LBN,Lebanon,Year,2007,false,,,,,,,,,,,,,193.4,,,,,,193.38,,,EN,2025-12-04T23:00:00.000Z
GHED_OOP_pc_US_SHA2011,Out-of-pocket expenditure (OOP) per capita in US$,numeric,EUR,Europe,Country,EST,Estonia,Year,2007,false,,,,,,,,,,,,,199,,,,,,199.05,,,EN,2025-12-04T23:00:00.000Z
GHED_OOP_pc_US_SHA2011,Out-of-pocket expenditure (OOP) per capita in US$,numeric,AMR,Americas,Country,GRD,Grenada,Year,2007,false,,,,,,,,,,,,,199.1,,,,,,199.07,,,EN,2025-12-04T23:00:00.000Z
GHED_OOP_pc_US_SHA2011,Out-of-pocket expenditure (OOP) per capita in US$,numeric,AFR,Africa,Country,MOZ,Mozambique,Year,2007,false,,,,,,,,,,,,,2.32,,,,,,2.32,,,EN,2025-12-04T23:00:00.000Z
GHED_OOP_pc_US_SHA2011,Out-of-pocket expenditure (OOP) per capita in US$,numeric,WPR,Western Pacific,Country,PNG,Papua New Guinea,Year,2007,false,,,,,,,,,,,,,2.58,,,,,,2.58,,,EN,2025-12-04T23:00:00.000Z
GHED_OOP_pc_US_SHA2011,Out-of-pocket expenditure (OOP) per capita in US$,numeric,WPR,Western Pacific,Country,SLB,Solomon Islands,Year,2007,false,,,,,,,,,,,,,2.6,,,,,,2.60,,,EN,2025-12-04T23:00:00.000Z
GHED_OOP_pc_US_SHA2011,Out-of-pocket expenditure (OOP) per capita in US$,numeric,AFR,Africa,Country,MWI,Malawi,Year,2007,false,,,,,,,,,,,,,2.93,,,,,,2.93,,,EN,2025-12-04T23:00:00.000Z
GHED_OOP_pc_US_SHA2011,Out-of-pocket expenditure (OOP) per capita in US$,numeric,EUR,Europe,Country,TJK,Tajikistan,Year,2007,false,,,,,,,,,,,,,20.19,,,,,,20.19,,,EN,2025-12-04T23:00:00.000Z
GHED_OOP_pc_US_SHA2011,Out-of-pocket expenditure (OOP) per capita in US$,numeric,AFR,Africa,Country,COG,Congo,Year,2007,false,,,,,,,,,,,,,20.63,,,,,,20.63,,,EN,2025-12-04T23:00:00.000Z
GHED_OOP_pc_US_SHA2011,Out-of-pocket expenditure (OOP) per capita in US$,numeric,AFR,Africa,Country,BWA,Botswana,Year,2007,false,,,,,,,,,,,,,20.67,,,,,,20.67,,,EN,2025-12-04T23:00:00.000Z
GHED_OOP_pc_US_SHA2011,Out-of-pocket expenditure (OOP) per capita in US$,numeric,EUR,Europe,Country,LTU,Lithuania,Year,2007,false,,,,,,,,,,,,,200,,,,,,200.05,,,EN,2025-12-04T23:00:00.000Z
GHED_OOP_pc_US_SHA2011,Out-of-pocket expenditure (OOP) per capita in US$,numeric,AMR,Americas,Country,BRA,Brazil,Year,2007,false,,,,,,,,,,,,,201.1,,,,,,201.12,,,EN,2025-12-04T23:00:00.000Z
GHED_OOP_pc_US_SHA2011,Out-of-pocket expenditure (OOP) per capita in US$,numeric,EMR,Eastern Mediterranean,Country,BHR,Bahrain,Year,2007,false,,,,,,,,,,,,,204.7,,,,,,204.75,,,EN,2025-12-04T23:00:00.000Z
GHED_OOP_pc_US_SHA2011,Out-of-pocket expenditure (OOP) per capita in US$,numeric,AFR,Africa,Country,STP,Sao Tome and Principe,Year,2007,false,,,,,,,,,,,,,21.1,,,,,,21.10,,,EN,2025-12-04T23:00:00.000Z
GHED_OOP_pc_US_SHA2011,Out-of-pocket expenditure (OOP) per capita in US$,numeric,EUR,Europe,Country,KGZ,Kyrgyzstan,Year,2007,false,,,,,,,,,,,,,21.29,,,,,,21.29,,,EN,2025-12-04T23:00:00.000Z
GHED_OOP_pc_US_SHA2011,Out-of-pocket expenditure (OOP) per capita in US$,numeric,WPR,Western Pacific,Country,FJI,Fiji,Year,2007,false,,,,,,,,,,,,,21.87,,,,,,21.87,,,EN,2025-12-04T23:00:00.000Z
GHED_OOP_pc_US_SHA2011,Out-of-pocket expenditure (OOP) per capita in US$,numeric,AFR,Africa,Country,TCD,Chad,Year,2007,false,,,,,,,,,,,,,22.1,,,,,,22.10,,,EN,2025-12-04T23:00:00.000Z
GHED_OOP_pc_US_SHA2011,Out-of-pocket expenditure (OOP) per capita in US$,numeric,AFR,Africa,Country,GHA,Ghana,Year,2007,false,,,,,,,,,,,,,22.7,,,,,,22.70,,,EN,2025-12-04T23:00:00.000Z
GHED_OOP_pc_US_SHA2011,Out-of-pocket expenditure (OOP) per capita in US$,numeric,SEAR,South-East Asia,Country,MDV,Maldives,Year,2007,false,,,,,,,,,,,,,225.9,,,,,,225.85,,,EN,2025-12-04T23:00:00.000Z
GHED_OOP_pc_US_SHA2011,Out-of-pocket expenditure (OOP) per capita in US$,numeric,AFR,Africa,Country,SLE,Sierra Leone,Year,2007,false,,,,,,,,,,,,,23.04,,,,,,23.04,,,EN,2025-12-04T23:00:00.000Z
GHED_OOP_pc_US_SHA2011,Out-of-pocket expenditure (OOP) per capita in US$,numeric,AMR,Americas,Country,ATG,Antigua and Barbuda,Year,2007,false,,,,,,,,,,,,,232.3,,,,,,232.33,,,EN,2025-12-04T23:00:00.000Z
GHED_OOP_pc_US_SHA2011,Out-of-pocket expenditure (OOP) per capita in US$,numeric,EMR,Eastern Mediterranean,Country,QAT,Qatar,Year,2007,false,,,,,,,,,,,,,243.7,,,,,,243.70,,,EN,2025-12-04T23:00:00.000Z
GHED_OOP_pc_US_SHA2011,Out-of-pocket expenditure (OOP) per capita in US$,numeric,EUR,Europe,Country,SVN,Slovenia,Year,2007,false,,,,,,,,,,,,,244.8,,,,,,244.81,,,EN,2025-12-04T23:00:00.000Z
GHED_OOP_pc_US_SHA2011,Out-of-pocket expenditure (OOP) per capita in US$,numeric,SEAR,South-East Asia,Country,IND,India,Year,2007,false,,,,,,,,,,,,,25.23,,,,,,25.23,,,EN,2025-12-04T23:00:00.000Z
GHED_OOP_pc_US_SHA2011,Out-of-pocket expenditure (OOP) per capita in US$,numeric,EMR,Eastern Mediterranean,Country,AFG,Afghanistan,Year,2007,false,,,,,,,,,,,,,25.57,,,,,,25.57,,,EN,2025-12-04T23:00:00.000Z
GHED_OOP_pc_US_SHA2011,Out-of-pocket expenditure (OOP) per capita in US$,numeric,AMR,Americas,Country,CHL,Chile,Year,2007,false,,,,,,,,,,,,,252,,,,,,252.00,,,EN,2025-12-04T23:00:00.000Z
GHED_OOP_pc_US_SHA2011,Out-of-pocket expenditure (OOP) per capita in US$,numeric,AFR,Africa,Country,MRT,Mauritania,Year,2007,false,,,,,,,,,,,,,26.39,,,,,,26.39,,,EN,2025-12-04T23:00:00.000Z
GHED_OOP_pc_US_SHA2011,Out-of-pocket expenditure (OOP) per capita in US$,numeric,AFR,Africa,Country,AGO,Angola,Year,2007,false,,,,,,,,,,,,,26.52,,,,,,26.52,,,EN,2025-12-04T23:00:00.000Z
GHED_OOP_pc_US_SHA2011,Out-of-pocket expenditure (OOP) per capita in US$,numeric,AFR,Africa,Country,NAM,Namibia,Year,2007,false,,,,,,,,,,,,,26.88,,,,,,26.88,,,EN,2025-12-04T23:00:00.000Z
GHED_OOP_pc_US_SHA2011,Out-of-pocket expenditure (OOP) per capita in US$,numeric,EUR,Europe,Country,HUN,Hungary,Year,2007,false,,,,,,,,,,,,,263.5,,,,,,263.47,,,EN,2025-12-04T23:00:00.000Z
GHED_OOP_pc_US_SHA2011,Out-of-pocket expenditure (OOP) per capita in US$,numeric,EUR,Europe,Country,UZB,Uzbekistan,Year,2007,false,,,,,,,,,,,,,27.26,,,,,,27.26,,,EN,2025-12-04T23:00:00.000Z
GHED_OOP_pc_US_SHA2011,Out-of-pocket expenditure (OOP) per capita in US$,numeric,WPR,Western Pacific,Country,IDN,Indonesia,Year,2007,false,,,,,,,,,,,,,27.74,,,,,,27.74,,,EN,2025-12-04T23:00:00.000Z
GHED_OOP_pc_US_SHA2011,Out-of-pocket expenditure (OOP) per capita in US$,numeric,AMR,Americas,Country,LCA,Saint Lucia,Year,2007,false,,,,,,,,,,,,,281,,,,,,281.05,,,EN,2025-12-04T23:00:00.000Z
GHED_OOP_pc_US_SHA2011,Out-of-pocket expenditure (OOP) per capita in US$,numeric,EUR,Europe,Country,SVK,Slovakia,Year,2007,false,,,,,,,,,,,,,281.7,,,,,,281.72,,,EN,2025-12-04T23:00:00.000Z
GHED_OOP_pc_US_SHA2011,Out-of-pocket expenditure (OOP) per capita in US$,numeric,EUR,Europe,Country,LVA,Latvia,Year,2007,false,,,,,,,,,,,,,285.5,,,,,,285.49,,,EN,2025-12-04T23:00:00.000Z
GHED_OOP_pc_US_SHA2011,Out-of-pocket expenditure (OOP) per capita in US$,numeric,AFR,Africa,Country,CPV,Cabo Verde,Year,2007,false,,,,,,,,,,,,,29.27,,,,,,29.27,,,EN,2025-12-04T23:00:00.000Z
GHED_OOP_pc_US_SHA2011,Out-of-pocket expenditure (OOP) per capita in US$,numeric,EMR,Eastern Mediterranean,Country,IRQ,Iraq,Year,2007,false,,,,,,,,,,,,,29.72,,,,,,29.72,,,EN,2025-12-04T23:00:00.000Z
GHED_OOP_pc_US_SHA2011,Out-of-pocket expenditure (OOP) per capita in US$,numeric,AMR,Americas,Country,MEX,Mexico,Year,2007,false,,,,,,,,,,,,,293,,,,,,292.97,,,EN,2025-12-04T23:00:00.000Z
GHED_OOP_pc_US_SHA2011,Out-of-pocket expenditure (OOP) per capita in US$,numeric,AFR,Africa,Country,SWZ,Eswatini,Year,2007,false,,,,,,,,,,,,,30.61,,,,,,30.61,,,EN,2025-12-04T23:00:00.000Z
GHED_OOP_pc_US_SHA2011,Out-of-pocket expenditure (OOP) per capita in US$,numeric,WPR,Western Pacific,Country,NZL,New Zealand,Year,2007,false,,,,,,,,,,,,,309.9,,,,,,309.90,,,EN,2025-12-04T23:00:00.000Z
GHED_OOP_pc_US_SHA2011,Out-of-pocket expenditure (OOP) per capita in US$,numeric,SEAR,South-East Asia,Country,LKA,Sri Lanka,Year,2007,false,,,,,,,,,,,,,32.02,,,,,,32.02,,,EN,2025-12-04T23:00:00.000Z
GHED_OOP_pc_US_SHA2011,Out-of-pocket expenditure (OOP) per capita in US$,numeric,AMR,Americas,Country,TTO,Trinidad and Tobago,Year,2007,false,,,,,,,,,,,,,328.9,,,,,,328.89,,,EN,2025-12-04T23:00:00.000Z
GHED_OOP_pc_US_SHA2011,Out-of-pocket expenditure (OOP) per capita in US$,numeric,EMR,Eastern Mediterranean,Country,ARE,United Arab Emirates,Year,2007,false,,,,,,,,,,,,,339.7,,,,,,339.73,,,EN,2025-12-04T23:00:00.000Z
GHED_OOP_pc_US_SHA2011,Out-of-pocket expenditure (OOP) per capita in US$,numeric,EMR,Eastern Mediterranean,Country,YEM,Yemen,Year,2007,false,,,,,,,,,,,,,35.85,,,,,,35.85,,,EN,2025-12-04T23:00:00.000Z
GHED_OOP_pc_US_SHA2011,Out-of-pocket expenditure (OOP) per capita in US$,numeric,WPR,Western Pacific,Country,PHL,Philippines,Year,2007,false,,,,,,,,,,,,,35.98,,,,,,35.98,,,EN,2025-12-04T23:00:00.000Z
GHED_OOP_pc_US_SHA2011,Out-of-pocket expenditure (OOP) per capita in US$,numeric,WPR,Western Pacific,Country,COK,Cook Islands,Year,2007,false,,,,,,,,,,,,,36.98,,,,,,36.98,,,EN,2025-12-04T23:00:00.000Z
GHED_OOP_pc_US_SHA2011,Out-of-pocket expenditure (OOP) per capita in US$,numeric,AMR,Americas,Country,KNA,Saint Kitts and Nevis,Year,2007,false,,,,,,,,,,,,,361.7,,,,,,361.70,,,EN,2025-12-04T23:00:00.000Z
GHED_OOP_pc_US_SHA2011,Out-of-pocket expenditure (OOP) per capita in US$,numeric,EMR,Eastern Mediterranean,Country,SYR,Syrian Arab Republic,Year,2007,false,,,,,,,,,,,,,37.27,,,,,,37.27,,,EN,2025-12-04T23:00:00.000Z
GHED_OOP_pc_US_SHA2011,Out-of-pocket expenditure (OOP) per capita in US$,numeric,EUR,Europe,Country,NLD,Netherlands (Kingdom of the),Year,2007,false,,,,,,,,,,,,,370.5,,,,,,370.48,,,EN,2025-12-04T23:00:00.000Z
GHED_OOP_pc_US_SHA2011,Out-of-pocket expenditure (OOP) per capita in US$,numeric,AFR,Africa,Country,CMR,Cameroon,Year,2007,false,,,,,,,,,,,,,38.02,,,,,,38.02,,,EN,2025-12-04T23:00:00.000Z
GHED_OOP_pc_US_SHA2011,Out-of-pocket expenditure (OOP) per capita in US$,numeric,AFR,Africa,Country,CIV,Cote d'Ivoire,Year,2007,false,,,,,,,,,,,,,38.61,,,,,,38.61,,,EN,2025-12-04T23:00:00.000Z
GHED_OOP_pc_US_SHA2011,Out-of-pocket expenditure (OOP) per capita in US$,numeric,AMR,Americas,Country,BRB,Barbados,Year,2007,false,,,,,,,,,,,,,384.4,,,,,,384.39,,,EN,2025-12-04T23:00:00.000Z
GHED_OOP_pc_US_SHA2011,Out-of-pocket expenditure (OOP) per capita in US$,numeric,AMR,Americas,Country,BHS,Bahamas,Year,2007,false,,,,,,,,,,,,,388.2,,,,,,388.18,,,EN,2025-12-04T23:00:00.000Z
GHED_OOP_pc_US_SHA2011,Out-of-pocket expenditure (OOP) per capita in US$,numeric,EUR,Europe,Country,AZE,Azerbaijan,Year,2007,false,,,,,,,,,,,,,39.28,,,,,,39.28,,,EN,2025-12-04T23:00:00.000Z
GHED_OOP_pc_US_SHA2011,Out-of-pocket expenditure (OOP) per capita in US$,numeric,AMR,Americas,Country,NIC,Nicaragua,Year,2007,false,,,,,,,,,,,,,39.4,,,,,,39.40,,,EN,2025-12-04T23:00:00.000Z
GHED_OOP_pc_US_SHA2011,Out-of-pocket expenditure (OOP) per capita in US$,numeric,AFR,Africa,Country,RWA,Rwanda,Year,2007,false,,,,,,,,,,,,,4.19,,,,,,4.19,,,EN,2025-12-04T23:00:00.000Z
GHED_OOP_pc_US_SHA2011,Out-of-pocket expenditure (OOP) per capita in US$,numeric,AFR,Africa,Country,ETH,Ethiopia,Year,2007,false,,,,,,,,,,,,,4.3,,,,,,4.30,,,EN,2025-12-04T23:00:00.000Z
GHED_OOP_pc_US_SHA2011,Out-of-pocket expenditure (OOP) per capita in US$,numeric,AMR,Americas,Country,GUY,Guyana,Year,2007,false,,,,,,,,,,,,,41.5,,,,,,41.50,,,EN,2025-12-04T23:00:00.000Z
GHED_OOP_pc_US_SHA2011,Out-of-pocket expenditure (OOP) per capita in US$,numeric,EUR,Europe,Country,FRA,France,Year,2007,false,,,,,,,,,,,,,410.9,,,,,,410.89,,,EN,2025-12-04T23:00:00.000Z
GHED_OOP_pc_US_SHA2011,Out-of-pocket expenditure (OOP) per capita in US$,numeric,AFR,Africa,Country,DZA,Algeria,Year,2007,false,,,,,,,,,,,,,42.38,,,,,,42.38,,,EN,2025-12-04T23:00:00.000Z
GHED_OOP_pc_US_SHA2011,Out-of-pocket expenditure (OOP) per capita in US$,numeric,EUR,Europe,Country,AND,Andorra,Year,2007,false,,,,,,,,,,,,,428.4,,,,,,428.37,,,EN,2025-12-04T23:00:00.000Z
GHED_OOP_pc_US_SHA2011,Out-of-pocket expenditure (OOP) per capita in US$,numeric,WPR,Western Pacific,Country,JPN,Japan,Year,2007,false,,,,,,,,,,,,,431.6,,,,,,431.55,,,EN,2025-12-04T23:00:00.000Z
GHED_OOP_pc_US_SHA2011,Out-of-pocket expenditure (OOP) per capita in US$,numeric,AFR,Africa,Country,ZAF,South Africa,Year,2007,false,,,,,,,,,,,,,44.17,,,,,,44.17,,,EN,2025-12-04T23:00:00.000Z
GHED_OOP_pc_US_SHA2011,Out-of-pocket expenditure (OOP) per capita in US$,numeric,EMR,Eastern Mediterranean,Country,EGY,Egypt,Year,2007,false,,,,,,,,,,,,,44.22,,,,,,44.22,,,EN,2025-12-04T23:00:00.000Z
GHED_OOP_pc_US_SHA2011,Out-of-pocket expenditure (OOP) per capita in US$,numeric,EMR,Eastern Mediterranean,Country,OMN,Oman,Year,2007,false,,,,,,,,,,,,,44.76,,,,,,44.76,,,EN,2025-12-04T23:00:00.000Z
GHED_OOP_pc_US_SHA2011,Out-of-pocket expenditure (OOP) per capita in US$,numeric,EMR,Eastern Mediterranean,Country,SDN,Sudan,Year,2007,false,,,,,,,,,,,,,47.44,,,,,,47.44,,,EN,2025-12-04T23:00:00.000Z
GHED_OOP_pc_US_SHA2011,Out-of-pocket expenditure (OOP) per capita in US$,numeric,AFR,Africa,Country,NGA,Nigeria,Year,2007,false,,,,,,,,,,,,,47.46,,,,,,47.46,,,EN,2025-12-04T23:00:00.000Z
GHED_OOP_pc_US_SHA2011,Out-of-pocket expenditure (OOP) per capita in US$,numeric,EUR,Europe,Country,ISR,Israel,Year,2007,false,,,,,,,,,,,,,471.9,,,,,,471.92,,,EN,2025-12-04T23:00:00.000Z
GHED_OOP_pc_US_SHA2011,Out-of-pocket expenditure (OOP) per capita in US$,numeric,EUR,Europe,Country,MCO,Monaco,Year,2007,false,,,,,,,,,,,,,481.9,,,,,,481.93,,,EN,2025-12-04T23:00:00.000Z
GHED_OOP_pc_US_SHA2011,Out-of-pocket expenditure (OOP) per capita in US$,numeric,EUR,Europe,Country,MLT,Malta,Year,2007,false,,,,,,,,,,,,,499.2,,,,,,499.18,,,EN,2025-12-04T23:00:00.000Z
GHED_OOP_pc_US_SHA2011,Out-of-pocket expenditure (OOP) per capita in US$,numeric,AFR,Africa,Country,GMB,Gambia,Year,2007,false,,,,,,,,,,,,,5.41,,,,,,5.41,,,EN,2025-12-04T23:00:00.000Z
GHED_OOP_pc_US_SHA2011,Out-of-pocket expenditure (OOP) per capita in US$,numeric,SEAR,South-East Asia,Country,TLS,Timor-Leste,Year,2007,false,,,,,,,,,,,,,5.57,,,,,,5.57,,,EN,2025-12-04T23:00:00.000Z
GHED_OOP_pc_US_SHA2011,Out-of-pocket expenditure (OOP) per capita in US$,numeric,WPR,Western Pacific,Country,CHN,China,Year,2007,false,,,,,,,,,,,,,50.55,,,,,,50.55,,,EN,2025-12-04T23:00:00.000Z
GHED_OOP_pc_US_SHA2011,Out-of-pocket expenditure (OOP) per capita in US$,numeric,WPR,Western Pacific,Country,KOR,Republic of Korea,Year,2007,false,,,,,,,,,,,,,509.8,,,,,,509.77,,,EN,2025-12-04T23:00:00.000Z
GHED_OOP_pc_US_SHA2011,Out-of-pocket expenditure (OOP) per capita in US$,numeric,WPR,Western Pacific,Country,SGP,Singapore,Year,2007,false,,,,,,,,,,,,,541.4,,,,,,541.38,,,EN,2025-12-04T23:00:00.000Z
GHED_OOP_pc_US_SHA2011,Out-of-pocket expenditure (OOP) per capita in US$,numeric,EUR,Europe,Country,PRT,Portugal,Year,2007,false,,,,,,,,,,,,,547.3,,,,,,547.28,,,EN,2025-12-04T23:00:00.000Z
GHED_OOP_pc_US_SHA2011,Out-of-pocket expenditure (OOP) per capita in US$,numeric,EMR,Eastern Mediterranean,Country,PSE,"occupied Palestinian territory, including east Jerusalem",Year,2007,false,,,,,,,,,,,,,55.66,,,,,,55.66,,,EN,2025-12-04T23:00:00.000Z
GHED_OOP_pc_US_SHA2011,Out-of-pocket expenditure (OOP) per capita in US$,numeric,AMR,Americas,Country,CUB,Cuba,Year,2007,false,,,,,,,,,,,,,55.71,,,,,,55.71,,,EN,2025-12-04T23:00:00.000Z
GHED_OOP_pc_US_SHA2011,Out-of-pocket expenditure (OOP) per capita in US$,numeric,EUR,Europe,Country,IRL,Ireland,Year,2007,false,,,,,,,,,,,,,562.2,,,,,,562.21,,,EN,2025-12-04T23:00:00.000Z
GHED_OOP_pc_US_SHA2011,Out-of-pocket expenditure (OOP) per capita in US$,numeric,EUR,Europe,Country,KAZ,Kazakhstan,Year,2007,false,,,,,,,,,,,,,57.14,,,,,,57.14,,,EN,2025-12-04T23:00:00.000Z
GHED_OOP_pc_US_SHA2011,Out-of-pocket expenditure (OOP) per capita in US$,numeric,AFR,Africa,Country,COM,Comoros,Year,2007,false,,,,,,,,,,,,,57.16,,,,,,57.16,,,EN,2025-12-04T23:00:00.000Z
GHED_OOP_pc_US_SHA2011,Out-of-pocket expenditure (OOP) per capita in US$,numeric,EUR,Europe,Country,DEU,Germany,Year,2007,false,,,,,,,,,,,,,572.8,,,,,,572.80,,,EN,2025-12-04T23:00:00.000Z
GHED_OOP_pc_US_SHA2011,Out-of-pocket expenditure (OOP) per capita in US$,numeric,EUR,Europe,Country,ESP,Spain,Year,2007,false,,,,,,,,,,,,,575.2,,,,,,575.21,,,EN,2025-12-04T23:00:00.000Z
GHED_OOP_pc_US_SHA2011,Out-of-pocket expenditure (OOP) per capita in US$,numeric,AMR,Americas,Country,COL,Colombia,Year,2007,false,,,,,,,,,,,,,59.6,,,,,,59.60,,,EN,2025-12-04T23:00:00.000Z
GHED_OOP_pc_US_SHA2011,Out-of-pocket expenditure (OOP) per capita in US$,numeric,WPR,Western Pacific,Country,MHL,Marshall Islands,Year,2007,false,,,,,,,,,,,,,6.01,,,,,,6.01,,,EN,2025-12-04T23:00:00.000Z
GHED_OOP_pc_US_SHA2011,Out-of-pocket expenditure (OOP) per capita in US$,numeric,AFR,Africa,Country,BDI,Burundi,Year,2007,false,,,,,,,,,,,,,6.28,,,,,,6.28,,,EN,2025-12-04T23:00:00.000Z
GHED_OOP_pc_US_SHA2011,Out-of-pocket expenditure (OOP) per capita in US$,numeric,AFR,Africa,Country,MDG,Madagascar,Year,2007,false,,,,,,,,,,,,,6.31,,,,,,6.31,,,EN,2025-12-04T23:00:00.000Z
GHED_OOP_pc_US_SHA2011,Out-of-pocket expenditure (OOP) per capita in US$,numeric,AFR,Africa,Country,LBR,Liberia,Year,2007,false,,,,,,,,,,,,,6.7,,,,,,6.70,,,EN,2025-12-04T23:00:00.000Z
GHED_OOP_pc_US_SHA2011,Out-of-pocket expenditure (OOP) per capita in US$,numeric,WPR,Western Pacific,Country,VUT,Vanuatu,Year,2007,false,,,,,,,,,,,,,6.84,,,,,,6.84,,,EN,2025-12-04T23:00:00.000Z
GHED_OOP_pc_US_SHA2011,Out-of-pocket expenditure (OOP) per capita in US$,numeric,AMR,Americas,Country,SUR,Suriname,Year,2007,false,,,,,,,,,,,,,60.29,,,,,,60.29,,,EN,2025-12-04T23:00:00.000Z
GHED_OOP_pc_US_SHA2011,Out-of-pocket expenditure (OOP) per capita in US$,numeric,AMR,Americas,Country,BLZ,Belize,Year,2007,false,,,,,,,,,,,,,61.06,,,,,,61.06,,,EN,2025-12-04T23:00:00.000Z
GHED_OOP_pc_US_SHA2011,Out-of-pocket expenditure (OOP) per capita in US$,numeric,EUR,Europe,Country,MDA,Republic of Moldova,Year,2007,false,,,,,,,,,,,,,61.08,,,,,,61.08,,,EN,2025-12-04T23:00:00.000Z
GHED_OOP_pc_US_SHA2011,Out-of-pocket expenditure (OOP) per capita in US$,numeric,AMR,Americas,Country,HND,Honduras,Year,2007,false,,,,,,,,,,,,,63.52,,,,,,63.52,,,EN,2025-12-04T23:00:00.000Z
GHED_OOP_pc_US_SHA2011,Out-of-pocket expenditure (OOP) per capita in US$,numeric,EUR,Europe,Country,GBR,United Kingdom of Great Britain and Northern Ireland,Year,2007,false,,,,,,,,,,,,,637,,,,,,636.96,,,EN,2025-12-04T23:00:00.000Z
GHED_OOP_pc_US_SHA2011,Out-of-pocket expenditure (OOP) per capita in US$,numeric,AMR,Americas,Country,CAN,Canada,Year,2007,false,,,,,,,,,,,,,653.8,,,,,,653.80,,,EN,2025-12-04T23:00:00.000Z
GHED_OOP_pc_US_SHA2011,Out-of-pocket expenditure (OOP) per capita in US$,numeric,EUR,Europe,Country,UKR,Ukraine,Year,2007,false,,,,,,,,,,,,,66.78,,,,,,66.78,,,EN,2025-12-04T23:00:00.000Z
GHED_OOP_pc_US_SHA2011,Out-of-pocket expenditure (OOP) per capita in US$,numeric,EUR,Europe,Country,ITA,Italy,Year,2007,false,,,,,,,,,,,,,662.1,,,,,,662.14,,,EN,2025-12-04T23:00:00.000Z
GHED_OOP_pc_US_SHA2011,Out-of-pocket expenditure (OOP) per capita in US$,numeric,AMR,Americas,Country,PER,Peru,Year,2007,false,,,,,,,,,,,,,67.45,,,,,,67.45,,,EN,2025-12-04T23:00:00.000Z
GHED_OOP_pc_US_SHA2011,Out-of-pocket expenditure (OOP) per capita in US$,numeric,EUR,Europe,Country,LUX,Luxembourg,Year,2007,false,,,,,,,,,,,,,687.6,,,,,,687.64,,,EN,2025-12-04T23:00:00.000Z
GHED_OOP_pc_US_SHA2011,Out-of-pocket expenditure (OOP) per capita in US$,numeric,AFR,Africa,Country,COD,Democratic Republic of the Congo,Year,2007,false,,,,,,,,,,,,,7.38,,,,,,7.38,,,EN,2025-12-04T23:00:00.000Z
GHED_OOP_pc_US_SHA2011,Out-of-pocket expenditure (OOP) per capita in US$,numeric,EUR,Europe,Country,BLR,Belarus,Year,2007,false,,,,,,,,,,,,,71.87,,,,,,71.87,,,EN,2025-12-04T23:00:00.000Z
GHED_OOP_pc_US_SHA2011,Out-of-pocket expenditure (OOP) per capita in US$,numeric,EUR,Europe,Country,SWE,Sweden,Year,2007,false,,,,,,,,,,,,,714.1,,,,,,714.09,,,EN,2025-12-04T23:00:00.000Z
GHED_OOP_pc_US_SHA2011,Out-of-pocket expenditure (OOP) per capita in US$,numeric,WPR,Western Pacific,Country,AUS,Australia,Year,2007,false,,,,,,,,,,,,,720.7,,,,,,720.73,,,EN,2025-12-04T23:00:00.000Z
GHED_OOP_pc_US_SHA2011,Out-of-pocket expenditure (OOP) per capita in US$,numeric,EUR,Europe,Country,ROU,Romania,Year,2007,false,,,,,,,,,,,,,73.04,,,,,,73.04,,,EN,2025-12-04T23:00:00.000Z
GHED_OOP_pc_US_SHA2011,Out-of-pocket expenditure (OOP) per capita in US$,numeric,EMR,Eastern Mediterranean,Country,JOR,Jordan,Year,2007,false,,,,,,,,,,,,,74.99,,,,,,74.99,,,EN,2025-12-04T23:00:00.000Z
GHED_OOP_pc_US_SHA2011,Out-of-pocket expenditure (OOP) per capita in US$,numeric,EUR,Europe,Country,FIN,Finland,Year,2007,false,,,,,,,,,,,,,744.5,,,,,,744.47,,,EN,2025-12-04T23:00:00.000Z
GHED_OOP_pc_US_SHA2011,Out-of-pocket expenditure (OOP) per capita in US$,numeric,EMR,Eastern Mediterranean,Country,MAR,Morocco,Year,2007,false,,,,,,,,,,,,,75.4,,,,,,75.40,,,EN,2025-12-04T23:00:00.000Z
GHED_OOP_pc_US_SHA2011,Out-of-pocket expenditure (OOP) per capita in US$,numeric,EUR,Europe,Country,SMR,San Marino,Year,2007,false,,,,,,,,,,,,,761.9,,,,,,761.91,,,EN,2025-12-04T23:00:00.000Z
GHED_OOP_pc_US_SHA2011,Out-of-pocket expenditure (OOP) per capita in US$,numeric,EUR,Europe,Country,DNK,Denmark,Year,2007,false,,,,,,,,,,,,,794.2,,,,,,794.18,,,EN,2025-12-04T23:00:00.000Z
GHED_OOP_pc_US_SHA2011,Out-of-pocket expenditure (OOP) per capita in US$,numeric,SEAR,South-East Asia,Country,MMR,Myanmar,Year,2007,false,,,,,,,,,,,,,8.15,,,,,,8.15,,,EN,2025-12-04T23:00:00.000Z
GHED_OOP_pc_US_SHA2011,Out-of-pocket expenditure (OOP) per capita in US$,numeric,WPR,Western Pacific,Country,LAO,Lao People's Democratic Republic,Year,2007,false,,,,,,,,,,,,,8.64,,,,,,8.64,,,EN,2025-12-04T23:00:00.000Z
GHED_OOP_pc_US_SHA2011,Out-of-pocket expenditure (OOP) per capita in US$,numeric,AFR,Africa,Country,ERI,Eritrea,Year,2007,false,,,,,,,,,,,,,8.65,,,,,,8.65,,,EN,2025-12-04T23:00:00.000Z
GHED_OOP_pc_US_SHA2011,Out-of-pocket expenditure (OOP) per capita in US$,numeric,WPR,Western Pacific,Country,MYS,Malaysia,Year,2007,false,,,,,,,,,,,,,80.98,,,,,,80.98,,,EN,2025-12-04T23:00:00.000Z
GHED_OOP_pc_US_SHA2011,Out-of-pocket expenditure (OOP) per capita in US$,numeric,AFR,Africa,Country,SYC,Seychelles,Year,2007,false,,,,,,,,,,,,,82.45,,,,,,82.45,,,EN,2025-12-04T23:00:00.000Z
GHED_OOP_pc_US_SHA2011,Out-of-pocket expenditure (OOP) per capita in US$,numeric,EUR,Europe,Country,CYP,Cyprus,Year,2007,false,,,,,,,,,,,,,826.8,,,,,,826.76,,,EN,2025-12-04T23:00:00.000Z
GHED_OOP_pc_US_SHA2011,Out-of-pocket expenditure (OOP) per capita in US$,numeric,EUR,Europe,Country,GRC,Greece,Year,2007,false,,,,,,,,,,,,,830.5,,,,,,830.52,,,EN,2025-12-04T23:00:00.000Z
GHED_OOP_pc_US_SHA2011,Out-of-pocket expenditure (OOP) per capita in US$,numeric,EUR,Europe,Country,BEL,Belgium,Year,2007,false,,,,,,,,,,,,,837.9,,,,,,837.92,,,EN,2025-12-04T23:00:00.000Z
GHED_OOP_pc_US_SHA2011,Out-of-pocket expenditure (OOP) per capita in US$,numeric,EMR,Eastern Mediterranean,Country,TUN,Tunisia,Year,2007,false,,,,,,,,,,,,,86.73,,,,,,86.73,,,EN,2025-12-04T23:00:00.000Z
GHED_OOP_pc_US_SHA2011,Out-of-pocket expenditure (OOP) per capita in US$,numeric,EUR,Europe,Country,AUT,Austria,Year,2007,false,,,,,,,,,,,,,862.4,,,,,,862.42,,,EN,2025-12-04T23:00:00.000Z
GHED_OOP_pc_US_SHA2011,Out-of-pocket expenditure (OOP) per capita in US$,numeric,AMR,Americas,Country,VCT,Saint Vincent and the Grenadines,Year,2007,false,,,,,,,,,,,,,87.51,,,,,,87.51,,,EN,2025-12-04T23:00:00.000Z
GHED_OOP_pc_US_SHA2011,Out-of-pocket expenditure (OOP) per capita in US$,numeric,AMR,Americas,Country,DOM,Dominican Republic,Year,2007,false,,,,,,,,,,,,,87.81,,,,,,87.81,,,EN,2025-12-04T23:00:00.000Z
GHED_OOP_pc_US_SHA2011,Out-of-pocket expenditure (OOP) per capita in US$,numeric,AFR,Africa,Country,CAF,Central African Republic,Year,2007,false,,,,,,,,,,,,,9.07,,,,,,9.07,,,EN,2025-12-04T23:00:00.000Z
GHED_OOP_pc_US_SHA2011,Out-of-pocket expenditure (OOP) per capita in US$,numeric,SEAR,South-East Asia,Country,BTN,Bhutan,Year,2007,false,,,,,,,,,,,,,9.28,,,,,,9.28,,,EN,2025-12-04T23:00:00.000Z
GHED_OOP_pc_US_SHA2011,Out-of-pocket expenditure (OOP) per capita in US$,numeric,SEAR,South-East Asia,Country,BGD,Bangladesh,Year,2007,false,,,,,,,,,,,,,9.32,,,,,,9.32,,,EN,2025-12-04T23:00:00.000Z
GHED_OOP_pc_US_SHA2011,Out-of-pocket expenditure (OOP) per capita in US$,numeric,EMR,Eastern Mediterranean,Country,LBY,Libya,Year,2007,false,,,,,,,,,,,,,90.17,,,,,,90.17,,,EN,2025-12-04T23:00:00.000Z
GHED_OOP_pc_US_SHA2011,Out-of-pocket expenditure (OOP) per capita in US$,numeric,WPR,Western Pacific,Country,BRN,Brunei Darussalam,Year,2007,false,,,,,,,,,,,,,90.83,,,,,,90.83,,,EN,2025-12-04T23:00:00.000Z
GHED_OOP_pc_US_SHA2011,Out-of-pocket expenditure (OOP) per capita in US$,numeric,AMR,Americas,Country,PRY,Paraguay,Year,2007,false,,,,,,,,,,,,,93.46,,,,,,93.46,,,EN,2025-12-04T23:00:00.000Z
GHED_OOP_pc_US_SHA2011,Out-of-pocket expenditure (OOP) per capita in US$,numeric,EUR,Europe,Country,ISL,Iceland,Year,2007,false,,,,,,,,,,,,,955.9,,,,,,955.91,,,EN,2025-12-04T23:00:00.000Z
GHED_OOP_pc_US_SHA2011,Out-of-pocket expenditure (OOP) per capita in US$,numeric,AMR,Americas,Country,GTM,Guatemala,Year,2007,false,,,,,,,,,,,,,97.92,,,,,,97.92,,,EN,2025-12-04T23:00:00.000Z
GHED_OOP_pc_US_SHA2011,Out-of-pocket expenditure (OOP) per capita in US$,numeric,AMR,Americas,Country,USA,United States of America,Year,2007,false,,,,,,,,,,,,,972.7,,,,,,972.67,,,EN,2025-12-04T23:00:00.000Z
GHED_OOP_pc_US_SHA2011,Out-of-pocket expenditure (OOP) per capita in US$,numeric,EUR,Europe,Country,MKD,North Macedonia,Year,2007,false,,,,,,,,,,,,,98.16,,,,,,98.16,,,EN,2025-12-04T23:00:00.000Z
GHED_OOP_pc_US_SHA2011,Out-of-pocket expenditure (OOP) per capita in US$,numeric,EUR,Europe,Country,ARM,Armenia,Year,2007,false,,,,,,,,,,,,,99.08,,,,,,99.08,,,EN,2025-12-04T23:00:00.000Z
GHED_OOP_pc_US_SHA2011,Out-of-pocket expenditure (OOP) per capita in US$,numeric,AMR,Americas,Country,SLV,El Salvador,Year,2007,false,,,,,,,,,,,,,99.93,,,,,,99.93,,,EN,2025-12-04T23:00:00.000Z
GHED_OOP_pc_US_SHA2011,Out-of-pocket expenditure (OOP) per capita in US$,numeric,WPR,Western Pacific,Country,KIR,Kiribati,Year,2006,false,,,,,,,,,,,,,0.075,,,,,,0.08,,,EN,2025-12-04T23:00:00.000Z
GHED_OOP_pc_US_SHA2011,Out-of-pocket expenditure (OOP) per capita in US$,numeric,AFR,Africa,Country,MWI,Malawi,Year,2006,false,,,,,,,,,,,,,1.87,,,,,,1.87,,,EN,2025-12-04T23:00:00.000Z
GHED_OOP_pc_US_SHA2011,Out-of-pocket expenditure (OOP) per capita in US$,numeric,AFR,Africa,Country,MUS,Mauritius,Year,2006,false,,,,,,,,,,,,,107.5,,,,,,107.54,,,EN,2025-12-04T23:00:00.000Z
GHED_OOP_pc_US_SHA2011,Out-of-pocket expenditure (OOP) per capita in US$,numeric,AMR,Americas,Country,DMA,Dominica,Year,2006,false,,,,,,,,,,,,,108.3,,,,,,108.30,,,EN,2025-12-04T23:00:00.000Z
GHED_OOP_pc_US_SHA2011,Out-of-pocket expenditure (OOP) per capita in US$,numeric,AFR,Africa,Country,GAB,Gabon,Year,2006,false,,,,,,,,,,,,,108.4,,,,,,108.42,,,EN,2025-12-04T23:00:00.000Z
GHED_OOP_pc_US_SHA2011,Out-of-pocket expenditure (OOP) per capita in US$,numeric,EUR,Europe,Country,HRV,Croatia,Year,2006,false,,,,,,,,,,,,,108.6,,,,,,108.57,,,EN,2025-12-04T23:00:00.000Z
GHED_OOP_pc_US_SHA2011,Out-of-pocket expenditure (OOP) per capita in US$,numeric,EUR,Europe,Country,RUS,Russian Federation,Year,2006,false,,,,,,,,,,,,,109.2,,,,,,109.21,,,EN,2025-12-04T23:00:00.000Z
GHED_OOP_pc_US_SHA2011,Out-of-pocket expenditure (OOP) per capita in US$,numeric,EUR,Europe,Country,CZE,Czechia,Year,2006,false,,,,,,,,,,,,,109.7,,,,,,109.72,,,EN,2025-12-04T23:00:00.000Z
GHED_OOP_pc_US_SHA2011,Out-of-pocket expenditure (OOP) per capita in US$,numeric,AFR,Africa,Country,GIN,Guinea,Year,2006,false,,,,,,,,,,,,,11.44,,,,,,11.44,,,EN,2025-12-04T23:00:00.000Z
GHED_OOP_pc_US_SHA2011,Out-of-pocket expenditure (OOP) per capita in US$,numeric,AFR,Africa,Country,GNB,Guinea-Bissau,Year,2006,false,,,,,,,,,,,,,11.7,,,,,,11.70,,,EN,2025-12-04T23:00:00.000Z
GHED_OOP_pc_US_SHA2011,Out-of-pocket expenditure (OOP) per capita in US$,numeric,WPR,Western Pacific,Country,TON,Tonga,Year,2006,false,,,,,,,,,,,,,11.81,,,,,,11.81,,,EN,2025-12-04T23:00:00.000Z
GHED_OOP_pc_US_SHA2011,Out-of-pocket expenditure (OOP) per capita in US$,numeric,AFR,Africa,Country,LBR,Liberia,Year,2006,false,,,,,,,,,,,,,11.83,,,,,,11.83,,,EN,2025-12-04T23:00:00.000Z
GHED_OOP_pc_US_SHA2011,Out-of-pocket expenditure (OOP) per capita in US$,numeric,AMR,Americas,Country,JAM,Jamaica,Year,2006,false,,,,,,,,,,,,,111.3,,,,,,111.31,,,EN,2025-12-04T23:00:00.000Z
GHED_OOP_pc_US_SHA2011,Out-of-pocket expenditure (OOP) per capita in US$,numeric,AMR,Americas,Country,CRI,Costa Rica,Year,2006,false,,,,,,,,,,,,,113.3,,,,,,113.28,,,EN,2025-12-04T23:00:00.000Z
GHED_OOP_pc_US_SHA2011,Out-of-pocket expenditure (OOP) per capita in US$,numeric,AMR,Americas,Country,ECU,Ecuador,Year,2006,false,,,,,,,,,,,,,115.5,,,,,,115.50,,,EN,2025-12-04T23:00:00.000Z
GHED_OOP_pc_US_SHA2011,Out-of-pocket expenditure (OOP) per capita in US$,numeric,EUR,Europe,Country,GEO,Georgia,Year,2006,false,,,,,,,,,,,,,117.5,,,,,,117.49,,,EN,2025-12-04T23:00:00.000Z
GHED_OOP_pc_US_SHA2011,Out-of-pocket expenditure (OOP) per capita in US$,numeric,AMR,Americas,Country,URY,Uruguay,Year,2006,false,,,,,,,,,,,,,119,,,,,,119.00,,,EN,2025-12-04T23:00:00.000Z
GHED_OOP_pc_US_SHA2011,Out-of-pocket expenditure (OOP) per capita in US$,numeric,AFR,Africa,Country,BEN,Benin,Year,2006,false,,,,,,,,,,,,,12.15,,,,,,12.15,,,EN,2025-12-04T23:00:00.000Z
GHED_OOP_pc_US_SHA2011,Out-of-pocket expenditure (OOP) per capita in US$,numeric,WPR,Western Pacific,Country,FSM,Micronesia (Federated States of),Year,2006,false,,,,,,,,,,,,,12.35,,,,,,12.35,,,EN,2025-12-04T23:00:00.000Z
GHED_OOP_pc_US_SHA2011,Out-of-pocket expenditure (OOP) per capita in US$,numeric,AMR,Americas,Country,HTI,Haiti,Year,2006,false,,,,,,,,,,,,,12.54,,,,,,12.54,,,EN,2025-12-04T23:00:00.000Z
GHED_OOP_pc_US_SHA2011,Out-of-pocket expenditure (OOP) per capita in US$,numeric,WPR,Western Pacific,Country,MNG,Mongolia,Year,2006,false,,,,,,,,,,,,,12.66,,,,,,12.66,,,EN,2025-12-04T23:00:00.000Z
GHED_OOP_pc_US_SHA2011,Out-of-pocket expenditure (OOP) per capita in US$,numeric,EUR,Europe,Country,SRB,Serbia,Year,2006,false,,,,,,,,,,,,,122,,,,,,122.00,,,EN,2025-12-04T23:00:00.000Z
GHED_OOP_pc_US_SHA2011,Out-of-pocket expenditure (OOP) per capita in US$,numeric,AMR,Americas,Country,PAN,Panama,Year,2006,false,,,,,,,,,,,,,123.6,,,,,,123.58,,,EN,2025-12-04T23:00:00.000Z
GHED_OOP_pc_US_SHA2011,Out-of-pocket expenditure (OOP) per capita in US$,numeric,EUR,Europe,Country,BGR,Bulgaria,Year,2006,false,,,,,,,,,,,,,125.4,,,,,,125.43,,,EN,2025-12-04T23:00:00.000Z
GHED_OOP_pc_US_SHA2011,Out-of-pocket expenditure (OOP) per capita in US$,numeric,EUR,Europe,Country,BIH,Bosnia and Herzegovina,Year,2006,false,,,,,,,,,,,,,126.6,,,,,,126.56,,,EN,2025-12-04T23:00:00.000Z
GHED_OOP_pc_US_SHA2011,Out-of-pocket expenditure (OOP) per capita in US$,numeric,EUR,Europe,Country,TJK,Tajikistan,Year,2006,false,,,,,,,,,,,,,13.79,,,,,,13.79,,,EN,2025-12-04T23:00:00.000Z
GHED_OOP_pc_US_SHA2011,Out-of-pocket expenditure (OOP) per capita in US$,numeric,AFR,Africa,Country,SEN,Senegal,Year,2006,false,,,,,,,,,,,,,14.33,,,,,,14.33,,,EN,2025-12-04T23:00:00.000Z
GHED_OOP_pc_US_SHA2011,Out-of-pocket expenditure (OOP) per capita in US$,numeric,WPR,Western Pacific,Country,NRU,Nauru,Year,2006,false,,,,,,,,,,,,,14.37,,,,,,14.37,,,EN,2025-12-04T23:00:00.000Z
GHED_OOP_pc_US_SHA2011,Out-of-pocket expenditure (OOP) per capita in US$,numeric,AFR,Africa,Country,LSO,Lesotho,Year,2006,false,,,,,,,,,,,,,14.91,,,,,,14.91,,,EN,2025-12-04T23:00:00.000Z
GHED_OOP_pc_US_SHA2011,Out-of-pocket expenditure (OOP) per capita in US$,numeric,EUR,Europe,Country,POL,Poland,Year,2006,false,,,,,,,,,,,,,142.1,,,,,,142.06,,,EN,2025-12-04T23:00:00.000Z
GHED_OOP_pc_US_SHA2011,Out-of-pocket expenditure (OOP) per capita in US$,numeric,AMR,Americas,Country,ARG,Argentina,Year,2006,false,,,,,,,,,,,,,146.5,,,,,,146.49,,,EN,2025-12-04T23:00:00.000Z
GHED_OOP_pc_US_SHA2011,Out-of-pocket expenditure (OOP) per capita in US$,numeric,EUR,Europe,Country,EST,Estonia,Year,2006,false,,,,,,,,,,,,,148.1,,,,,,148.10,,,EN,2025-12-04T23:00:00.000Z
GHED_OOP_pc_US_SHA2011,Out-of-pocket expenditure (OOP) per capita in US$,numeric,AFR,Africa,Country,ZMB,Zambia,Year,2006,false,,,,,,,,,,,,,15.08,,,,,,15.08,,,EN,2025-12-04T23:00:00.000Z
GHED_OOP_pc_US_SHA2011,Out-of-pocket expenditure (OOP) per capita in US$,numeric,AFR,Africa,Country,MLI,Mali,Year,2006,false,,,,,,,,,,,,,15.28,,,,,,15.28,,,EN,2025-12-04T23:00:00.000Z
GHED_OOP_pc_US_SHA2011,Out-of-pocket expenditure (OOP) per capita in US$,numeric,AFR,Africa,Country,KEN,Kenya,Year,2006,false,,,,,,,,,,,,,15.8,,,,,,15.80,,,EN,2025-12-04T23:00:00.000Z
GHED_OOP_pc_US_SHA2011,Out-of-pocket expenditure (OOP) per capita in US$,numeric,WPR,Western Pacific,Country,PLW,Palau,Year,2006,false,,,,,,,,,,,,,150.2,,,,,,150.18,,,EN,2025-12-04T23:00:00.000Z
GHED_OOP_pc_US_SHA2011,Out-of-pocket expenditure (OOP) per capita in US$,numeric,EMR,Eastern Mediterranean,Country,BHR,Bahrain,Year,2006,false,,,,,,,,,,,,,154.4,,,,,,154.38,,,EN,2025-12-04T23:00:00.000Z
GHED_OOP_pc_US_SHA2011,Out-of-pocket expenditure (OOP) per capita in US$,numeric,EUR,Europe,Country,CHE,Switzerland,Year,2006,false,,,,,,,,,,,,,1547,,,,,,1547.24,,,EN,2025-12-04T23:00:00.000Z
GHED_OOP_pc_US_SHA2011,Out-of-pocket expenditure (OOP) per capita in US$,numeric,WPR,Western Pacific,Country,VNM,Viet Nam,Year,2006,false,,,,,,,,,,,,,16.26,,,,,,16.26,,,EN,2025-12-04T23:00:00.000Z
GHED_OOP_pc_US_SHA2011,Out-of-pocket expenditure (OOP) per capita in US$,numeric,EMR,Eastern Mediterranean,Country,DJI,Djibouti,Year,2006,false,,,,,,,,,,,,,16.59,,,,,,16.59,,,EN,2025-12-04T23:00:00.000Z
GHED_OOP_pc_US_SHA2011,Out-of-pocket expenditure (OOP) per capita in US$,numeric,AFR,Africa,Country,TGO,Togo,Year,2006,false,,,,,,,,,,,,,16.75,,,,,,16.75,,,EN,2025-12-04T23:00:00.000Z
GHED_OOP_pc_US_SHA2011,Out-of-pocket expenditure (OOP) per capita in US$,numeric,EMR,Eastern Mediterranean,Country,KWT,Kuwait,Year,2006,false,,,,,,,,,,,,,166.1,,,,,,166.13,,,EN,2025-12-04T23:00:00.000Z
GHED_OOP_pc_US_SHA2011,Out-of-pocket expenditure (OOP) per capita in US$,numeric,AMR,Americas,Country,BRA,Brazil,Year,2006,false,,,,,,,,,,,,,168.3,,,,,,168.26,,,EN,2025-12-04T23:00:00.000Z
GHED_OOP_pc_US_SHA2011,Out-of-pocket expenditure (OOP) per capita in US$,numeric,AFR,Africa,Country,UGA,Uganda,Year,2006,false,,,,,,,,,,,,,17.08,,,,,,17.08,,,EN,2025-12-04T23:00:00.000Z
GHED_OOP_pc_US_SHA2011,Out-of-pocket expenditure (OOP) per capita in US$,numeric,WPR,Western Pacific,Country,WSM,Samoa,Year,2006,false,,,,,,,,,,,,,17.12,,,,,,17.12,,,EN,2025-12-04T23:00:00.000Z
GHED_OOP_pc_US_SHA2011,Out-of-pocket expenditure (OOP) per capita in US$,numeric,WPR,Western Pacific,Country,KHM,Cambodia,Year,2006,false,,,,,,,,,,,,,17.29,,,,,,17.29,,,EN,2025-12-04T23:00:00.000Z
GHED_OOP_pc_US_SHA2011,Out-of-pocket expenditure (OOP) per capita in US$,numeric,AFR,Africa,Country,GHA,Ghana,Year,2006,false,,,,,,,,,,,,,17.37,,,,,,17.37,,,EN,2025-12-04T23:00:00.000Z
GHED_OOP_pc_US_SHA2011,Out-of-pocket expenditure (OOP) per capita in US$,numeric,EUR,Europe,Country,KGZ,Kyrgyzstan,Year,2006,false,,,,,,,,,,,,,17.47,,,,,,17.47,,,EN,2025-12-04T23:00:00.000Z
GHED_OOP_pc_US_SHA2011,Out-of-pocket expenditure (OOP) per capita in US$,numeric,AFR,Africa,Country,COG,Congo,Year,2006,false,,,,,,,,,,,,,17.5,,,,,,17.50,,,EN,2025-12-04T23:00:00.000Z
GHED_OOP_pc_US_SHA2011,Out-of-pocket expenditure (OOP) per capita in US$,numeric,EMR,Eastern Mediterranean,Country,PAK,Pakistan,Year,2006,false,,,,,,,,,,,,,17.8,,,,,,17.80,,,EN,2025-12-04T23:00:00.000Z
GHED_OOP_pc_US_SHA2011,Out-of-pocket expenditure (OOP) per capita in US$,numeric,EUR,Europe,Country,LTU,Lithuania,Year,2006,false,,,,,,,,,,,,,170.8,,,,,,170.76,,,EN,2025-12-04T23:00:00.000Z
GHED_OOP_pc_US_SHA2011,Out-of-pocket expenditure (OOP) per capita in US$,numeric,AMR,Americas,Country,GRD,Grenada,Year,2006,false,,,,,,,,,,,,,171.3,,,,,,171.29,,,EN,2025-12-04T23:00:00.000Z
GHED_OOP_pc_US_SHA2011,Out-of-pocket expenditure (OOP) per capita in US$,numeric,EMR,Eastern Mediterranean,Country,LBN,Lebanon,Year,2006,false,,,,,,,,,,,,,179.4,,,,,,179.40,,,EN,2025-12-04T23:00:00.000Z
GHED_OOP_pc_US_SHA2011,Out-of-pocket expenditure (OOP) per capita in US$,numeric,AMR,Americas,Country,BOL,Bolivia (Plurinational State of),Year,2006,false,,,,,,,,,,,,,18.09,,,,,,18.09,,,EN,2025-12-04T23:00:00.000Z
GHED_OOP_pc_US_SHA2011,Out-of-pocket expenditure (OOP) per capita in US$,numeric,WPR,Western Pacific,Country,FJI,Fiji,Year,2006,false,,,,,,,,,,,,,18.13,,,,,,18.13,,,EN,2025-12-04T23:00:00.000Z
GHED_OOP_pc_US_SHA2011,Out-of-pocket expenditure (OOP) per capita in US$,numeric,SEAR,South-East Asia,Country,THA,Thailand,Year,2006,false,,,,,,,,,,,,,18.23,,,,,,18.23,,,EN,2025-12-04T23:00:00.000Z
GHED_OOP_pc_US_SHA2011,Out-of-pocket expenditure (OOP) per capita in US$,numeric,EMR,Eastern Mediterranean,Country,IRQ,Iraq,Year,2006,false,,,,,,,,,,,,,18.5,,,,,,18.50,,,EN,2025-12-04T23:00:00.000Z
GHED_OOP_pc_US_SHA2011,Out-of-pocket expenditure (OOP) per capita in US$,numeric,EUR,Europe,Country,SVN,Slovenia,Year,2006,false,,,,,,,,,,,,,189.3,,,,,,189.29,,,EN,2025-12-04T23:00:00.000Z
GHED_OOP_pc_US_SHA2011,Out-of-pocket expenditure (OOP) per capita in US$,numeric,AFR,Africa,Country,SLE,Sierra Leone,Year,2006,false,,,,,,,,,,,,,19.89,,,,,,19.89,,,EN,2025-12-04T23:00:00.000Z
GHED_OOP_pc_US_SHA2011,Out-of-pocket expenditure (OOP) per capita in US$,numeric,EUR,Europe,Country,SVK,Slovakia,Year,2006,false,,,,,,,,,,,,,193.8,,,,,,193.83,,,EN,2025-12-04T23:00:00.000Z
GHED_OOP_pc_US_SHA2011,Out-of-pocket expenditure (OOP) per capita in US$,numeric,EUR,Europe,Country,LVA,Latvia,Year,2006,false,,,,,,,,,,,,,196.6,,,,,,196.61,,,EN,2025-12-04T23:00:00.000Z
GHED_OOP_pc_US_SHA2011,Out-of-pocket expenditure (OOP) per capita in US$,numeric,AFR,Africa,Country,MOZ,Mozambique,Year,2006,false,,,,,,,,,,,,,2.3,,,,,,2.30,,,EN,2025-12-04T23:00:00.000Z
GHED_OOP_pc_US_SHA2011,Out-of-pocket expenditure (OOP) per capita in US$,numeric,WPR,Western Pacific,Country,SLB,Solomon Islands,Year,2006,false,,,,,,,,,,,,,2.33,,,,,,2.33,,,EN,2025-12-04T23:00:00.000Z
GHED_OOP_pc_US_SHA2011,Out-of-pocket expenditure (OOP) per capita in US$,numeric,WPR,Western Pacific,Country,PNG,Papua New Guinea,Year,2006,false,,,,,,,,,,,,,2.44,,,,,,2.44,,,EN,2025-12-04T23:00:00.000Z
GHED_OOP_pc_US_SHA2011,Out-of-pocket expenditure (OOP) per capita in US$,numeric,AMR,Americas,Country,ATG,Antigua and Barbuda,Year,2006,false,,,,,,,,,,,,,201.6,,,,,,201.64,,,EN,2025-12-04T23:00:00.000Z
GHED_OOP_pc_US_SHA2011,Out-of-pocket expenditure (OOP) per capita in US$,numeric,SEAR,South-East Asia,Country,MDV,Maldives,Year,2006,false,,,,,,,,,,,,,201.7,,,,,,201.66,,,EN,2025-12-04T23:00:00.000Z
GHED_OOP_pc_US_SHA2011,Out-of-pocket expenditure (OOP) per capita in US$,numeric,SEAR,South-East Asia,Country,IND,India,Year,2006,false,,,,,,,,,,,,,21.23,,,,,,21.23,,,EN,2025-12-04T23:00:00.000Z
GHED_OOP_pc_US_SHA2011,Out-of-pocket expenditure (OOP) per capita in US$,numeric,AFR,Africa,Country,BWA,Botswana,Year,2006,false,,,,,,,,,,,,,21.4,,,,,,21.40,,,EN,2025-12-04T23:00:00.000Z
GHED_OOP_pc_US_SHA2011,Out-of-pocket expenditure (OOP) per capita in US$,numeric,AFR,Africa,Country,AGO,Angola,Year,2006,false,,,,,,,,,,,,,21.55,,,,,,21.55,,,EN,2025-12-04T23:00:00.000Z
GHED_OOP_pc_US_SHA2011,Out-of-pocket expenditure (OOP) per capita in US$,numeric,AFR,Africa,Country,TCD,Chad,Year,2006,false,,,,,,,,,,,,,21.56,,,,,,21.56,,,EN,2025-12-04T23:00:00.000Z
GHED_OOP_pc_US_SHA2011,Out-of-pocket expenditure (OOP) per capita in US$,numeric,EUR,Europe,Country,UZB,Uzbekistan,Year,2006,false,,,,,,,,,,,,,21.6,,,,,,21.60,,,EN,2025-12-04T23:00:00.000Z
GHED_OOP_pc_US_SHA2011,Out-of-pocket expenditure (OOP) per capita in US$,numeric,EMR,Eastern Mediterranean,Country,AFG,Afghanistan,Year,2006,false,,,,,,,,,,,,,22.23,,,,,,22.23,,,EN,2025-12-04T23:00:00.000Z
GHED_OOP_pc_US_SHA2011,Out-of-pocket expenditure (OOP) per capita in US$,numeric,AFR,Africa,Country,STP,Sao Tome and Principe,Year,2006,false,,,,,,,,,,,,,22.83,,,,,,22.83,,,EN,2025-12-04T23:00:00.000Z
GHED_OOP_pc_US_SHA2011,Out-of-pocket expenditure (OOP) per capita in US$,numeric,EUR,Europe,Country,HUN,Hungary,Year,2006,false,,,,,,,,,,,,,223.4,,,,,,223.40,,,EN,2025-12-04T23:00:00.000Z
GHED_OOP_pc_US_SHA2011,Out-of-pocket expenditure (OOP) per capita in US$,numeric,AMR,Americas,Country,LCA,Saint Lucia,Year,2006,false,,,,,,,,,,,,,228.8,,,,,,228.83,,,EN,2025-12-04T23:00:00.000Z
GHED_OOP_pc_US_SHA2011,Out-of-pocket expenditure (OOP) per capita in US$,numeric,WPR,Western Pacific,Country,IDN,Indonesia,Year,2006,false,,,,,,,,,,,,,23.7,,,,,,23.70,,,EN,2025-12-04T23:00:00.000Z
GHED_OOP_pc_US_SHA2011,Out-of-pocket expenditure (OOP) per capita in US$,numeric,AFR,Africa,Country,MRT,Mauritania,Year,2006,false,,,,,,,,,,,,,23.96,,,,,,23.96,,,EN,2025-12-04T23:00:00.000Z
GHED_OOP_pc_US_SHA2011,Out-of-pocket expenditure (OOP) per capita in US$,numeric,AMR,Americas,Country,CHL,Chile,Year,2006,false,,,,,,,,,,,,,230.6,,,,,,230.58,,,EN,2025-12-04T23:00:00.000Z
GHED_OOP_pc_US_SHA2011,Out-of-pocket expenditure (OOP) per capita in US$,numeric,AFR,Africa,Country,NAM,Namibia,Year,2006,false,,,,,,,,,,,,,24.5,,,,,,24.50,,,EN,2025-12-04T23:00:00.000Z
GHED_OOP_pc_US_SHA2011,Out-of-pocket expenditure (OOP) per capita in US$,numeric,SEAR,South-East Asia,Country,LKA,Sri Lanka,Year,2006,false,,,,,,,,,,,,,25.92,,,,,,25.92,,,EN,2025-12-04T23:00:00.000Z
GHED_OOP_pc_US_SHA2011,Out-of-pocket expenditure (OOP) per capita in US$,numeric,EMR,Eastern Mediterranean,Country,QAT,Qatar,Year,2006,false,,,,,,,,,,,,,257.4,,,,,,257.42,,,EN,2025-12-04T23:00:00.000Z
GHED_OOP_pc_US_SHA2011,Out-of-pocket expenditure (OOP) per capita in US$,numeric,AFR,Africa,Country,CPV,Cabo Verde,Year,2006,false,,,,,,,,,,,,,26.92,,,,,,26.92,,,EN,2025-12-04T23:00:00.000Z
GHED_OOP_pc_US_SHA2011,Out-of-pocket expenditure (OOP) per capita in US$,numeric,EUR,Europe,Country,TKM,Turkmenistan,Year,2006,false,,,,,,,,,,,,,267.2,,,,,,267.24,,,EN,2025-12-04T23:00:00.000Z
GHED_OOP_pc_US_SHA2011,Out-of-pocket expenditure (OOP) per capita in US$,numeric,AMR,Americas,Country,MEX,Mexico,Year,2006,false,,,,,,,,,,,,,276.5,,,,,,276.51,,,EN,2025-12-04T23:00:00.000Z
GHED_OOP_pc_US_SHA2011,Out-of-pocket expenditure (OOP) per capita in US$,numeric,EUR,Europe,Country,AZE,Azerbaijan,Year,2006,false,,,,,,,,,,,,,28.07,,,,,,28.07,,,EN,2025-12-04T23:00:00.000Z
GHED_OOP_pc_US_SHA2011,Out-of-pocket expenditure (OOP) per capita in US$,numeric,AMR,Americas,Country,TTO,Trinidad and Tobago,Year,2006,false,,,,,,,,,,,,,280.5,,,,,,280.52,,,EN,2025-12-04T23:00:00.000Z
GHED_OOP_pc_US_SHA2011,Out-of-pocket expenditure (OOP) per capita in US$,numeric,WPR,Western Pacific,Country,PHL,Philippines,Year,2006,false,,,,,,,,,,,,,29.11,,,,,,29.11,,,EN,2025-12-04T23:00:00.000Z
GHED_OOP_pc_US_SHA2011,Out-of-pocket expenditure (OOP) per capita in US$,numeric,AFR,Africa,Country,SWZ,Eswatini,Year,2006,false,,,,,,,,,,,,,29.46,,,,,,29.46,,,EN,2025-12-04T23:00:00.000Z
GHED_OOP_pc_US_SHA2011,Out-of-pocket expenditure (OOP) per capita in US$,numeric,EMR,Eastern Mediterranean,Country,YEM,Yemen,Year,2006,false,,,,,,,,,,,,,29.53,,,,,,29.53,,,EN,2025-12-04T23:00:00.000Z
GHED_OOP_pc_US_SHA2011,Out-of-pocket expenditure (OOP) per capita in US$,numeric,AFR,Africa,Country,ETH,Ethiopia,Year,2006,false,,,,,,,,,,,,,3.27,,,,,,3.27,,,EN,2025-12-04T23:00:00.000Z
GHED_OOP_pc_US_SHA2011,Out-of-pocket expenditure (OOP) per capita in US$,numeric,AFR,Africa,Country,RWA,Rwanda,Year,2006,false,,,,,,,,,,,,,3.87,,,,,,3.87,,,EN,2025-12-04T23:00:00.000Z
GHED_OOP_pc_US_SHA2011,Out-of-pocket expenditure (OOP) per capita in US$,numeric,EMR,Eastern Mediterranean,Country,SDN,Sudan,Year,2006,false,,,,,,,,,,,,,30.87,,,,,,30.87,,,EN,2025-12-04T23:00:00.000Z
GHED_OOP_pc_US_SHA2011,Out-of-pocket expenditure (OOP) per capita in US$,numeric,EMR,Eastern Mediterranean,Country,ARE,United Arab Emirates,Year,2006,false,,,,,,,,,,,,,306.4,,,,,,306.35,,,EN,2025-12-04T23:00:00.000Z
GHED_OOP_pc_US_SHA2011,Out-of-pocket expenditure (OOP) per capita in US$,numeric,WPR,Western Pacific,Country,NZL,New Zealand,Year,2006,false,,,,,,,,,,,,,318.8,,,,,,318.85,,,EN,2025-12-04T23:00:00.000Z
GHED_OOP_pc_US_SHA2011,Out-of-pocket expenditure (OOP) per capita in US$,numeric,EMR,Eastern Mediterranean,Country,SYR,Syrian Arab Republic,Year,2006,false,,,,,,,,,,,,,32.78,,,,,,32.78,,,EN,2025-12-04T23:00:00.000Z
GHED_OOP_pc_US_SHA2011,Out-of-pocket expenditure (OOP) per capita in US$,numeric,AFR,Africa,Country,CMR,Cameroon,Year,2006,false,,,,,,,,,,,,,33.1,,,,,,33.10,,,EN,2025-12-04T23:00:00.000Z
GHED_OOP_pc_US_SHA2011,Out-of-pocket expenditure (OOP) per capita in US$,numeric,AMR,Americas,Country,NIC,Nicaragua,Year,2006,false,,,,,,,,,,,,,33.32,,,,,,33.32,,,EN,2025-12-04T23:00:00.000Z
GHED_OOP_pc_US_SHA2011,Out-of-pocket expenditure (OOP) per capita in US$,numeric,EUR,Europe,Country,NLD,Netherlands (Kingdom of the),Year,2006,false,,,,,,,,,,,,,339.8,,,,,,339.76,,,EN,2025-12-04T23:00:00.000Z
GHED_OOP_pc_US_SHA2011,Out-of-pocket expenditure (OOP) per capita in US$,numeric,AFR,Africa,Country,DZA,Algeria,Year,2006,false,,,,,,,,,,,,,34.01,,,,,,34.01,,,EN,2025-12-04T23:00:00.000Z
GHED_OOP_pc_US_SHA2011,Out-of-pocket expenditure (OOP) per capita in US$,numeric,AMR,Americas,Country,GUY,Guyana,Year,2006,false,,,,,,,,,,,,,34.71,,,,,,34.71,,,EN,2025-12-04T23:00:00.000Z
GHED_OOP_pc_US_SHA2011,Out-of-pocket expenditure (OOP) per capita in US$,numeric,AMR,Americas,Country,KNA,Saint Kitts and Nevis,Year,2006,false,,,,,,,,,,,,,345.1,,,,,,345.06,,,EN,2025-12-04T23:00:00.000Z
GHED_OOP_pc_US_SHA2011,Out-of-pocket expenditure (OOP) per capita in US$,numeric,AFR,Africa,Country,CIV,Cote d'Ivoire,Year,2006,false,,,,,,,,,,,,,35.76,,,,,,35.76,,,EN,2025-12-04T23:00:00.000Z
GHED_OOP_pc_US_SHA2011,Out-of-pocket expenditure (OOP) per capita in US$,numeric,EUR,Europe,Country,FRA,France,Year,2006,false,,,,,,,,,,,,,356.7,,,,,,356.72,,,EN,2025-12-04T23:00:00.000Z
GHED_OOP_pc_US_SHA2011,Out-of-pocket expenditure (OOP) per capita in US$,numeric,AMR,Americas,Country,BRB,Barbados,Year,2006,false,,,,,,,,,,,,,363.8,,,,,,363.84,,,EN,2025-12-04T23:00:00.000Z
GHED_OOP_pc_US_SHA2011,Out-of-pocket expenditure (OOP) per capita in US$,numeric,AMR,Americas,Country,BHS,Bahamas,Year,2006,false,,,,,,,,,,,,,369.2,,,,,,369.25,,,EN,2025-12-04T23:00:00.000Z
GHED_OOP_pc_US_SHA2011,Out-of-pocket expenditure (OOP) per capita in US$,numeric,EUR,Europe,Country,MCO,Monaco,Year,2006,false,,,,,,,,,,,,,374.6,,,,,,374.59,,,EN,2025-12-04T23:00:00.000Z
GHED_OOP_pc_US_SHA2011,Out-of-pocket expenditure (OOP) per capita in US$,numeric,EUR,Europe,Country,AND,Andorra,Year,2006,false,,,,,,,,,,,,,386.1,,,,,,386.15,,,EN,2025-12-04T23:00:00.000Z
GHED_OOP_pc_US_SHA2011,Out-of-pocket expenditure (OOP) per capita in US$,numeric,EMR,Eastern Mediterranean,Country,OMN,Oman,Year,2006,false,,,,,,,,,,,,,39.25,,,,,,39.25,,,EN,2025-12-04T23:00:00.000Z
GHED_OOP_pc_US_SHA2011,Out-of-pocket expenditure (OOP) per capita in US$,numeric,AFR,Africa,Country,GMB,Gambia,Year,2006,false,,,,,,,,,,,,,4.36,,,,,,4.36,,,EN,2025-12-04T23:00:00.000Z
GHED_OOP_pc_US_SHA2011,Out-of-pocket expenditure (OOP) per capita in US$,numeric,EMR,Eastern Mediterranean,Country,EGY,Egypt,Year,2006,false,,,,,,,,,,,,,40.07,,,,,,40.07,,,EN,2025-12-04T23:00:00.000Z
GHED_OOP_pc_US_SHA2011,Out-of-pocket expenditure (OOP) per capita in US$,numeric,EUR,Europe,Country,ISR,Israel,Year,2006,false,,,,,,,,,,,,,400.2,,,,,,400.15,,,EN,2025-12-04T23:00:00.000Z
GHED_OOP_pc_US_SHA2011,Out-of-pocket expenditure (OOP) per capita in US$,numeric,WPR,Western Pacific,Country,COK,Cook Islands,Year,2006,false,,,,,,,,,,,,,41.32,,,,,,41.32,,,EN,2025-12-04T23:00:00.000Z
GHED_OOP_pc_US_SHA2011,Out-of-pocket expenditure (OOP) per capita in US$,numeric,AMR,Americas,Country,COL,Colombia,Year,2006,false,,,,,,,,,,,,,43.06,,,,,,43.06,,,EN,2025-12-04T23:00:00.000Z
GHED_OOP_pc_US_SHA2011,Out-of-pocket expenditure (OOP) per capita in US$,numeric,EUR,Europe,Country,MLT,Malta,Year,2006,false,,,,,,,,,,,,,438.4,,,,,,438.44,,,EN,2025-12-04T23:00:00.000Z
GHED_OOP_pc_US_SHA2011,Out-of-pocket expenditure (OOP) per capita in US$,numeric,AFR,Africa,Country,ZAF,South Africa,Year,2006,false,,,,,,,,,,,,,44.23,,,,,,44.23,,,EN,2025-12-04T23:00:00.000Z
GHED_OOP_pc_US_SHA2011,Out-of-pocket expenditure (OOP) per capita in US$,numeric,AFR,Africa,Country,NGA,Nigeria,Year,2006,false,,,,,,,,,,,,,44.83,,,,,,44.83,,,EN,2025-12-04T23:00:00.000Z
GHED_OOP_pc_US_SHA2011,Out-of-pocket expenditure (OOP) per capita in US$,numeric,WPR,Western Pacific,Country,JPN,Japan,Year,2006,false,,,,,,,,,,,,,453.8,,,,,,453.83,,,EN,2025-12-04T23:00:00.000Z
GHED_OOP_pc_US_SHA2011,Out-of-pocket expenditure (OOP) per capita in US$,numeric,WPR,Western Pacific,Country,CHN,China,Year,2006,false,,,,,,,,,,,,,46.18,,,,,,46.18,,,EN,2025-12-04T23:00:00.000Z
GHED_OOP_pc_US_SHA2011,Out-of-pocket expenditure (OOP) per capita in US$,numeric,EUR,Europe,Country,MDA,Republic of Moldova,Year,2006,false,,,,,,,,,,,,,46.5,,,,,,46.50,,,EN,2025-12-04T23:00:00.000Z
GHED_OOP_pc_US_SHA2011,Out-of-pocket expenditure (OOP) per capita in US$,numeric,EUR,Europe,Country,GBR,United Kingdom of Great Britain and Northern Ireland,Year,2006,false,,,,,,,,,,,,,469.6,,,,,,469.62,,,EN,2025-12-04T23:00:00.000Z
GHED_OOP_pc_US_SHA2011,Out-of-pocket expenditure (OOP) per capita in US$,numeric,EUR,Europe,Country,PRT,Portugal,Year,2006,false,,,,,,,,,,,,,474.2,,,,,,474.15,,,EN,2025-12-04T23:00:00.000Z
GHED_OOP_pc_US_SHA2011,Out-of-pocket expenditure (OOP) per capita in US$,numeric,WPR,Western Pacific,Country,KOR,Republic of Korea,Year,2006,false,,,,,,,,,,,,,480.8,,,,,,480.77,,,EN,2025-12-04T23:00:00.000Z
GHED_OOP_pc_US_SHA2011,Out-of-pocket expenditure (OOP) per capita in US$,numeric,WPR,Western Pacific,Country,SGP,Singapore,Year,2006,false,,,,,,,,,,,,,483.3,,,,,,483.34,,,EN,2025-12-04T23:00:00.000Z
GHED_OOP_pc_US_SHA2011,Out-of-pocket expenditure (OOP) per capita in US$,numeric,EUR,Europe,Country,ESP,Spain,Year,2006,false,,,,,,,,,,,,,497.6,,,,,,497.58,,,EN,2025-12-04T23:00:00.000Z
GHED_OOP_pc_US_SHA2011,Out-of-pocket expenditure (OOP) per capita in US$,numeric,AFR,Africa,Country,MDG,Madagascar,Year,2006,false,,,,,,,,,,,,,5.2,,,,,,5.20,,,EN,2025-12-04T23:00:00.000Z
GHED_OOP_pc_US_SHA2011,Out-of-pocket expenditure (OOP) per capita in US$,numeric,AFR,Africa,Country,BDI,Burundi,Year,2006,false,,,,,,,,,,,,,5.6,,,,,,5.60,,,EN,2025-12-04T23:00:00.000Z
GHED_OOP_pc_US_SHA2011,Out-of-pocket expenditure (OOP) per capita in US$,numeric,WPR,Western Pacific,Country,MHL,Marshall Islands,Year,2006,false,,,,,,,,,,,,,5.61,,,,,,5.61,,,EN,2025-12-04T23:00:00.000Z
GHED_OOP_pc_US_SHA2011,Out-of-pocket expenditure (OOP) per capita in US$,numeric,SEAR,South-East Asia,Country,NPL,Nepal,Year,2006,false,,,,,,,,,,,,,5.81,,,,,,5.81,,,EN,2025-12-04T23:00:00.000Z
GHED_OOP_pc_US_SHA2011,Out-of-pocket expenditure (OOP) per capita in US$,numeric,EUR,Europe,Country,DEU,Germany,Year,2006,false,,,,,,,,,,,,,511.5,,,,,,511.53,,,EN,2025-12-04T23:00:00.000Z
GHED_OOP_pc_US_SHA2011,Out-of-pocket expenditure (OOP) per capita in US$,numeric,AFR,Africa,Country,COM,Comoros,Year,2006,false,,,,,,,,,,,,,52.25,,,,,,52.25,,,EN,2025-12-04T23:00:00.000Z
GHED_OOP_pc_US_SHA2011,Out-of-pocket expenditure (OOP) per capita in US$,numeric,EUR,Europe,Country,UKR,Ukraine,Year,2006,false,,,,,,,,,,,,,52.85,,,,,,52.85,,,EN,2025-12-04T23:00:00.000Z
GHED_OOP_pc_US_SHA2011,Out-of-pocket expenditure (OOP) per capita in US$,numeric,EUR,Europe,Country,KAZ,Kazakhstan,Year,2006,false,,,,,,,,,,,,,53.13,,,,,,53.13,,,EN,2025-12-04T23:00:00.000Z
GHED_OOP_pc_US_SHA2011,Out-of-pocket expenditure (OOP) per capita in US$,numeric,EUR,Europe,Country,BLR,Belarus,Year,2006,false,,,,,,,,,,,,,54.07,,,,,,54.07,,,EN,2025-12-04T23:00:00.000Z
GHED_OOP_pc_US_SHA2011,Out-of-pocket expenditure (OOP) per capita in US$,numeric,AMR,Americas,Country,PER,Peru,Year,2006,false,,,,,,,,,,,,,54.91,,,,,,54.91,,,EN,2025-12-04T23:00:00.000Z
GHED_OOP_pc_US_SHA2011,Out-of-pocket expenditure (OOP) per capita in US$,numeric,AMR,Americas,Country,CUB,Cuba,Year,2006,false,,,,,,,,,,,,,55.18,,,,,,55.18,,,EN,2025-12-04T23:00:00.000Z
GHED_OOP_pc_US_SHA2011,Out-of-pocket expenditure (OOP) per capita in US$,numeric,AMR,Americas,Country,HND,Honduras,Year,2006,false,,,,,,,,,,,,,55.9,,,,,,55.90,,,EN,2025-12-04T23:00:00.000Z
GHED_OOP_pc_US_SHA2011,Out-of-pocket expenditure (OOP) per capita in US$,numeric,AMR,Americas,Country,SUR,Suriname,Year,2006,false,,,,,,,,,,,,,56.73,,,,,,56.73,,,EN,2025-12-04T23:00:00.000Z
GHED_OOP_pc_US_SHA2011,Out-of-pocket expenditure (OOP) per capita in US$,numeric,EUR,Europe,Country,IRL,Ireland,Year,2006,false,,,,,,,,,,,,,577.7,,,,,,577.68,,,EN,2025-12-04T23:00:00.000Z
GHED_OOP_pc_US_SHA2011,Out-of-pocket expenditure (OOP) per capita in US$,numeric,EUR,Europe,Country,ROU,Romania,Year,2006,false,,,,,,,,,,,,,58.17,,,,,,58.17,,,EN,2025-12-04T23:00:00.000Z
GHED_OOP_pc_US_SHA2011,Out-of-pocket expenditure (OOP) per capita in US$,numeric,AMR,Americas,Country,BLZ,Belize,Year,2006,false,,,,,,,,,,,,,59.14,,,,,,59.14,,,EN,2025-12-04T23:00:00.000Z
GHED_OOP_pc_US_SHA2011,Out-of-pocket expenditure (OOP) per capita in US$,numeric,AMR,Americas,Country,CAN,Canada,Year,2006,false,,,,,,,,,,,,,597.1,,,,,,597.13,,,EN,2025-12-04T23:00:00.000Z
GHED_OOP_pc_US_SHA2011,Out-of-pocket expenditure (OOP) per capita in US$,numeric,SEAR,South-East Asia,Country,TLS,Timor-Leste,Year,2006,false,,,,,,,,,,,,,6.14,,,,,,6.14,,,EN,2025-12-04T23:00:00.000Z
GHED_OOP_pc_US_SHA2011,Out-of-pocket expenditure (OOP) per capita in US$,numeric,WPR,Western Pacific,Country,VUT,Vanuatu,Year,2006,false,,,,,,,,,,,,,6.15,,,,,,6.15,,,EN,2025-12-04T23:00:00.000Z
GHED_OOP_pc_US_SHA2011,Out-of-pocket expenditure (OOP) per capita in US$,numeric,SEAR,South-East Asia,Country,MMR,Myanmar,Year,2006,false,,,,,,,,,,,,,6.36,,,,,,6.36,,,EN,2025-12-04T23:00:00.000Z
GHED_OOP_pc_US_SHA2011,Out-of-pocket expenditure (OOP) per capita in US$,numeric,EUR,Europe,Country,ITA,Italy,Year,2006,false,,,,,,,,,,,,,601.5,,,,,,601.53,,,EN,2025-12-04T23:00:00.000Z
GHED_OOP_pc_US_SHA2011,Out-of-pocket expenditure (OOP) per capita in US$,numeric,WPR,Western Pacific,Country,AUS,Australia,Year,2006,false,,,,,,,,,,,,,627,,,,,,627.02,,,EN,2025-12-04T23:00:00.000Z
GHED_OOP_pc_US_SHA2011,Out-of-pocket expenditure (OOP) per capita in US$,numeric,EUR,Europe,Country,SWE,Sweden,Year,2006,false,,,,,,,,,,,,,629.2,,,,,,629.24,,,EN,2025-12-04T23:00:00.000Z
GHED_OOP_pc_US_SHA2011,Out-of-pocket expenditure (OOP) per capita in US$,numeric,EMR,Eastern Mediterranean,Country,PSE,"occupied Palestinian territory, including east Jerusalem",Year,2006,false,,,,,,,,,,,,,63.64,,,,,,63.64,,,EN,2025-12-04T23:00:00.000Z
GHED_OOP_pc_US_SHA2011,Out-of-pocket expenditure (OOP) per capita in US$,numeric,EMR,Eastern Mediterranean,Country,MAR,Morocco,Year,2006,false,,,,,,,,,,,,,64.76,,,,,,64.76,,,EN,2025-12-04T23:00:00.000Z
GHED_OOP_pc_US_SHA2011,Out-of-pocket expenditure (OOP) per capita in US$,numeric,EUR,Europe,Country,FIN,Finland,Year,2006,false,,,,,,,,,,,,,642.6,,,,,,642.58,,,EN,2025-12-04T23:00:00.000Z
GHED_OOP_pc_US_SHA2011,Out-of-pocket expenditure (OOP) per capita in US$,numeric,EUR,Europe,Country,SMR,San Marino,Year,2006,false,,,,,,,,,,,,,684,,,,,,684.00,,,EN,2025-12-04T23:00:00.000Z
GHED_OOP_pc_US_SHA2011,Out-of-pocket expenditure (OOP) per capita in US$,numeric,AMR,Americas,Country,PRY,Paraguay,Year,2006,false,,,,,,,,,,,,,69.46,,,,,,69.46,,,EN,2025-12-04T23:00:00.000Z
GHED_OOP_pc_US_SHA2011,Out-of-pocket expenditure (OOP) per capita in US$,numeric,WPR,Western Pacific,Country,MYS,Malaysia,Year,2006,false,,,,,,,,,,,,,69.65,,,,,,69.65,,,EN,2025-12-04T23:00:00.000Z
GHED_OOP_pc_US_SHA2011,Out-of-pocket expenditure (OOP) per capita in US$,numeric,EUR,Europe,Country,DNK,Denmark,Year,2006,false,,,,,,,,,,,,,692.9,,,,,,692.93,,,EN,2025-12-04T23:00:00.000Z
GHED_OOP_pc_US_SHA2011,Out-of-pocket expenditure (OOP) per capita in US$,numeric,AFR,Africa,Country,COD,Democratic Republic of the Congo,Year,2006,false,,,,,,,,,,,,,7.11,,,,,,7.11,,,EN,2025-12-04T23:00:00.000Z
GHED_OOP_pc_US_SHA2011,Out-of-pocket expenditure (OOP) per capita in US$,numeric,AFR,Africa,Country,CAF,Central African Republic,Year,2006,false,,,,,,,,,,,,,7.81,,,,,,7.81,,,EN,2025-12-04T23:00:00.000Z
GHED_OOP_pc_US_SHA2011,Out-of-pocket expenditure (OOP) per capita in US$,numeric,WPR,Western Pacific,Country,LAO,Lao People's Democratic Republic,Year,2006,false,,,,,,,,,,,,,7.9,,,,,,7.90,,,EN,2025-12-04T23:00:00.000Z
GHED_OOP_pc_US_SHA2011,Out-of-pocket expenditure (OOP) per capita in US$,numeric,SEAR,South-East Asia,Country,BGD,Bangladesh,Year,2006,false,,,,,,,,,,,,,7.92,,,,,,7.92,,,EN,2025-12-04T23:00:00.000Z
GHED_OOP_pc_US_SHA2011,Out-of-pocket expenditure (OOP) per capita in US$,numeric,EUR,Europe,Country,CYP,Cyprus,Year,2006,false,,,,,,,,,,,,,712.4,,,,,,712.37,,,EN,2025-12-04T23:00:00.000Z
GHED_OOP_pc_US_SHA2011,Out-of-pocket expenditure (OOP) per capita in US$,numeric,EUR,Europe,Country,BEL,Belgium,Year,2006,false,,,,,,,,,,,,,718.2,,,,,,718.22,,,EN,2025-12-04T23:00:00.000Z
GHED_OOP_pc_US_SHA2011,Out-of-pocket expenditure (OOP) per capita in US$,numeric,AMR,Americas,Country,VCT,Saint Vincent and the Grenadines,Year,2006,false,,,,,,,,,,,,,73.33,,,,,,73.33,,,EN,2025-12-04T23:00:00.000Z
GHED_OOP_pc_US_SHA2011,Out-of-pocket expenditure (OOP) per capita in US$,numeric,EMR,Eastern Mediterranean,Country,JOR,Jordan,Year,2006,false,,,,,,,,,,,,,73.95,,,,,,73.95,,,EN,2025-12-04T23:00:00.000Z
GHED_OOP_pc_US_SHA2011,Out-of-pocket expenditure (OOP) per capita in US$,numeric,EUR,Europe,Country,GRC,Greece,Year,2006,false,,,,,,,,,,,,,740,,,,,,739.96,,,EN,2025-12-04T23:00:00.000Z
GHED_OOP_pc_US_SHA2011,Out-of-pocket expenditure (OOP) per capita in US$,numeric,EUR,Europe,Country,AUT,Austria,Year,2006,false,,,,,,,,,,,,,747.6,,,,,,747.56,,,EN,2025-12-04T23:00:00.000Z
GHED_OOP_pc_US_SHA2011,Out-of-pocket expenditure (OOP) per capita in US$,numeric,EMR,Eastern Mediterranean,Country,TUN,Tunisia,Year,2006,false,,,,,,,,,,,,,76.31,,,,,,76.31,,,EN,2025-12-04T23:00:00.000Z
GHED_OOP_pc_US_SHA2011,Out-of-pocket expenditure (OOP) per capita in US$,numeric,EUR,Europe,Country,ARM,Armenia,Year,2006,false,,,,,,,,,,,,,76.41,,,,,,76.41,,,EN,2025-12-04T23:00:00.000Z
GHED_OOP_pc_US_SHA2011,Out-of-pocket expenditure (OOP) per capita in US$,numeric,SEAR,South-East Asia,Country,BTN,Bhutan,Year,2006,false,,,,,,,,,,,,,8.02,,,,,,8.02,,,EN,2025-12-04T23:00:00.000Z
GHED_OOP_pc_US_SHA2011,Out-of-pocket expenditure (OOP) per capita in US$,numeric,AFR,Africa,Country,ERI,Eritrea,Year,2006,false,,,,,,,,,,,,,8.19,,,,,,8.19,,,EN,2025-12-04T23:00:00.000Z
GHED_OOP_pc_US_SHA2011,Out-of-pocket expenditure (OOP) per capita in US$,numeric,WPR,Western Pacific,Country,TUV,Tuvalu,Year,2006,false,,,,,,,,,,,,,8.72,,,,,,8.72,,,EN,2025-12-04T23:00:00.000Z
GHED_OOP_pc_US_SHA2011,Out-of-pocket expenditure (OOP) per capita in US$,numeric,EMR,Eastern Mediterranean,Country,LBY,Libya,Year,2006,false,,,,,,,,,,,,,80.03,,,,,,80.03,,,EN,2025-12-04T23:00:00.000Z
GHED_OOP_pc_US_SHA2011,Out-of-pocket expenditure (OOP) per capita in US$,numeric,EUR,Europe,Country,ALB,Albania,Year,2006,false,,,,,,,,,,,,,80.55,,,,,,80.55,,,EN,2025-12-04T23:00:00.000Z
GHED_OOP_pc_US_SHA2011,Out-of-pocket expenditure (OOP) per capita in US$,numeric,EUR,Europe,Country,LUX,Luxembourg,Year,2006,false,,,,,,,,,,,,,812,,,,,,812.04,,,EN,2025-12-04T23:00:00.000Z
GHED_OOP_pc_US_SHA2011,Out-of-pocket expenditure (OOP) per capita in US$,numeric,EUR,Europe,Country,ISL,Iceland,Year,2006,false,,,,,,,,,,,,,833.5,,,,,,833.46,,,EN,2025-12-04T23:00:00.000Z
GHED_OOP_pc_US_SHA2011,Out-of-pocket expenditure (OOP) per capita in US$,numeric,AFR,Africa,Country,GNQ,Equatorial Guinea,Year,2006,false,,,,,,,,,,,,,88.14,,,,,,88.14,,,EN,2025-12-04T23:00:00.000Z
GHED_OOP_pc_US_SHA2011,Out-of-pocket expenditure (OOP) per capita in US$,numeric,AMR,Americas,Country,DOM,Dominican Republic,Year,2006,false,,,,,,,,,,,,,88.66,,,,,,88.66,,,EN,2025-12-04T23:00:00.000Z
GHED_OOP_pc_US_SHA2011,Out-of-pocket expenditure (OOP) per capita in US$,numeric,EUR,Europe,Country,MKD,North Macedonia,Year,2006,false,,,,,,,,,,,,,89.76,,,,,,89.76,,,EN,2025-12-04T23:00:00.000Z
GHED_OOP_pc_US_SHA2011,Out-of-pocket expenditure (OOP) per capita in US$,numeric,AMR,Americas,Country,SLV,El Salvador,Year,2006,false,,,,,,,,,,,,,89.8,,,,,,89.80,,,EN,2025-12-04T23:00:00.000Z
GHED_OOP_pc_US_SHA2011,Out-of-pocket expenditure (OOP) per capita in US$,numeric,AFR,Africa,Country,TZA,United Republic of Tanzania,Year,2006,false,,,,,,,,,,,,,9.17,,,,,,9.17,,,EN,2025-12-04T23:00:00.000Z
GHED_OOP_pc_US_SHA2011,Out-of-pocket expenditure (OOP) per capita in US$,numeric,AFR,Africa,Country,BFA,Burkina Faso,Year,2006,false,,,,,,,,,,,,,9.33,,,,,,9.33,,,EN,2025-12-04T23:00:00.000Z
GHED_OOP_pc_US_SHA2011,Out-of-pocket expenditure (OOP) per capita in US$,numeric,WPR,Western Pacific,Country,NIU,Niue,Year,2006,false,,,,,,,,,,,,,9.9,,,,,,9.90,,,EN,2025-12-04T23:00:00.000Z
GHED_OOP_pc_US_SHA2011,Out-of-pocket expenditure (OOP) per capita in US$,numeric,AFR,Africa,Country,NER,Niger,Year,2006,false,,,,,,,,,,,,,9.94,,,,,,9.94,,,EN,2025-12-04T23:00:00.000Z
GHED_OOP_pc_US_SHA2011,Out-of-pocket expenditure (OOP) per capita in US$,numeric,AMR,Americas,Country,GTM,Guatemala,Year,2006,false,,,,,,,,,,,,,91.68,,,,,,91.68,,,EN,2025-12-04T23:00:00.000Z
GHED_OOP_pc_US_SHA2011,Out-of-pocket expenditure (OOP) per capita in US$,numeric,AMR,Americas,Country,USA,United States of America,Year,2006,false,,,,,,,,,,,,,930.4,,,,,,930.44,,,EN,2025-12-04T23:00:00.000Z
GHED_OOP_pc_US_SHA2011,Out-of-pocket expenditure (OOP) per capita in US$,numeric,AFR,Africa,Country,SYC,Seychelles,Year,2006,false,,,,,,,,,,,,,96.54,,,,,,96.54,,,EN,2025-12-04T23:00:00.000Z
GHED_OOP_pc_US_SHA2011,Out-of-pocket expenditure (OOP) per capita in US$,numeric,EUR,Europe,Country,TUR,Türkiye,Year,2006,false,,,,,,,,,,,,,96.79,,,,,,96.79,,,EN,2025-12-04T23:00:00.000Z
GHED_OOP_pc_US_SHA2011,Out-of-pocket expenditure (OOP) per capita in US$,numeric,EUR,Europe,Country,NOR,Norway,Year,2006,false,,,,,,,,,,,,,969.5,,,,,,969.55,,,EN,2025-12-04T23:00:00.000Z
GHED_OOP_pc_US_SHA2011,Out-of-pocket expenditure (OOP) per capita in US$,numeric,WPR,Western Pacific,Country,BRN,Brunei Darussalam,Year,2006,false,,,,,,,,,,,,,97.64,,,,,,97.64,,,EN,2025-12-04T23:00:00.000Z
GHED_OOP_pc_US_SHA2011,Out-of-pocket expenditure (OOP) per capita in US$,numeric,EMR,Eastern Mediterranean,Country,SAU,Saudi Arabia,Year,2006,false,,,,,,,,,,,,,97.72,,,,,,97.72,,,EN,2025-12-04T23:00:00.000Z
GHED_OOP_pc_US_SHA2011,Out-of-pocket expenditure (OOP) per capita in US$,numeric,EMR,Eastern Mediterranean,Country,IRN,Iran (Islamic Republic of),Year,2006,false,,,,,,,,,,,,,99.28,,,,,,99.28,,,EN,2025-12-04T23:00:00.000Z
GHED_OOP_pc_US_SHA2011,Out-of-pocket expenditure (OOP) per capita in US$,numeric,WPR,Western Pacific,Country,KIR,Kiribati,Year,2005,false,,,,,,,,,,,,,0.16,,,,,,0.16,,,EN,2025-12-04T23:00:00.000Z
GHED_OOP_pc_US_SHA2011,Out-of-pocket expenditure (OOP) per capita in US$,numeric,AFR,Africa,Country,MWI,Malawi,Year,2005,false,,,,,,,,,,,,,1.57,,,,,,1.57,,,EN,2025-12-04T23:00:00.000Z
GHED_OOP_pc_US_SHA2011,Out-of-pocket expenditure (OOP) per capita in US$,numeric,WPR,Western Pacific,Country,SLB,Solomon Islands,Year,2005,false,,,,,,,,,,,,,1.93,,,,,,1.93,,,EN,2025-12-04T23:00:00.000Z
GHED_OOP_pc_US_SHA2011,Out-of-pocket expenditure (OOP) per capita in US$,numeric,AMR,Americas,Country,CRI,Costa Rica,Year,2005,false,,,,,,,,,,,,,102.7,,,,,,102.74,,,EN,2025-12-04T23:00:00.000Z
GHED_OOP_pc_US_SHA2011,Out-of-pocket expenditure (OOP) per capita in US$,numeric,EUR,Europe,Country,BGR,Bulgaria,Year,2005,false,,,,,,,,,,,,,104.1,,,,,,104.06,,,EN,2025-12-04T23:00:00.000Z
GHED_OOP_pc_US_SHA2011,Out-of-pocket expenditure (OOP) per capita in US$,numeric,EUR,Europe,Country,GEO,Georgia,Year,2005,false,,,,,,,,,,,,,105.2,,,,,,105.23,,,EN,2025-12-04T23:00:00.000Z
GHED_OOP_pc_US_SHA2011,Out-of-pocket expenditure (OOP) per capita in US$,numeric,AMR,Americas,Country,ECU,Ecuador,Year,2005,false,,,,,,,,,,,,,105.4,,,,,,105.37,,,EN,2025-12-04T23:00:00.000Z
GHED_OOP_pc_US_SHA2011,Out-of-pocket expenditure (OOP) per capita in US$,numeric,AMR,Americas,Country,DMA,Dominica,Year,2005,false,,,,,,,,,,,,,105.5,,,,,,105.53,,,EN,2025-12-04T23:00:00.000Z
GHED_OOP_pc_US_SHA2011,Out-of-pocket expenditure (OOP) per capita in US$,numeric,WPR,Western Pacific,Country,BRN,Brunei Darussalam,Year,2005,false,,,,,,,,,,,,,107.4,,,,,,107.37,,,EN,2025-12-04T23:00:00.000Z
GHED_OOP_pc_US_SHA2011,Out-of-pocket expenditure (OOP) per capita in US$,numeric,AMR,Americas,Country,JAM,Jamaica,Year,2005,false,,,,,,,,,,,,,108.8,,,,,,108.80,,,EN,2025-12-04T23:00:00.000Z
GHED_OOP_pc_US_SHA2011,Out-of-pocket expenditure (OOP) per capita in US$,numeric,EUR,Europe,Country,BIH,Bosnia and Herzegovina,Year,2005,false,,,,,,,,,,,,,109.2,,,,,,109.22,,,EN,2025-12-04T23:00:00.000Z
GHED_OOP_pc_US_SHA2011,Out-of-pocket expenditure (OOP) per capita in US$,numeric,AFR,Africa,Country,GNB,Guinea-Bissau,Year,2005,false,,,,,,,,,,,,,11.13,,,,,,11.13,,,EN,2025-12-04T23:00:00.000Z
GHED_OOP_pc_US_SHA2011,Out-of-pocket expenditure (OOP) per capita in US$,numeric,EUR,Europe,Country,TJK,Tajikistan,Year,2005,false,,,,,,,,,,,,,11.49,,,,,,11.49,,,EN,2025-12-04T23:00:00.000Z
GHED_OOP_pc_US_SHA2011,Out-of-pocket expenditure (OOP) per capita in US$,numeric,WPR,Western Pacific,Country,TON,Tonga,Year,2005,false,,,,,,,,,,,,,11.53,,,,,,11.53,,,EN,2025-12-04T23:00:00.000Z
GHED_OOP_pc_US_SHA2011,Out-of-pocket expenditure (OOP) per capita in US$,numeric,AMR,Americas,Country,HTI,Haiti,Year,2005,false,,,,,,,,,,,,,11.62,,,,,,11.62,,,EN,2025-12-04T23:00:00.000Z
GHED_OOP_pc_US_SHA2011,Out-of-pocket expenditure (OOP) per capita in US$,numeric,AFR,Africa,Country,BEN,Benin,Year,2005,false,,,,,,,,,,,,,11.69,,,,,,11.69,,,EN,2025-12-04T23:00:00.000Z
GHED_OOP_pc_US_SHA2011,Out-of-pocket expenditure (OOP) per capita in US$,numeric,AFR,Africa,Country,ZMB,Zambia,Year,2005,false,,,,,,,,,,,,,11.74,,,,,,11.74,,,EN,2025-12-04T23:00:00.000Z
GHED_OOP_pc_US_SHA2011,Out-of-pocket expenditure (OOP) per capita in US$,numeric,WPR,Western Pacific,Country,MNG,Mongolia,Year,2005,false,,,,,,,,,,,,,11.98,,,,,,11.98,,,EN,2025-12-04T23:00:00.000Z
GHED_OOP_pc_US_SHA2011,Out-of-pocket expenditure (OOP) per capita in US$,numeric,AMR,Americas,Country,URY,Uruguay,Year,2005,false,,,,,,,,,,,,,115.5,,,,,,115.51,,,EN,2025-12-04T23:00:00.000Z
GHED_OOP_pc_US_SHA2011,Out-of-pocket expenditure (OOP) per capita in US$,numeric,AMR,Americas,Country,PAN,Panama,Year,2005,false,,,,,,,,,,,,,115.7,,,,,,115.66,,,EN,2025-12-04T23:00:00.000Z
GHED_OOP_pc_US_SHA2011,Out-of-pocket expenditure (OOP) per capita in US$,numeric,AFR,Africa,Country,UGA,Uganda,Year,2005,false,,,,,,,,,,,,,12.57,,,,,,12.57,,,EN,2025-12-04T23:00:00.000Z
GHED_OOP_pc_US_SHA2011,Out-of-pocket expenditure (OOP) per capita in US$,numeric,WPR,Western Pacific,Country,FSM,Micronesia (Federated States of),Year,2005,false,,,,,,,,,,,,,12.74,,,,,,12.74,,,EN,2025-12-04T23:00:00.000Z
GHED_OOP_pc_US_SHA2011,Out-of-pocket expenditure (OOP) per capita in US$,numeric,AFR,Africa,Country,LBR,Liberia,Year,2005,false,,,,,,,,,,,,,12.84,,,,,,12.84,,,EN,2025-12-04T23:00:00.000Z
GHED_OOP_pc_US_SHA2011,Out-of-pocket expenditure (OOP) per capita in US$,numeric,EMR,Eastern Mediterranean,Country,PAK,Pakistan,Year,2005,false,,,,,,,,,,,,,12.9,,,,,,12.90,,,EN,2025-12-04T23:00:00.000Z
GHED_OOP_pc_US_SHA2011,Out-of-pocket expenditure (OOP) per capita in US$,numeric,EUR,Europe,Country,EST,Estonia,Year,2005,false,,,,,,,,,,,,,126.6,,,,,,126.55,,,EN,2025-12-04T23:00:00.000Z
GHED_OOP_pc_US_SHA2011,Out-of-pocket expenditure (OOP) per capita in US$,numeric,AMR,Americas,Country,ARG,Argentina,Year,2005,false,,,,,,,,,,,,,128.7,,,,,,128.75,,,EN,2025-12-04T23:00:00.000Z
GHED_OOP_pc_US_SHA2011,Out-of-pocket expenditure (OOP) per capita in US$,numeric,EUR,Europe,Country,POL,Poland,Year,2005,false,,,,,,,,,,,,,129.2,,,,,,129.21,,,EN,2025-12-04T23:00:00.000Z
GHED_OOP_pc_US_SHA2011,Out-of-pocket expenditure (OOP) per capita in US$,numeric,WPR,Western Pacific,Country,VNM,Viet Nam,Year,2005,false,,,,,,,,,,,,,13.5,,,,,,13.50,,,EN,2025-12-04T23:00:00.000Z
GHED_OOP_pc_US_SHA2011,Out-of-pocket expenditure (OOP) per capita in US$,numeric,AFR,Africa,Country,MLI,Mali,Year,2005,false,,,,,,,,,,,,,13.67,,,,,,13.67,,,EN,2025-12-04T23:00:00.000Z
GHED_OOP_pc_US_SHA2011,Out-of-pocket expenditure (OOP) per capita in US$,numeric,AFR,Africa,Country,GIN,Guinea,Year,2005,false,,,,,,,,,,,,,13.79,,,,,,13.79,,,EN,2025-12-04T23:00:00.000Z
GHED_OOP_pc_US_SHA2011,Out-of-pocket expenditure (OOP) per capita in US$,numeric,WPR,Western Pacific,Country,PLW,Palau,Year,2005,false,,,,,,,,,,,,,134.1,,,,,,134.11,,,EN,2025-12-04T23:00:00.000Z
GHED_OOP_pc_US_SHA2011,Out-of-pocket expenditure (OOP) per capita in US$,numeric,AMR,Americas,Country,BRA,Brazil,Year,2005,false,,,,,,,,,,,,,139.2,,,,,,139.18,,,EN,2025-12-04T23:00:00.000Z
GHED_OOP_pc_US_SHA2011,Out-of-pocket expenditure (OOP) per capita in US$,numeric,AFR,Africa,Country,KEN,Kenya,Year,2005,false,,,,,,,,,,,,,14.02,,,,,,14.02,,,EN,2025-12-04T23:00:00.000Z
GHED_OOP_pc_US_SHA2011,Out-of-pocket expenditure (OOP) per capita in US$,numeric,AFR,Africa,Country,SEN,Senegal,Year,2005,false,,,,,,,,,,,,,14.23,,,,,,14.23,,,EN,2025-12-04T23:00:00.000Z
GHED_OOP_pc_US_SHA2011,Out-of-pocket expenditure (OOP) per capita in US$,numeric,AFR,Africa,Country,LSO,Lesotho,Year,2005,false,,,,,,,,,,,,,14.33,,,,,,14.33,,,EN,2025-12-04T23:00:00.000Z
GHED_OOP_pc_US_SHA2011,Out-of-pocket expenditure (OOP) per capita in US$,numeric,WPR,Western Pacific,Country,FJI,Fiji,Year,2005,false,,,,,,,,,,,,,14.53,,,,,,14.53,,,EN,2025-12-04T23:00:00.000Z
GHED_OOP_pc_US_SHA2011,Out-of-pocket expenditure (OOP) per capita in US$,numeric,WPR,Western Pacific,Country,NRU,Nauru,Year,2005,false,,,,,,,,,,,,,14.57,,,,,,14.57,,,EN,2025-12-04T23:00:00.000Z
GHED_OOP_pc_US_SHA2011,Out-of-pocket expenditure (OOP) per capita in US$,numeric,EUR,Europe,Country,KGZ,Kyrgyzstan,Year,2005,false,,,,,,,,,,,,,14.87,,,,,,14.87,,,EN,2025-12-04T23:00:00.000Z
GHED_OOP_pc_US_SHA2011,Out-of-pocket expenditure (OOP) per capita in US$,numeric,EUR,Europe,Country,SVK,Slovakia,Year,2005,false,,,,,,,,,,,,,142,,,,,,141.97,,,EN,2025-12-04T23:00:00.000Z
GHED_OOP_pc_US_SHA2011,Out-of-pocket expenditure (OOP) per capita in US$,numeric,EUR,Europe,Country,LTU,Lithuania,Year,2005,false,,,,,,,,,,,,,143.9,,,,,,143.88,,,EN,2025-12-04T23:00:00.000Z
GHED_OOP_pc_US_SHA2011,Out-of-pocket expenditure (OOP) per capita in US$,numeric,EMR,Eastern Mediterranean,Country,IRQ,Iraq,Year,2005,false,,,,,,,,,,,,,15.41,,,,,,15.41,,,EN,2025-12-04T23:00:00.000Z
GHED_OOP_pc_US_SHA2011,Out-of-pocket expenditure (OOP) per capita in US$,numeric,AFR,Africa,Country,TGO,Togo,Year,2005,false,,,,,,,,,,,,,15.7,,,,,,15.70,,,EN,2025-12-04T23:00:00.000Z
GHED_OOP_pc_US_SHA2011,Out-of-pocket expenditure (OOP) per capita in US$,numeric,WPR,Western Pacific,Country,WSM,Samoa,Year,2005,false,,,,,,,,,,,,,15.84,,,,,,15.84,,,EN,2025-12-04T23:00:00.000Z
GHED_OOP_pc_US_SHA2011,Out-of-pocket expenditure (OOP) per capita in US$,numeric,EMR,Eastern Mediterranean,Country,DJI,Djibouti,Year,2005,false,,,,,,,,,,,,,15.93,,,,,,15.93,,,EN,2025-12-04T23:00:00.000Z
GHED_OOP_pc_US_SHA2011,Out-of-pocket expenditure (OOP) per capita in US$,numeric,EMR,Eastern Mediterranean,Country,BHR,Bahrain,Year,2005,false,,,,,,,,,,,,,153.3,,,,,,153.29,,,EN,2025-12-04T23:00:00.000Z
GHED_OOP_pc_US_SHA2011,Out-of-pocket expenditure (OOP) per capita in US$,numeric,EUR,Europe,Country,CHE,Switzerland,Year,2005,false,,,,,,,,,,,,,1537,,,,,,1536.67,,,EN,2025-12-04T23:00:00.000Z
GHED_OOP_pc_US_SHA2011,Out-of-pocket expenditure (OOP) per capita in US$,numeric,EMR,Eastern Mediterranean,Country,KWT,Kuwait,Year,2005,false,,,,,,,,,,,,,156.2,,,,,,156.17,,,EN,2025-12-04T23:00:00.000Z
GHED_OOP_pc_US_SHA2011,Out-of-pocket expenditure (OOP) per capita in US$,numeric,AMR,Americas,Country,GRD,Grenada,Year,2005,false,,,,,,,,,,,,,158.4,,,,,,158.42,,,EN,2025-12-04T23:00:00.000Z
GHED_OOP_pc_US_SHA2011,Out-of-pocket expenditure (OOP) per capita in US$,numeric,AFR,Africa,Country,COG,Congo,Year,2005,false,,,,,,,,,,,,,16.06,,,,,,16.06,,,EN,2025-12-04T23:00:00.000Z
GHED_OOP_pc_US_SHA2011,Out-of-pocket expenditure (OOP) per capita in US$,numeric,AMR,Americas,Country,BOL,Bolivia (Plurinational State of),Year,2005,false,,,,,,,,,,,,,16.56,,,,,,16.56,,,EN,2025-12-04T23:00:00.000Z
GHED_OOP_pc_US_SHA2011,Out-of-pocket expenditure (OOP) per capita in US$,numeric,EMR,Eastern Mediterranean,Country,LBN,Lebanon,Year,2005,false,,,,,,,,,,,,,164.4,,,,,,164.40,,,EN,2025-12-04T23:00:00.000Z
GHED_OOP_pc_US_SHA2011,Out-of-pocket expenditure (OOP) per capita in US$,numeric,AFR,Africa,Country,TCD,Chad,Year,2005,false,,,,,,,,,,,,,17.58,,,,,,17.58,,,EN,2025-12-04T23:00:00.000Z
GHED_OOP_pc_US_SHA2011,Out-of-pocket expenditure (OOP) per capita in US$,numeric,AMR,Americas,Country,ATG,Antigua and Barbuda,Year,2005,false,,,,,,,,,,,,,173.6,,,,,,173.64,,,EN,2025-12-04T23:00:00.000Z
GHED_OOP_pc_US_SHA2011,Out-of-pocket expenditure (OOP) per capita in US$,numeric,AFR,Africa,Country,SLE,Sierra Leone,Year,2005,false,,,,,,,,,,,,,18.33,,,,,,18.33,,,EN,2025-12-04T23:00:00.000Z
GHED_OOP_pc_US_SHA2011,Out-of-pocket expenditure (OOP) per capita in US$,numeric,EUR,Europe,Country,UZB,Uzbekistan,Year,2005,false,,,,,,,,,,,,,18.74,,,,,,18.74,,,EN,2025-12-04T23:00:00.000Z
GHED_OOP_pc_US_SHA2011,Out-of-pocket expenditure (OOP) per capita in US$,numeric,WPR,Western Pacific,Country,IDN,Indonesia,Year,2005,false,,,,,,,,,,,,,18.87,,,,,,18.87,,,EN,2025-12-04T23:00:00.000Z
GHED_OOP_pc_US_SHA2011,Out-of-pocket expenditure (OOP) per capita in US$,numeric,EUR,Europe,Country,LVA,Latvia,Year,2005,false,,,,,,,,,,,,,183.8,,,,,,183.78,,,EN,2025-12-04T23:00:00.000Z
GHED_OOP_pc_US_SHA2011,Out-of-pocket expenditure (OOP) per capita in US$,numeric,SEAR,South-East Asia,Country,MDV,Maldives,Year,2005,false,,,,,,,,,,,,,186.5,,,,,,186.53,,,EN,2025-12-04T23:00:00.000Z
GHED_OOP_pc_US_SHA2011,Out-of-pocket expenditure (OOP) per capita in US$,numeric,AMR,Americas,Country,LCA,Saint Lucia,Year,2005,false,,,,,,,,,,,,,186.6,,,,,,186.58,,,EN,2025-12-04T23:00:00.000Z
GHED_OOP_pc_US_SHA2011,Out-of-pocket expenditure (OOP) per capita in US$,numeric,EUR,Europe,Country,SVN,Slovenia,Year,2005,false,,,,,,,,,,,,,188.7,,,,,,188.68,,,EN,2025-12-04T23:00:00.000Z
GHED_OOP_pc_US_SHA2011,Out-of-pocket expenditure (OOP) per capita in US$,numeric,WPR,Western Pacific,Country,KHM,Cambodia,Year,2005,false,,,,,,,,,,,,,19.8,,,,,,19.80,,,EN,2025-12-04T23:00:00.000Z
GHED_OOP_pc_US_SHA2011,Out-of-pocket expenditure (OOP) per capita in US$,numeric,EMR,Eastern Mediterranean,Country,AFG,Afghanistan,Year,2005,false,,,,,,,,,,,,,19.83,,,,,,19.83,,,EN,2025-12-04T23:00:00.000Z
GHED_OOP_pc_US_SHA2011,Out-of-pocket expenditure (OOP) per capita in US$,numeric,AFR,Africa,Country,ETH,Ethiopia,Year,2005,false,,,,,,,,,,,,,2.03,,,,,,2.03,,,EN,2025-12-04T23:00:00.000Z
GHED_OOP_pc_US_SHA2011,Out-of-pocket expenditure (OOP) per capita in US$,numeric,WPR,Western Pacific,Country,PNG,Papua New Guinea,Year,2005,false,,,,,,,,,,,,,2.25,,,,,,2.25,,,EN,2025-12-04T23:00:00.000Z
GHED_OOP_pc_US_SHA2011,Out-of-pocket expenditure (OOP) per capita in US$,numeric,AFR,Africa,Country,MOZ,Mozambique,Year,2005,false,,,,,,,,,,,,,2.27,,,,,,2.27,,,EN,2025-12-04T23:00:00.000Z
GHED_OOP_pc_US_SHA2011,Out-of-pocket expenditure (OOP) per capita in US$,numeric,SEAR,South-East Asia,Country,IND,India,Year,2005,false,,,,,,,,,,,,,20.11,,,,,,20.11,,,EN,2025-12-04T23:00:00.000Z
GHED_OOP_pc_US_SHA2011,Out-of-pocket expenditure (OOP) per capita in US$,numeric,EMR,Eastern Mediterranean,Country,SDN,Sudan,Year,2005,false,,,,,,,,,,,,,20.25,,,,,,20.25,,,EN,2025-12-04T23:00:00.000Z
GHED_OOP_pc_US_SHA2011,Out-of-pocket expenditure (OOP) per capita in US$,numeric,EUR,Europe,Country,AZE,Azerbaijan,Year,2005,false,,,,,,,,,,,,,20.38,,,,,,20.38,,,EN,2025-12-04T23:00:00.000Z
GHED_OOP_pc_US_SHA2011,Out-of-pocket expenditure (OOP) per capita in US$,numeric,AMR,Americas,Country,CHL,Chile,Year,2005,false,,,,,,,,,,,,,210.5,,,,,,210.47,,,EN,2025-12-04T23:00:00.000Z
GHED_OOP_pc_US_SHA2011,Out-of-pocket expenditure (OOP) per capita in US$,numeric,SEAR,South-East Asia,Country,LKA,Sri Lanka,Year,2005,false,,,,,,,,,,,,,22.44,,,,,,22.44,,,EN,2025-12-04T23:00:00.000Z
GHED_OOP_pc_US_SHA2011,Out-of-pocket expenditure (OOP) per capita in US$,numeric,AFR,Africa,Country,MRT,Mauritania,Year,2005,false,,,,,,,,,,,,,22.83,,,,,,22.83,,,EN,2025-12-04T23:00:00.000Z
GHED_OOP_pc_US_SHA2011,Out-of-pocket expenditure (OOP) per capita in US$,numeric,AFR,Africa,Country,AGO,Angola,Year,2005,false,,,,,,,,,,,,,23.14,,,,,,23.14,,,EN,2025-12-04T23:00:00.000Z
GHED_OOP_pc_US_SHA2011,Out-of-pocket expenditure (OOP) per capita in US$,numeric,AFR,Africa,Country,NAM,Namibia,Year,2005,false,,,,,,,,,,,,,23.2,,,,,,23.20,,,EN,2025-12-04T23:00:00.000Z
GHED_OOP_pc_US_SHA2011,Out-of-pocket expenditure (OOP) per capita in US$,numeric,AFR,Africa,Country,CPV,Cabo Verde,Year,2005,false,,,,,,,,,,,,,23.63,,,,,,23.63,,,EN,2025-12-04T23:00:00.000Z
GHED_OOP_pc_US_SHA2011,Out-of-pocket expenditure (OOP) per capita in US$,numeric,WPR,Western Pacific,Country,PHL,Philippines,Year,2005,false,,,,,,,,,,,,,23.8,,,,,,23.80,,,EN,2025-12-04T23:00:00.000Z
GHED_OOP_pc_US_SHA2011,Out-of-pocket expenditure (OOP) per capita in US$,numeric,AFR,Africa,Country,BWA,Botswana,Year,2005,false,,,,,,,,,,,,,23.91,,,,,,23.91,,,EN,2025-12-04T23:00:00.000Z
GHED_OOP_pc_US_SHA2011,Out-of-pocket expenditure (OOP) per capita in US$,numeric,EUR,Europe,Country,HUN,Hungary,Year,2005,false,,,,,,,,,,,,,230.6,,,,,,230.64,,,EN,2025-12-04T23:00:00.000Z
GHED_OOP_pc_US_SHA2011,Out-of-pocket expenditure (OOP) per capita in US$,numeric,EUR,Europe,Country,TKM,Turkmenistan,Year,2005,false,,,,,,,,,,,,,239.8,,,,,,239.80,,,EN,2025-12-04T23:00:00.000Z
GHED_OOP_pc_US_SHA2011,Out-of-pocket expenditure (OOP) per capita in US$,numeric,EMR,Eastern Mediterranean,Country,YEM,Yemen,Year,2005,false,,,,,,,,,,,,,24.79,,,,,,24.79,,,EN,2025-12-04T23:00:00.000Z
GHED_OOP_pc_US_SHA2011,Out-of-pocket expenditure (OOP) per capita in US$,numeric,SEAR,South-East Asia,Country,THA,Thailand,Year,2005,false,,,,,,,,,,,,,24.99,,,,,,24.99,,,EN,2025-12-04T23:00:00.000Z
GHED_OOP_pc_US_SHA2011,Out-of-pocket expenditure (OOP) per capita in US$,numeric,AMR,Americas,Country,TTO,Trinidad and Tobago,Year,2005,false,,,,,,,,,,,,,245.3,,,,,,245.28,,,EN,2025-12-04T23:00:00.000Z
GHED_OOP_pc_US_SHA2011,Out-of-pocket expenditure (OOP) per capita in US$,numeric,EMR,Eastern Mediterranean,Country,QAT,Qatar,Year,2005,false,,,,,,,,,,,,,258,,,,,,257.96,,,EN,2025-12-04T23:00:00.000Z
GHED_OOP_pc_US_SHA2011,Out-of-pocket expenditure (OOP) per capita in US$,numeric,AFR,Africa,Country,STP,Sao Tome and Principe,Year,2005,false,,,,,,,,,,,,,26.76,,,,,,26.76,,,EN,2025-12-04T23:00:00.000Z
GHED_OOP_pc_US_SHA2011,Out-of-pocket expenditure (OOP) per capita in US$,numeric,EUR,Europe,Country,FRA,France,Year,2005,false,,,,,,,,,,,,,263.4,,,,,,263.44,,,EN,2025-12-04T23:00:00.000Z
GHED_OOP_pc_US_SHA2011,Out-of-pocket expenditure (OOP) per capita in US$,numeric,AMR,Americas,Country,MEX,Mexico,Year,2005,false,,,,,,,,,,,,,264.2,,,,,,264.20,,,EN,2025-12-04T23:00:00.000Z
GHED_OOP_pc_US_SHA2011,Out-of-pocket expenditure (OOP) per capita in US$,numeric,AMR,Americas,Country,KNA,Saint Kitts and Nevis,Year,2005,false,,,,,,,,,,,,,267.3,,,,,,267.25,,,EN,2025-12-04T23:00:00.000Z
GHED_OOP_pc_US_SHA2011,Out-of-pocket expenditure (OOP) per capita in US$,numeric,EMR,Eastern Mediterranean,Country,ARE,United Arab Emirates,Year,2005,false,,,,,,,,,,,,,270.8,,,,,,270.76,,,EN,2025-12-04T23:00:00.000Z
GHED_OOP_pc_US_SHA2011,Out-of-pocket expenditure (OOP) per capita in US$,numeric,AFR,Africa,Country,DZA,Algeria,Year,2005,false,,,,,,,,,,,,,28.33,,,,,,28.33,,,EN,2025-12-04T23:00:00.000Z
GHED_OOP_pc_US_SHA2011,Out-of-pocket expenditure (OOP) per capita in US$,numeric,AFR,Africa,Country,SWZ,Eswatini,Year,2005,false,,,,,,,,,,,,,28.78,,,,,,28.78,,,EN,2025-12-04T23:00:00.000Z
GHED_OOP_pc_US_SHA2011,Out-of-pocket expenditure (OOP) per capita in US$,numeric,AMR,Americas,Country,NIC,Nicaragua,Year,2005,false,,,,,,,,,,,,,28.85,,,,,,28.85,,,EN,2025-12-04T23:00:00.000Z
GHED_OOP_pc_US_SHA2011,Out-of-pocket expenditure (OOP) per capita in US$,numeric,AMR,Americas,Country,GUY,Guyana,Year,2005,false,,,,,,,,,,,,,29.97,,,,,,29.97,,,EN,2025-12-04T23:00:00.000Z
GHED_OOP_pc_US_SHA2011,Out-of-pocket expenditure (OOP) per capita in US$,numeric,AFR,Africa,Country,GMB,Gambia,Year,2005,false,,,,,,,,,,,,,3.82,,,,,,3.82,,,EN,2025-12-04T23:00:00.000Z
GHED_OOP_pc_US_SHA2011,Out-of-pocket expenditure (OOP) per capita in US$,numeric,WPR,Western Pacific,Country,TUV,Tuvalu,Year,2005,false,,,,,,,,,,,,,3.93,,,,,,3.93,,,EN,2025-12-04T23:00:00.000Z
GHED_OOP_pc_US_SHA2011,Out-of-pocket expenditure (OOP) per capita in US$,numeric,EMR,Eastern Mediterranean,Country,SYR,Syrian Arab Republic,Year,2005,false,,,,,,,,,,,,,30.7,,,,,,30.70,,,EN,2025-12-04T23:00:00.000Z
GHED_OOP_pc_US_SHA2011,Out-of-pocket expenditure (OOP) per capita in US$,numeric,AFR,Africa,Country,CMR,Cameroon,Year,2005,false,,,,,,,,,,,,,32.05,,,,,,32.05,,,EN,2025-12-04T23:00:00.000Z
GHED_OOP_pc_US_SHA2011,Out-of-pocket expenditure (OOP) per capita in US$,numeric,WPR,Western Pacific,Country,NZL,New Zealand,Year,2005,false,,,,,,,,,,,,,323,,,,,,322.96,,,EN,2025-12-04T23:00:00.000Z
GHED_OOP_pc_US_SHA2011,Out-of-pocket expenditure (OOP) per capita in US$,numeric,EUR,Europe,Country,MDA,Republic of Moldova,Year,2005,false,,,,,,,,,,,,,33.93,,,,,,33.93,,,EN,2025-12-04T23:00:00.000Z
GHED_OOP_pc_US_SHA2011,Out-of-pocket expenditure (OOP) per capita in US$,numeric,AMR,Americas,Country,BRB,Barbados,Year,2005,false,,,,,,,,,,,,,337.5,,,,,,337.47,,,EN,2025-12-04T23:00:00.000Z
GHED_OOP_pc_US_SHA2011,Out-of-pocket expenditure (OOP) per capita in US$,numeric,AMR,Americas,Country,COL,Colombia,Year,2005,false,,,,,,,,,,,,,34.4,,,,,,34.40,,,EN,2025-12-04T23:00:00.000Z
GHED_OOP_pc_US_SHA2011,Out-of-pocket expenditure (OOP) per capita in US$,numeric,AFR,Africa,Country,NGA,Nigeria,Year,2005,false,,,,,,,,,,,,,34.47,,,,,,34.47,,,EN,2025-12-04T23:00:00.000Z
GHED_OOP_pc_US_SHA2011,Out-of-pocket expenditure (OOP) per capita in US$,numeric,EMR,Eastern Mediterranean,Country,OMN,Oman,Year,2005,false,,,,,,,,,,,,,34.48,,,,,,34.48,,,EN,2025-12-04T23:00:00.000Z
GHED_OOP_pc_US_SHA2011,Out-of-pocket expenditure (OOP) per capita in US$,numeric,EUR,Europe,Country,MCO,Monaco,Year,2005,false,,,,,,,,,,,,,341.2,,,,,,341.21,,,EN,2025-12-04T23:00:00.000Z
GHED_OOP_pc_US_SHA2011,Out-of-pocket expenditure (OOP) per capita in US$,numeric,AFR,Africa,Country,CIV,Cote d'Ivoire,Year,2005,false,,,,,,,,,,,,,35.83,,,,,,35.83,,,EN,2025-12-04T23:00:00.000Z
GHED_OOP_pc_US_SHA2011,Out-of-pocket expenditure (OOP) per capita in US$,numeric,AMR,Americas,Country,BHS,Bahamas,Year,2005,false,,,,,,,,,,,,,350.2,,,,,,350.17,,,EN,2025-12-04T23:00:00.000Z
GHED_OOP_pc_US_SHA2011,Out-of-pocket expenditure (OOP) per capita in US$,numeric,EUR,Europe,Country,AND,Andorra,Year,2005,false,,,,,,,,,,,,,364.7,,,,,,364.71,,,EN,2025-12-04T23:00:00.000Z
GHED_OOP_pc_US_SHA2011,Out-of-pocket expenditure (OOP) per capita in US$,numeric,WPR,Western Pacific,Country,COK,Cook Islands,Year,2005,false,,,,,,,,,,,,,37.24,,,,,,37.24,,,EN,2025-12-04T23:00:00.000Z
GHED_OOP_pc_US_SHA2011,Out-of-pocket expenditure (OOP) per capita in US$,numeric,EUR,Europe,Country,NLD,Netherlands (Kingdom of the),Year,2005,false,,,,,,,,,,,,,378,,,,,,377.98,,,EN,2025-12-04T23:00:00.000Z
GHED_OOP_pc_US_SHA2011,Out-of-pocket expenditure (OOP) per capita in US$,numeric,EMR,Eastern Mediterranean,Country,EGY,Egypt,Year,2005,false,,,,,,,,,,,,,38.41,,,,,,38.41,,,EN,2025-12-04T23:00:00.000Z
GHED_OOP_pc_US_SHA2011,Out-of-pocket expenditure (OOP) per capita in US$,numeric,EUR,Europe,Country,MLT,Malta,Year,2005,false,,,,,,,,,,,,,397.7,,,,,,397.75,,,EN,2025-12-04T23:00:00.000Z
GHED_OOP_pc_US_SHA2011,Out-of-pocket expenditure (OOP) per capita in US$,numeric,AFR,Africa,Country,BDI,Burundi,Year,2005,false,,,,,,,,,,,,,4.36,,,,,,4.36,,,EN,2025-12-04T23:00:00.000Z
GHED_OOP_pc_US_SHA2011,Out-of-pocket expenditure (OOP) per capita in US$,numeric,AMR,Americas,Country,PER,Peru,Year,2005,false,,,,,,,,,,,,,41.93,,,,,,41.93,,,EN,2025-12-04T23:00:00.000Z
GHED_OOP_pc_US_SHA2011,Out-of-pocket expenditure (OOP) per capita in US$,numeric,WPR,Western Pacific,Country,KOR,Republic of Korea,Year,2005,false,,,,,,,,,,,,,419.6,,,,,,419.56,,,EN,2025-12-04T23:00:00.000Z
GHED_OOP_pc_US_SHA2011,Out-of-pocket expenditure (OOP) per capita in US$,numeric,WPR,Western Pacific,Country,CHN,China,Year,2005,false,,,,,,,,,,,,,42.12,,,,,,42.12,,,EN,2025-12-04T23:00:00.000Z
GHED_OOP_pc_US_SHA2011,Out-of-pocket expenditure (OOP) per capita in US$,numeric,EUR,Europe,Country,BLR,Belarus,Year,2005,false,,,,,,,,,,,,,42.72,,,,,,42.72,,,EN,2025-12-04T23:00:00.000Z
GHED_OOP_pc_US_SHA2011,Out-of-pocket expenditure (OOP) per capita in US$,numeric,EUR,Europe,Country,PRT,Portugal,Year,2005,false,,,,,,,,,,,,,429.6,,,,,,429.65,,,EN,2025-12-04T23:00:00.000Z
GHED_OOP_pc_US_SHA2011,Out-of-pocket expenditure (OOP) per capita in US$,numeric,EUR,Europe,Country,UKR,Ukraine,Year,2005,false,,,,,,,,,,,,,43.51,,,,,,43.51,,,EN,2025-12-04T23:00:00.000Z
GHED_OOP_pc_US_SHA2011,Out-of-pocket expenditure (OOP) per capita in US$,numeric,AFR,Africa,Country,ZAF,South Africa,Year,2005,false,,,,,,,,,,,,,45.31,,,,,,45.31,,,EN,2025-12-04T23:00:00.000Z
GHED_OOP_pc_US_SHA2011,Out-of-pocket expenditure (OOP) per capita in US$,numeric,WPR,Western Pacific,Country,JPN,Japan,Year,2005,false,,,,,,,,,,,,,453.4,,,,,,453.37,,,EN,2025-12-04T23:00:00.000Z
GHED_OOP_pc_US_SHA2011,Out-of-pocket expenditure (OOP) per capita in US$,numeric,WPR,Western Pacific,Country,SGP,Singapore,Year,2005,false,,,,,,,,,,,,,454.1,,,,,,454.14,,,EN,2025-12-04T23:00:00.000Z
GHED_OOP_pc_US_SHA2011,Out-of-pocket expenditure (OOP) per capita in US$,numeric,EUR,Europe,Country,ISR,Israel,Year,2005,false,,,,,,,,,,,,,456.4,,,,,,456.40,,,EN,2025-12-04T23:00:00.000Z
GHED_OOP_pc_US_SHA2011,Out-of-pocket expenditure (OOP) per capita in US$,numeric,EUR,Europe,Country,ESP,Spain,Year,2005,false,,,,,,,,,,,,,469.4,,,,,,469.41,,,EN,2025-12-04T23:00:00.000Z
GHED_OOP_pc_US_SHA2011,Out-of-pocket expenditure (OOP) per capita in US$,numeric,EUR,Europe,Country,ROU,Romania,Year,2005,false,,,,,,,,,,,,,47.09,,,,,,47.09,,,EN,2025-12-04T23:00:00.000Z
GHED_OOP_pc_US_SHA2011,Out-of-pocket expenditure (OOP) per capita in US$,numeric,EUR,Europe,Country,GBR,United Kingdom of Great Britain and Northern Ireland,Year,2005,false,,,,,,,,,,,,,473.8,,,,,,473.84,,,EN,2025-12-04T23:00:00.000Z
GHED_OOP_pc_US_SHA2011,Out-of-pocket expenditure (OOP) per capita in US$,numeric,AMR,Americas,Country,HND,Honduras,Year,2005,false,,,,,,,,,,,,,48.02,,,,,,48.02,,,EN,2025-12-04T23:00:00.000Z
GHED_OOP_pc_US_SHA2011,Out-of-pocket expenditure (OOP) per capita in US$,numeric,EUR,Europe,Country,KAZ,Kazakhstan,Year,2005,false,,,,,,,,,,,,,48.03,,,,,,48.03,,,EN,2025-12-04T23:00:00.000Z
GHED_OOP_pc_US_SHA2011,Out-of-pocket expenditure (OOP) per capita in US$,numeric,EUR,Europe,Country,DEU,Germany,Year,2005,false,,,,,,,,,,,,,480.8,,,,,,480.82,,,EN,2025-12-04T23:00:00.000Z
GHED_OOP_pc_US_SHA2011,Out-of-pocket expenditure (OOP) per capita in US$,numeric,AMR,Americas,Country,CUB,Cuba,Year,2005,false,,,,,,,,,,,,,49.21,,,,,,49.21,,,EN,2025-12-04T23:00:00.000Z
GHED_OOP_pc_US_SHA2011,Out-of-pocket expenditure (OOP) per capita in US$,numeric,AFR,Africa,Country,MDG,Madagascar,Year,2005,false,,,,,,,,,,,,,5.27,,,,,,5.27,,,EN,2025-12-04T23:00:00.000Z
GHED_OOP_pc_US_SHA2011,Out-of-pocket expenditure (OOP) per capita in US$,numeric,WPR,Western Pacific,Country,MHL,Marshall Islands,Year,2005,false,,,,,,,,,,,,,5.67,,,,,,5.67,,,EN,2025-12-04T23:00:00.000Z
GHED_OOP_pc_US_SHA2011,Out-of-pocket expenditure (OOP) per capita in US$,numeric,AFR,Africa,Country,COD,Democratic Republic of the Congo,Year,2005,false,,,,,,,,,,,,,5.93,,,,,,5.93,,,EN,2025-12-04T23:00:00.000Z
GHED_OOP_pc_US_SHA2011,Out-of-pocket expenditure (OOP) per capita in US$,numeric,AFR,Africa,Country,RWA,Rwanda,Year,2005,false,,,,,,,,,,,,,5.95,,,,,,5.95,,,EN,2025-12-04T23:00:00.000Z
GHED_OOP_pc_US_SHA2011,Out-of-pocket expenditure (OOP) per capita in US$,numeric,AMR,Americas,Country,SUR,Suriname,Year,2005,false,,,,,,,,,,,,,50.42,,,,,,50.42,,,EN,2025-12-04T23:00:00.000Z
GHED_OOP_pc_US_SHA2011,Out-of-pocket expenditure (OOP) per capita in US$,numeric,AMR,Americas,Country,CAN,Canada,Year,2005,false,,,,,,,,,,,,,502.3,,,,,,502.31,,,EN,2025-12-04T23:00:00.000Z
GHED_OOP_pc_US_SHA2011,Out-of-pocket expenditure (OOP) per capita in US$,numeric,AFR,Africa,Country,COM,Comoros,Year,2005,false,,,,,,,,,,,,,51.66,,,,,,51.66,,,EN,2025-12-04T23:00:00.000Z
GHED_OOP_pc_US_SHA2011,Out-of-pocket expenditure (OOP) per capita in US$,numeric,EUR,Europe,Country,IRL,Ireland,Year,2005,false,,,,,,,,,,,,,533.7,,,,,,533.74,,,EN,2025-12-04T23:00:00.000Z
GHED_OOP_pc_US_SHA2011,Out-of-pocket expenditure (OOP) per capita in US$,numeric,AMR,Americas,Country,PRY,Paraguay,Year,2005,false,,,,,,,,,,,,,55.13,,,,,,55.13,,,EN,2025-12-04T23:00:00.000Z
GHED_OOP_pc_US_SHA2011,Out-of-pocket expenditure (OOP) per capita in US$,numeric,EMR,Eastern Mediterranean,Country,MAR,Morocco,Year,2005,false,,,,,,,,,,,,,57.98,,,,,,57.98,,,EN,2025-12-04T23:00:00.000Z
GHED_OOP_pc_US_SHA2011,Out-of-pocket expenditure (OOP) per capita in US$,numeric,EUR,Europe,Country,ITA,Italy,Year,2005,false,,,,,,,,,,,,,576.8,,,,,,576.82,,,EN,2025-12-04T23:00:00.000Z
GHED_OOP_pc_US_SHA2011,Out-of-pocket expenditure (OOP) per capita in US$,numeric,EMR,Eastern Mediterranean,Country,PSE,"occupied Palestinian territory, including east Jerusalem",Year,2005,false,,,,,,,,,,,,,58.62,,,,,,58.62,,,EN,2025-12-04T23:00:00.000Z
GHED_OOP_pc_US_SHA2011,Out-of-pocket expenditure (OOP) per capita in US$,numeric,WPR,Western Pacific,Country,AUS,Australia,Year,2005,false,,,,,,,,,,,,,588.5,,,,,,588.48,,,EN,2025-12-04T23:00:00.000Z
GHED_OOP_pc_US_SHA2011,Out-of-pocket expenditure (OOP) per capita in US$,numeric,EUR,Europe,Country,SWE,Sweden,Year,2005,false,,,,,,,,,,,,,598,,,,,,597.95,,,EN,2025-12-04T23:00:00.000Z
GHED_OOP_pc_US_SHA2011,Out-of-pocket expenditure (OOP) per capita in US$,numeric,WPR,Western Pacific,Country,VUT,Vanuatu,Year,2005,false,,,,,,,,,,,,,6.08,,,,,,6.08,,,EN,2025-12-04T23:00:00.000Z
GHED_OOP_pc_US_SHA2011,Out-of-pocket expenditure (OOP) per capita in US$,numeric,SEAR,South-East Asia,Country,MMR,Myanmar,Year,2005,false,,,,,,,,,,,,,6.31,,,,,,6.31,,,EN,2025-12-04T23:00:00.000Z
GHED_OOP_pc_US_SHA2011,Out-of-pocket expenditure (OOP) per capita in US$,numeric,SEAR,South-East Asia,Country,NPL,Nepal,Year,2005,false,,,,,,,,,,,,,6.96,,,,,,6.96,,,EN,2025-12-04T23:00:00.000Z
GHED_OOP_pc_US_SHA2011,Out-of-pocket expenditure (OOP) per capita in US$,numeric,AMR,Americas,Country,BLZ,Belize,Year,2005,false,,,,,,,,,,,,,60.01,,,,,,60.01,,,EN,2025-12-04T23:00:00.000Z
GHED_OOP_pc_US_SHA2011,Out-of-pocket expenditure (OOP) per capita in US$,numeric,EUR,Europe,Country,ARM,Armenia,Year,2005,false,,,,,,,,,,,,,60.14,,,,,,60.14,,,EN,2025-12-04T23:00:00.000Z
GHED_OOP_pc_US_SHA2011,Out-of-pocket expenditure (OOP) per capita in US$,numeric,WPR,Western Pacific,Country,MYS,Malaysia,Year,2005,false,,,,,,,,,,,,,61.7,,,,,,61.70,,,EN,2025-12-04T23:00:00.000Z
GHED_OOP_pc_US_SHA2011,Out-of-pocket expenditure (OOP) per capita in US$,numeric,EUR,Europe,Country,FIN,Finland,Year,2005,false,,,,,,,,,,,,,633.7,,,,,,633.65,,,EN,2025-12-04T23:00:00.000Z
GHED_OOP_pc_US_SHA2011,Out-of-pocket expenditure (OOP) per capita in US$,numeric,EUR,Europe,Country,DNK,Denmark,Year,2005,false,,,,,,,,,,,,,652.5,,,,,,652.51,,,EN,2025-12-04T23:00:00.000Z
GHED_OOP_pc_US_SHA2011,Out-of-pocket expenditure (OOP) per capita in US$,numeric,AMR,Americas,Country,VCT,Saint Vincent and the Grenadines,Year,2005,false,,,,,,,,,,,,,66.31,,,,,,66.31,,,EN,2025-12-04T23:00:00.000Z
GHED_OOP_pc_US_SHA2011,Out-of-pocket expenditure (OOP) per capita in US$,numeric,EUR,Europe,Country,SMR,San Marino,Year,2005,false,,,,,,,,,,,,,668.3,,,,,,668.26,,,EN,2025-12-04T23:00:00.000Z
GHED_OOP_pc_US_SHA2011,Out-of-pocket expenditure (OOP) per capita in US$,numeric,EUR,Europe,Country,CYP,Cyprus,Year,2005,false,,,,,,,,,,,,,680.7,,,,,,680.72,,,EN,2025-12-04T23:00:00.000Z
GHED_OOP_pc_US_SHA2011,Out-of-pocket expenditure (OOP) per capita in US$,numeric,EUR,Europe,Country,BEL,Belgium,Year,2005,false,,,,,,,,,,,,,691.7,,,,,,691.67,,,EN,2025-12-04T23:00:00.000Z
GHED_OOP_pc_US_SHA2011,Out-of-pocket expenditure (OOP) per capita in US$,numeric,AFR,Africa,Country,CAF,Central African Republic,Year,2005,false,,,,,,,,,,,,,7.21,,,,,,7.21,,,EN,2025-12-04T23:00:00.000Z
GHED_OOP_pc_US_SHA2011,Out-of-pocket expenditure (OOP) per capita in US$,numeric,SEAR,South-East Asia,Country,BGD,Bangladesh,Year,2005,false,,,,,,,,,,,,,7.4,,,,,,7.40,,,EN,2025-12-04T23:00:00.000Z
GHED_OOP_pc_US_SHA2011,Out-of-pocket expenditure (OOP) per capita in US$,numeric,WPR,Western Pacific,Country,LAO,Lao People's Democratic Republic,Year,2005,false,,,,,,,,,,,,,7.58,,,,,,7.58,,,EN,2025-12-04T23:00:00.000Z
GHED_OOP_pc_US_SHA2011,Out-of-pocket expenditure (OOP) per capita in US$,numeric,AFR,Africa,Country,ERI,Eritrea,Year,2005,false,,,,,,,,,,,,,7.73,,,,,,7.73,,,EN,2025-12-04T23:00:00.000Z
GHED_OOP_pc_US_SHA2011,Out-of-pocket expenditure (OOP) per capita in US$,numeric,SEAR,South-East Asia,Country,BTN,Bhutan,Year,2005,false,,,,,,,,,,,,,7.86,,,,,,7.86,,,EN,2025-12-04T23:00:00.000Z
GHED_OOP_pc_US_SHA2011,Out-of-pocket expenditure (OOP) per capita in US$,numeric,EMR,Eastern Mediterranean,Country,TUN,Tunisia,Year,2005,false,,,,,,,,,,,,,71.53,,,,,,71.53,,,EN,2025-12-04T23:00:00.000Z
GHED_OOP_pc_US_SHA2011,Out-of-pocket expenditure (OOP) per capita in US$,numeric,EUR,Europe,Country,GRC,Greece,Year,2005,false,,,,,,,,,,,,,713.6,,,,,,713.63,,,EN,2025-12-04T23:00:00.000Z
GHED_OOP_pc_US_SHA2011,Out-of-pocket expenditure (OOP) per capita in US$,numeric,EUR,Europe,Country,AUT,Austria,Year,2005,false,,,,,,,,,,,,,725.7,,,,,,725.74,,,EN,2025-12-04T23:00:00.000Z
GHED_OOP_pc_US_SHA2011,Out-of-pocket expenditure (OOP) per capita in US$,numeric,EUR,Europe,Country,ALB,Albania,Year,2005,false,,,,,,,,,,,,,73.95,,,,,,73.95,,,EN,2025-12-04T23:00:00.000Z
GHED_OOP_pc_US_SHA2011,Out-of-pocket expenditure (OOP) per capita in US$,numeric,EMR,Eastern Mediterranean,Country,JOR,Jordan,Year,2005,false,,,,,,,,,,,,,74.15,,,,,,74.15,,,EN,2025-12-04T23:00:00.000Z
GHED_OOP_pc_US_SHA2011,Out-of-pocket expenditure (OOP) per capita in US$,numeric,EMR,Eastern Mediterranean,Country,LBY,Libya,Year,2005,false,,,,,,,,,,,,,74.19,,,,,,74.19,,,EN,2025-12-04T23:00:00.000Z
GHED_OOP_pc_US_SHA2011,Out-of-pocket expenditure (OOP) per capita in US$,numeric,EUR,Europe,Country,LUX,Luxembourg,Year,2005,false,,,,,,,,,,,,,752.2,,,,,,752.18,,,EN,2025-12-04T23:00:00.000Z
GHED_OOP_pc_US_SHA2011,Out-of-pocket expenditure (OOP) per capita in US$,numeric,SEAR,South-East Asia,Country,TLS,Timor-Leste,Year,2005,false,,,,,,,,,,,,,8.54,,,,,,8.54,,,EN,2025-12-04T23:00:00.000Z
GHED_OOP_pc_US_SHA2011,Out-of-pocket expenditure (OOP) per capita in US$,numeric,AFR,Africa,Country,SYC,Seychelles,Year,2005,false,,,,,,,,,,,,,81.76,,,,,,81.76,,,EN,2025-12-04T23:00:00.000Z
GHED_OOP_pc_US_SHA2011,Out-of-pocket expenditure (OOP) per capita in US$,numeric,AMR,Americas,Country,GTM,Guatemala,Year,2005,false,,,,,,,,,,,,,82.73,,,,,,82.73,,,EN,2025-12-04T23:00:00.000Z
GHED_OOP_pc_US_SHA2011,Out-of-pocket expenditure (OOP) per capita in US$,numeric,AFR,Africa,Country,GNQ,Equatorial Guinea,Year,2005,false,,,,,,,,,,,,,83.06,,,,,,83.06,,,EN,2025-12-04T23:00:00.000Z
GHED_OOP_pc_US_SHA2011,Out-of-pocket expenditure (OOP) per capita in US$,numeric,EUR,Europe,Country,RUS,Russian Federation,Year,2005,false,,,,,,,,,,,,,86.26,,,,,,86.26,,,EN,2025-12-04T23:00:00.000Z
GHED_OOP_pc_US_SHA2011,Out-of-pocket expenditure (OOP) per capita in US$,numeric,EUR,Europe,Country,TUR,Türkiye,Year,2005,false,,,,,,,,,,,,,86.41,,,,,,86.41,,,EN,2025-12-04T23:00:00.000Z
GHED_OOP_pc_US_SHA2011,Out-of-pocket expenditure (OOP) per capita in US$,numeric,EUR,Europe,Country,ISL,Iceland,Year,2005,false,,,,,,,,,,,,,893.4,,,,,,893.45,,,EN,2025-12-04T23:00:00.000Z
GHED_OOP_pc_US_SHA2011,Out-of-pocket expenditure (OOP) per capita in US$,numeric,AMR,Americas,Country,USA,United States of America,Year,2005,false,,,,,,,,,,,,,894.4,,,,,,894.39,,,EN,2025-12-04T23:00:00.000Z
GHED_OOP_pc_US_SHA2011,Out-of-pocket expenditure (OOP) per capita in US$,numeric,AFR,Africa,Country,GHA,Ghana,Year,2005,false,,,,,,,,,,,,,9.06,,,,,,9.06,,,EN,2025-12-04T23:00:00.000Z
GHED_OOP_pc_US_SHA2011,Out-of-pocket expenditure (OOP) per capita in US$,numeric,WPR,Western Pacific,Country,NIU,Niue,Year,2005,false,,,,,,,,,,,,,9.17,,,,,,9.17,,,EN,2025-12-04T23:00:00.000Z
GHED_OOP_pc_US_SHA2011,Out-of-pocket expenditure (OOP) per capita in US$,numeric,AFR,Africa,Country,BFA,Burkina Faso,Year,2005,false,,,,,,,,,,,,,9.27,,,,,,9.27,,,EN,2025-12-04T23:00:00.000Z
GHED_OOP_pc_US_SHA2011,Out-of-pocket expenditure (OOP) per capita in US$,numeric,AFR,Africa,Country,TZA,United Republic of Tanzania,Year,2005,false,,,,,,,,,,,,,9.34,,,,,,9.34,,,EN,2025-12-04T23:00:00.000Z
GHED_OOP_pc_US_SHA2011,Out-of-pocket expenditure (OOP) per capita in US$,numeric,AFR,Africa,Country,NER,Niger,Year,2005,false,,,,,,,,,,,,,9.59,,,,,,9.59,,,EN,2025-12-04T23:00:00.000Z
GHED_OOP_pc_US_SHA2011,Out-of-pocket expenditure (OOP) per capita in US$,numeric,EMR,Eastern Mediterranean,Country,SAU,Saudi Arabia,Year,2005,false,,,,,,,,,,,,,90,,,,,,90.00,,,EN,2025-12-04T23:00:00.000Z
GHED_OOP_pc_US_SHA2011,Out-of-pocket expenditure (OOP) per capita in US$,numeric,AMR,Americas,Country,DOM,Dominican Republic,Year,2005,false,,,,,,,,,,,,,90.98,,,,,,90.98,,,EN,2025-12-04T23:00:00.000Z
GHED_OOP_pc_US_SHA2011,Out-of-pocket expenditure (OOP) per capita in US$,numeric,EUR,Europe,Country,SRB,Serbia,Year,2005,false,,,,,,,,,,,,,91.71,,,,,,91.71,,,EN,2025-12-04T23:00:00.000Z
GHED_OOP_pc_US_SHA2011,Out-of-pocket expenditure (OOP) per capita in US$,numeric,EUR,Europe,Country,NOR,Norway,Year,2005,false,,,,,,,,,,,,,933.4,,,,,,933.43,,,EN,2025-12-04T23:00:00.000Z
GHED_OOP_pc_US_SHA2011,Out-of-pocket expenditure (OOP) per capita in US$,numeric,EUR,Europe,Country,CZE,Czechia,Year,2005,false,,,,,,,,,,,,,94.58,,,,,,94.58,,,EN,2025-12-04T23:00:00.000Z
GHED_OOP_pc_US_SHA2011,Out-of-pocket expenditure (OOP) per capita in US$,numeric,EUR,Europe,Country,MKD,North Macedonia,Year,2005,false,,,,,,,,,,,,,94.77,,,,,,94.77,,,EN,2025-12-04T23:00:00.000Z
GHED_OOP_pc_US_SHA2011,Out-of-pocket expenditure (OOP) per capita in US$,numeric,EMR,Eastern Mediterranean,Country,IRN,Iran (Islamic Republic of),Year,2005,false,,,,,,,,,,,,,95.26,,,,,,95.26,,,EN,2025-12-04T23:00:00.000Z
GHED_OOP_pc_US_SHA2011,Out-of-pocket expenditure (OOP) per capita in US$,numeric,AFR,Africa,Country,MUS,Mauritius,Year,2005,false,,,,,,,,,,,,,95.28,,,,,,95.28,,,EN,2025-12-04T23:00:00.000Z
GHED_OOP_pc_US_SHA2011,Out-of-pocket expenditure (OOP) per capita in US$,numeric,EUR,Europe,Country,HRV,Croatia,Year,2005,false,,,,,,,,,,,,,97.3,,,,,,97.30,,,EN,2025-12-04T23:00:00.000Z
GHED_OOP_pc_US_SHA2011,Out-of-pocket expenditure (OOP) per capita in US$,numeric,AFR,Africa,Country,GAB,Gabon,Year,2005,false,,,,,,,,,,,,,98.17,,,,,,98.17,,,EN,2025-12-04T23:00:00.000Z
GHED_OOP_pc_US_SHA2011,Out-of-pocket expenditure (OOP) per capita in US$,numeric,AMR,Americas,Country,SLV,El Salvador,Year,2005,false,,,,,,,,,,,,,99.14,,,,,,99.14,,,EN,2025-12-04T23:00:00.000Z
GHED_OOP_pc_US_SHA2011,Out-of-pocket expenditure (OOP) per capita in US$,numeric,WPR,Western Pacific,Country,KIR,Kiribati,Year,2004,false,,,,,,,,,,,,,0.13,,,,,,0.13,,,EN,2025-12-04T23:00:00.000Z
GHED_OOP_pc_US_SHA2011,Out-of-pocket expenditure (OOP) per capita in US$,numeric,AFR,Africa,Country,MWI,Malawi,Year,2004,false,,,,,,,,,,,,,1.55,,,,,,1.55,,,EN,2025-12-04T23:00:00.000Z
GHED_OOP_pc_US_SHA2011,Out-of-pocket expenditure (OOP) per capita in US$,numeric,WPR,Western Pacific,Country,SLB,Solomon Islands,Year,2004,false,,,,,,,,,,,,,1.72,,,,,,1.72,,,EN,2025-12-04T23:00:00.000Z
GHED_OOP_pc_US_SHA2011,Out-of-pocket expenditure (OOP) per capita in US$,numeric,WPR,Western Pacific,Country,TON,Tonga,Year,2004,false,,,,,,,,,,,,,10.24,,,,,,10.24,,,EN,2025-12-04T23:00:00.000Z
GHED_OOP_pc_US_SHA2011,Out-of-pocket expenditure (OOP) per capita in US$,numeric,EUR,Europe,Country,TJK,Tajikistan,Year,2004,false,,,,,,,,,,,,,10.51,,,,,,10.51,,,EN,2025-12-04T23:00:00.000Z
GHED_OOP_pc_US_SHA2011,Out-of-pocket expenditure (OOP) per capita in US$,numeric,AMR,Americas,Country,DMA,Dominica,Year,2004,false,,,,,,,,,,,,,103.2,,,,,,103.19,,,EN,2025-12-04T23:00:00.000Z
GHED_OOP_pc_US_SHA2011,Out-of-pocket expenditure (OOP) per capita in US$,numeric,AMR,Americas,Country,BRA,Brazil,Year,2004,false,,,,,,,,,,,,,105.3,,,,,,105.28,,,EN,2025-12-04T23:00:00.000Z
GHED_OOP_pc_US_SHA2011,Out-of-pocket expenditure (OOP) per capita in US$,numeric,WPR,Western Pacific,Country,BRN,Brunei Darussalam,Year,2004,false,,,,,,,,,,,,,106.7,,,,,,106.65,,,EN,2025-12-04T23:00:00.000Z
GHED_OOP_pc_US_SHA2011,Out-of-pocket expenditure (OOP) per capita in US$,numeric,EUR,Europe,Country,SVK,Slovakia,Year,2004,false,,,,,,,,,,,,,108.6,,,,,,108.62,,,EN,2025-12-04T23:00:00.000Z
GHED_OOP_pc_US_SHA2011,Out-of-pocket expenditure (OOP) per capita in US$,numeric,EUR,Europe,Country,EST,Estonia,Year,2004,false,,,,,,,,,,,,,108.9,,,,,,108.86,,,EN,2025-12-04T23:00:00.000Z
GHED_OOP_pc_US_SHA2011,Out-of-pocket expenditure (OOP) per capita in US$,numeric,WPR,Western Pacific,Country,VNM,Viet Nam,Year,2004,false,,,,,,,,,,,,,11.09,,,,,,11.09,,,EN,2025-12-04T23:00:00.000Z
GHED_OOP_pc_US_SHA2011,Out-of-pocket expenditure (OOP) per capita in US$,numeric,AMR,Americas,Country,HTI,Haiti,Year,2004,false,,,,,,,,,,,,,11.18,,,,,,11.18,,,EN,2025-12-04T23:00:00.000Z
GHED_OOP_pc_US_SHA2011,Out-of-pocket expenditure (OOP) per capita in US$,numeric,WPR,Western Pacific,Country,FSM,Micronesia (Federated States of),Year,2004,false,,,,,,,,,,,,,11.22,,,,,,11.22,,,EN,2025-12-04T23:00:00.000Z
GHED_OOP_pc_US_SHA2011,Out-of-pocket expenditure (OOP) per capita in US$,numeric,AFR,Africa,Country,BEN,Benin,Year,2004,false,,,,,,,,,,,,,11.92,,,,,,11.92,,,EN,2025-12-04T23:00:00.000Z
GHED_OOP_pc_US_SHA2011,Out-of-pocket expenditure (OOP) per capita in US$,numeric,WPR,Western Pacific,Country,IDN,Indonesia,Year,2004,false,,,,,,,,,,,,,11.93,,,,,,11.93,,,EN,2025-12-04T23:00:00.000Z
GHED_OOP_pc_US_SHA2011,Out-of-pocket expenditure (OOP) per capita in US$,numeric,AMR,Americas,Country,PAN,Panama,Year,2004,false,,,,,,,,,,,,,111.4,,,,,,111.43,,,EN,2025-12-04T23:00:00.000Z
GHED_OOP_pc_US_SHA2011,Out-of-pocket expenditure (OOP) per capita in US$,numeric,EUR,Europe,Country,HRV,Croatia,Year,2004,false,,,,,,,,,,,,,114.9,,,,,,114.89,,,EN,2025-12-04T23:00:00.000Z
GHED_OOP_pc_US_SHA2011,Out-of-pocket expenditure (OOP) per capita in US$,numeric,EUR,Europe,Country,POL,Poland,Year,2004,false,,,,,,,,,,,,,115.4,,,,,,115.42,,,EN,2025-12-04T23:00:00.000Z
GHED_OOP_pc_US_SHA2011,Out-of-pocket expenditure (OOP) per capita in US$,numeric,WPR,Western Pacific,Country,PLW,Palau,Year,2004,false,,,,,,,,,,,,,119.2,,,,,,119.20,,,EN,2025-12-04T23:00:00.000Z
GHED_OOP_pc_US_SHA2011,Out-of-pocket expenditure (OOP) per capita in US$,numeric,AFR,Africa,Country,MLI,Mali,Year,2004,false,,,,,,,,,,,,,12.08,,,,,,12.08,,,EN,2025-12-04T23:00:00.000Z
GHED_OOP_pc_US_SHA2011,Out-of-pocket expenditure (OOP) per capita in US$,numeric,EUR,Europe,Country,KGZ,Kyrgyzstan,Year,2004,false,,,,,,,,,,,,,12.29,,,,,,12.29,,,EN,2025-12-04T23:00:00.000Z
GHED_OOP_pc_US_SHA2011,Out-of-pocket expenditure (OOP) per capita in US$,numeric,AFR,Africa,Country,KEN,Kenya,Year,2004,false,,,,,,,,,,,,,12.3,,,,,,12.30,,,EN,2025-12-04T23:00:00.000Z
GHED_OOP_pc_US_SHA2011,Out-of-pocket expenditure (OOP) per capita in US$,numeric,AFR,Africa,Country,LBR,Liberia,Year,2004,false,,,,,,,,,,,,,12.33,,,,,,12.33,,,EN,2025-12-04T23:00:00.000Z
GHED_OOP_pc_US_SHA2011,Out-of-pocket expenditure (OOP) per capita in US$,numeric,AFR,Africa,Country,LSO,Lesotho,Year,2004,false,,,,,,,,,,,,,12.97,,,,,,12.97,,,EN,2025-12-04T23:00:00.000Z
GHED_OOP_pc_US_SHA2011,Out-of-pocket expenditure (OOP) per capita in US$,numeric,EUR,Europe,Country,LTU,Lithuania,Year,2004,false,,,,,,,,,,,,,120.8,,,,,,120.80,,,EN,2025-12-04T23:00:00.000Z
GHED_OOP_pc_US_SHA2011,Out-of-pocket expenditure (OOP) per capita in US$,numeric,WPR,Western Pacific,Country,WSM,Samoa,Year,2004,false,,,,,,,,,,,,,13.57,,,,,,13.57,,,EN,2025-12-04T23:00:00.000Z
GHED_OOP_pc_US_SHA2011,Out-of-pocket expenditure (OOP) per capita in US$,numeric,AMR,Americas,Country,GRD,Grenada,Year,2004,false,,,,,,,,,,,,,138.9,,,,,,138.90,,,EN,2025-12-04T23:00:00.000Z
GHED_OOP_pc_US_SHA2011,Out-of-pocket expenditure (OOP) per capita in US$,numeric,EMR,Eastern Mediterranean,Country,KWT,Kuwait,Year,2004,false,,,,,,,,,,,,,140,,,,,,139.99,,,EN,2025-12-04T23:00:00.000Z
GHED_OOP_pc_US_SHA2011,Out-of-pocket expenditure (OOP) per capita in US$,numeric,AFR,Africa,Country,TGO,Togo,Year,2004,false,,,,,,,,,,,,,14,,,,,,14.00,,,EN,2025-12-04T23:00:00.000Z
GHED_OOP_pc_US_SHA2011,Out-of-pocket expenditure (OOP) per capita in US$,numeric,AFR,Africa,Country,TCD,Chad,Year,2004,false,,,,,,,,,,,,,14.16,,,,,,14.16,,,EN,2025-12-04T23:00:00.000Z
GHED_OOP_pc_US_SHA2011,Out-of-pocket expenditure (OOP) per capita in US$,numeric,WPR,Western Pacific,Country,FJI,Fiji,Year,2004,false,,,,,,,,,,,,,14.26,,,,,,14.26,,,EN,2025-12-04T23:00:00.000Z
GHED_OOP_pc_US_SHA2011,Out-of-pocket expenditure (OOP) per capita in US$,numeric,EMR,Eastern Mediterranean,Country,IRQ,Iraq,Year,2004,false,,,,,,,,,,,,,14.83,,,,,,14.83,,,EN,2025-12-04T23:00:00.000Z
GHED_OOP_pc_US_SHA2011,Out-of-pocket expenditure (OOP) per capita in US$,numeric,AMR,Americas,Country,ATG,Antigua and Barbuda,Year,2004,false,,,,,,,,,,,,,145.3,,,,,,145.32,,,EN,2025-12-04T23:00:00.000Z
GHED_OOP_pc_US_SHA2011,Out-of-pocket expenditure (OOP) per capita in US$,numeric,AMR,Americas,Country,BOL,Bolivia (Plurinational State of),Year,2004,false,,,,,,,,,,,,,15.11,,,,,,15.11,,,EN,2025-12-04T23:00:00.000Z
GHED_OOP_pc_US_SHA2011,Out-of-pocket expenditure (OOP) per capita in US$,numeric,AFR,Africa,Country,COG,Congo,Year,2004,false,,,,,,,,,,,,,15.29,,,,,,15.29,,,EN,2025-12-04T23:00:00.000Z
GHED_OOP_pc_US_SHA2011,Out-of-pocket expenditure (OOP) per capita in US$,numeric,EMR,Eastern Mediterranean,Country,DJI,Djibouti,Year,2004,false,,,,,,,,,,,,,15.54,,,,,,15.54,,,EN,2025-12-04T23:00:00.000Z
GHED_OOP_pc_US_SHA2011,Out-of-pocket expenditure (OOP) per capita in US$,numeric,WPR,Western Pacific,Country,NRU,Nauru,Year,2004,false,,,,,,,,,,,,,15.59,,,,,,15.59,,,EN,2025-12-04T23:00:00.000Z
GHED_OOP_pc_US_SHA2011,Out-of-pocket expenditure (OOP) per capita in US$,numeric,EUR,Europe,Country,LVA,Latvia,Year,2004,false,,,,,,,,,,,,,159.8,,,,,,159.80,,,EN,2025-12-04T23:00:00.000Z
GHED_OOP_pc_US_SHA2011,Out-of-pocket expenditure (OOP) per capita in US$,numeric,WPR,Western Pacific,Country,PHL,Philippines,Year,2004,false,,,,,,,,,,,,,16.01,,,,,,16.01,,,EN,2025-12-04T23:00:00.000Z
GHED_OOP_pc_US_SHA2011,Out-of-pocket expenditure (OOP) per capita in US$,numeric,WPR,Western Pacific,Country,KHM,Cambodia,Year,2004,false,,,,,,,,,,,,,16.32,,,,,,16.32,,,EN,2025-12-04T23:00:00.000Z
GHED_OOP_pc_US_SHA2011,Out-of-pocket expenditure (OOP) per capita in US$,numeric,EUR,Europe,Country,UZB,Uzbekistan,Year,2004,false,,,,,,,,,,,,,16.69,,,,,,16.69,,,EN,2025-12-04T23:00:00.000Z
GHED_OOP_pc_US_SHA2011,Out-of-pocket expenditure (OOP) per capita in US$,numeric,EMR,Eastern Mediterranean,Country,SDN,Sudan,Year,2004,false,,,,,,,,,,,,,16.76,,,,,,16.76,,,EN,2025-12-04T23:00:00.000Z
GHED_OOP_pc_US_SHA2011,Out-of-pocket expenditure (OOP) per capita in US$,numeric,AFR,Africa,Country,SLE,Sierra Leone,Year,2004,false,,,,,,,,,,,,,16.78,,,,,,16.78,,,EN,2025-12-04T23:00:00.000Z
GHED_OOP_pc_US_SHA2011,Out-of-pocket expenditure (OOP) per capita in US$,numeric,EUR,Europe,Country,CHE,Switzerland,Year,2004,false,,,,,,,,,,,,,1609,,,,,,1608.53,,,EN,2025-12-04T23:00:00.000Z
GHED_OOP_pc_US_SHA2011,Out-of-pocket expenditure (OOP) per capita in US$,numeric,EMR,Eastern Mediterranean,Country,BHR,Bahrain,Year,2004,false,,,,,,,,,,,,,161.9,,,,,,161.95,,,EN,2025-12-04T23:00:00.000Z
GHED_OOP_pc_US_SHA2011,Out-of-pocket expenditure (OOP) per capita in US$,numeric,EUR,Europe,Country,SVN,Slovenia,Year,2004,false,,,,,,,,,,,,,166.6,,,,,,166.55,,,EN,2025-12-04T23:00:00.000Z
GHED_OOP_pc_US_SHA2011,Out-of-pocket expenditure (OOP) per capita in US$,numeric,EUR,Europe,Country,AZE,Azerbaijan,Year,2004,false,,,,,,,,,,,,,17.92,,,,,,17.92,,,EN,2025-12-04T23:00:00.000Z
GHED_OOP_pc_US_SHA2011,Out-of-pocket expenditure (OOP) per capita in US$,numeric,AMR,Americas,Country,CHL,Chile,Year,2004,false,,,,,,,,,,,,,177,,,,,,176.99,,,EN,2025-12-04T23:00:00.000Z
GHED_OOP_pc_US_SHA2011,Out-of-pocket expenditure (OOP) per capita in US$,numeric,AMR,Americas,Country,LCA,Saint Lucia,Year,2004,false,,,,,,,,,,,,,177.8,,,,,,177.75,,,EN,2025-12-04T23:00:00.000Z
GHED_OOP_pc_US_SHA2011,Out-of-pocket expenditure (OOP) per capita in US$,numeric,EMR,Eastern Mediterranean,Country,LBN,Lebanon,Year,2004,false,,,,,,,,,,,,,179.9,,,,,,179.89,,,EN,2025-12-04T23:00:00.000Z
GHED_OOP_pc_US_SHA2011,Out-of-pocket expenditure (OOP) per capita in US$,numeric,SEAR,South-East Asia,Country,IND,India,Year,2004,false,,,,,,,,,,,,,18.07,,,,,,18.07,,,EN,2025-12-04T23:00:00.000Z
GHED_OOP_pc_US_SHA2011,Out-of-pocket expenditure (OOP) per capita in US$,numeric,EMR,Eastern Mediterranean,Country,AFG,Afghanistan,Year,2004,false,,,,,,,,,,,,,18.11,,,,,,18.11,,,EN,2025-12-04T23:00:00.000Z
GHED_OOP_pc_US_SHA2011,Out-of-pocket expenditure (OOP) per capita in US$,numeric,AFR,Africa,Country,GIN,Guinea,Year,2004,false,,,,,,,,,,,,,18.36,,,,,,18.36,,,EN,2025-12-04T23:00:00.000Z
GHED_OOP_pc_US_SHA2011,Out-of-pocket expenditure (OOP) per capita in US$,numeric,SEAR,South-East Asia,Country,MDV,Maldives,Year,2004,false,,,,,,,,,,,,,181.2,,,,,,181.24,,,EN,2025-12-04T23:00:00.000Z
GHED_OOP_pc_US_SHA2011,Out-of-pocket expenditure (OOP) per capita in US$,numeric,AFR,Africa,Country,ETH,Ethiopia,Year,2004,false,,,,,,,,,,,,,2,,,,,,2.00,,,EN,2025-12-04T23:00:00.000Z
GHED_OOP_pc_US_SHA2011,Out-of-pocket expenditure (OOP) per capita in US$,numeric,WPR,Western Pacific,Country,PNG,Papua New Guinea,Year,2004,false,,,,,,,,,,,,,2.18,,,,,,2.18,,,EN,2025-12-04T23:00:00.000Z
GHED_OOP_pc_US_SHA2011,Out-of-pocket expenditure (OOP) per capita in US$,numeric,AFR,Africa,Country,MOZ,Mozambique,Year,2004,false,,,,,,,,,,,,,2.2,,,,,,2.20,,,EN,2025-12-04T23:00:00.000Z
GHED_OOP_pc_US_SHA2011,Out-of-pocket expenditure (OOP) per capita in US$,numeric,SEAR,South-East Asia,Country,LKA,Sri Lanka,Year,2004,false,,,,,,,,,,,,,20.17,,,,,,20.17,,,EN,2025-12-04T23:00:00.000Z
GHED_OOP_pc_US_SHA2011,Out-of-pocket expenditure (OOP) per capita in US$,numeric,EMR,Eastern Mediterranean,Country,YEM,Yemen,Year,2004,false,,,,,,,,,,,,,20.93,,,,,,20.93,,,EN,2025-12-04T23:00:00.000Z
GHED_OOP_pc_US_SHA2011,Out-of-pocket expenditure (OOP) per capita in US$,numeric,EUR,Europe,Country,HUN,Hungary,Year,2004,false,,,,,,,,,,,,,206.3,,,,,,206.26,,,EN,2025-12-04T23:00:00.000Z
GHED_OOP_pc_US_SHA2011,Out-of-pocket expenditure (OOP) per capita in US$,numeric,SEAR,South-East Asia,Country,THA,Thailand,Year,2004,false,,,,,,,,,,,,,21.9,,,,,,21.90,,,EN,2025-12-04T23:00:00.000Z
GHED_OOP_pc_US_SHA2011,Out-of-pocket expenditure (OOP) per capita in US$,numeric,AMR,Americas,Country,COL,Colombia,Year,2004,false,,,,,,,,,,,,,21.96,,,,,,21.96,,,EN,2025-12-04T23:00:00.000Z
GHED_OOP_pc_US_SHA2011,Out-of-pocket expenditure (OOP) per capita in US$,numeric,EUR,Europe,Country,TKM,Turkmenistan,Year,2004,false,,,,,,,,,,,,,218.6,,,,,,218.63,,,EN,2025-12-04T23:00:00.000Z
GHED_OOP_pc_US_SHA2011,Out-of-pocket expenditure (OOP) per capita in US$,numeric,AFR,Africa,Country,MRT,Mauritania,Year,2004,false,,,,,,,,,,,,,22.18,,,,,,22.18,,,EN,2025-12-04T23:00:00.000Z
GHED_OOP_pc_US_SHA2011,Out-of-pocket expenditure (OOP) per capita in US$,numeric,AFR,Africa,Country,CPV,Cabo Verde,Year,2004,false,,,,,,,,,,,,,22.27,,,,,,22.27,,,EN,2025-12-04T23:00:00.000Z
GHED_OOP_pc_US_SHA2011,Out-of-pocket expenditure (OOP) per capita in US$,numeric,AFR,Africa,Country,NAM,Namibia,Year,2004,false,,,,,,,,,,,,,22.49,,,,,,22.49,,,EN,2025-12-04T23:00:00.000Z
GHED_OOP_pc_US_SHA2011,Out-of-pocket expenditure (OOP) per capita in US$,numeric,AMR,Americas,Country,KNA,Saint Kitts and Nevis,Year,2004,false,,,,,,,,,,,,,226.8,,,,,,226.78,,,EN,2025-12-04T23:00:00.000Z
GHED_OOP_pc_US_SHA2011,Out-of-pocket expenditure (OOP) per capita in US$,numeric,AMR,Americas,Country,TTO,Trinidad and Tobago,Year,2004,false,,,,,,,,,,,,,228.4,,,,,,228.38,,,EN,2025-12-04T23:00:00.000Z
GHED_OOP_pc_US_SHA2011,Out-of-pocket expenditure (OOP) per capita in US$,numeric,AFR,Africa,Country,SEN,Senegal,Year,2004,false,,,,,,,,,,,,,23.11,,,,,,23.11,,,EN,2025-12-04T23:00:00.000Z
GHED_OOP_pc_US_SHA2011,Out-of-pocket expenditure (OOP) per capita in US$,numeric,AFR,Africa,Country,AGO,Angola,Year,2004,false,,,,,,,,,,,,,23.55,,,,,,23.55,,,EN,2025-12-04T23:00:00.000Z
GHED_OOP_pc_US_SHA2011,Out-of-pocket expenditure (OOP) per capita in US$,numeric,EMR,Eastern Mediterranean,Country,QAT,Qatar,Year,2004,false,,,,,,,,,,,,,234.1,,,,,,234.10,,,EN,2025-12-04T23:00:00.000Z
GHED_OOP_pc_US_SHA2011,Out-of-pocket expenditure (OOP) per capita in US$,numeric,AMR,Americas,Country,MEX,Mexico,Year,2004,false,,,,,,,,,,,,,239.5,,,,,,239.54,,,EN,2025-12-04T23:00:00.000Z
GHED_OOP_pc_US_SHA2011,Out-of-pocket expenditure (OOP) per capita in US$,numeric,AFR,Africa,Country,DZA,Algeria,Year,2004,false,,,,,,,,,,,,,24.19,,,,,,24.19,,,EN,2025-12-04T23:00:00.000Z
GHED_OOP_pc_US_SHA2011,Out-of-pocket expenditure (OOP) per capita in US$,numeric,EUR,Europe,Country,MDA,Republic of Moldova,Year,2004,false,,,,,,,,,,,,,24.66,,,,,,24.66,,,EN,2025-12-04T23:00:00.000Z
GHED_OOP_pc_US_SHA2011,Out-of-pocket expenditure (OOP) per capita in US$,numeric,EMR,Eastern Mediterranean,Country,ARE,United Arab Emirates,Year,2004,false,,,,,,,,,,,,,249.9,,,,,,249.88,,,EN,2025-12-04T23:00:00.000Z
GHED_OOP_pc_US_SHA2011,Out-of-pocket expenditure (OOP) per capita in US$,numeric,AFR,Africa,Country,STP,Sao Tome and Principe,Year,2004,false,,,,,,,,,,,,,25.07,,,,,,25.07,,,EN,2025-12-04T23:00:00.000Z
GHED_OOP_pc_US_SHA2011,Out-of-pocket expenditure (OOP) per capita in US$,numeric,AFR,Africa,Country,BWA,Botswana,Year,2004,false,,,,,,,,,,,,,25.51,,,,,,25.51,,,EN,2025-12-04T23:00:00.000Z
GHED_OOP_pc_US_SHA2011,Out-of-pocket expenditure (OOP) per capita in US$,numeric,AFR,Africa,Country,SWZ,Eswatini,Year,2004,false,,,,,,,,,,,,,25.76,,,,,,25.76,,,EN,2025-12-04T23:00:00.000Z
GHED_OOP_pc_US_SHA2011,Out-of-pocket expenditure (OOP) per capita in US$,numeric,EUR,Europe,Country,FRA,France,Year,2004,false,,,,,,,,,,,,,250.6,,,,,,250.62,,,EN,2025-12-04T23:00:00.000Z
GHED_OOP_pc_US_SHA2011,Out-of-pocket expenditure (OOP) per capita in US$,numeric,EUR,Europe,Country,BLR,Belarus,Year,2004,false,,,,,,,,,,,,,27.1,,,,,,27.10,,,EN,2025-12-04T23:00:00.000Z
GHED_OOP_pc_US_SHA2011,Out-of-pocket expenditure (OOP) per capita in US$,numeric,AFR,Africa,Country,NGA,Nigeria,Year,2004,false,,,,,,,,,,,,,27.64,,,,,,27.64,,,EN,2025-12-04T23:00:00.000Z
GHED_OOP_pc_US_SHA2011,Out-of-pocket expenditure (OOP) per capita in US$,numeric,AMR,Americas,Country,NIC,Nicaragua,Year,2004,false,,,,,,,,,,,,,27.65,,,,,,27.65,,,EN,2025-12-04T23:00:00.000Z
GHED_OOP_pc_US_SHA2011,Out-of-pocket expenditure (OOP) per capita in US$,numeric,AMR,Americas,Country,GUY,Guyana,Year,2004,false,,,,,,,,,,,,,27.74,,,,,,27.74,,,EN,2025-12-04T23:00:00.000Z
GHED_OOP_pc_US_SHA2011,Out-of-pocket expenditure (OOP) per capita in US$,numeric,WPR,Western Pacific,Country,NZL,New Zealand,Year,2004,false,,,,,,,,,,,,,279.6,,,,,,279.59,,,EN,2025-12-04T23:00:00.000Z
GHED_OOP_pc_US_SHA2011,Out-of-pocket expenditure (OOP) per capita in US$,numeric,AFR,Africa,Country,GMB,Gambia,Year,2004,false,,,,,,,,,,,,,3.17,,,,,,3.17,,,EN,2025-12-04T23:00:00.000Z
GHED_OOP_pc_US_SHA2011,Out-of-pocket expenditure (OOP) per capita in US$,numeric,WPR,Western Pacific,Country,TUV,Tuvalu,Year,2004,false,,,,,,,,,,,,,3.22,,,,,,3.22,,,EN,2025-12-04T23:00:00.000Z
GHED_OOP_pc_US_SHA2011,Out-of-pocket expenditure (OOP) per capita in US$,numeric,AFR,Africa,Country,BDI,Burundi,Year,2004,false,,,,,,,,,,,,,3.43,,,,,,3.43,,,EN,2025-12-04T23:00:00.000Z
GHED_OOP_pc_US_SHA2011,Out-of-pocket expenditure (OOP) per capita in US$,numeric,EMR,Eastern Mediterranean,Country,SYR,Syrian Arab Republic,Year,2004,false,,,,,,,,,,,,,31.19,,,,,,31.19,,,EN,2025-12-04T23:00:00.000Z
GHED_OOP_pc_US_SHA2011,Out-of-pocket expenditure (OOP) per capita in US$,numeric,AFR,Africa,Country,CMR,Cameroon,Year,2004,false,,,,,,,,,,,,,31.22,,,,,,31.22,,,EN,2025-12-04T23:00:00.000Z
GHED_OOP_pc_US_SHA2011,Out-of-pocket expenditure (OOP) per capita in US$,numeric,AMR,Americas,Country,BRB,Barbados,Year,2004,false,,,,,,,,,,,,,316.6,,,,,,316.63,,,EN,2025-12-04T23:00:00.000Z
GHED_OOP_pc_US_SHA2011,Out-of-pocket expenditure (OOP) per capita in US$,numeric,AMR,Americas,Country,BHS,Bahamas,Year,2004,false,,,,,,,,,,,,,319.2,,,,,,319.19,,,EN,2025-12-04T23:00:00.000Z
GHED_OOP_pc_US_SHA2011,Out-of-pocket expenditure (OOP) per capita in US$,numeric,EMR,Eastern Mediterranean,Country,EGY,Egypt,Year,2004,false,,,,,,,,,,,,,32.49,,,,,,32.49,,,EN,2025-12-04T23:00:00.000Z
GHED_OOP_pc_US_SHA2011,Out-of-pocket expenditure (OOP) per capita in US$,numeric,EUR,Europe,Country,MCO,Monaco,Year,2004,false,,,,,,,,,,,,,326.7,,,,,,326.66,,,EN,2025-12-04T23:00:00.000Z
GHED_OOP_pc_US_SHA2011,Out-of-pocket expenditure (OOP) per capita in US$,numeric,EMR,Eastern Mediterranean,Country,OMN,Oman,Year,2004,false,,,,,,,,,,,,,34.17,,,,,,34.17,,,EN,2025-12-04T23:00:00.000Z
GHED_OOP_pc_US_SHA2011,Out-of-pocket expenditure (OOP) per capita in US$,numeric,EUR,Europe,Country,UKR,Ukraine,Year,2004,false,,,,,,,,,,,,,34.47,,,,,,34.47,,,EN,2025-12-04T23:00:00.000Z
GHED_OOP_pc_US_SHA2011,Out-of-pocket expenditure (OOP) per capita in US$,numeric,WPR,Western Pacific,Country,KOR,Republic of Korea,Year,2004,false,,,,,,,,,,,,,342.7,,,,,,342.71,,,EN,2025-12-04T23:00:00.000Z
GHED_OOP_pc_US_SHA2011,Out-of-pocket expenditure (OOP) per capita in US$,numeric,EUR,Europe,Country,MLT,Malta,Year,2004,false,,,,,,,,,,,,,345.8,,,,,,345.76,,,EN,2025-12-04T23:00:00.000Z
GHED_OOP_pc_US_SHA2011,Out-of-pocket expenditure (OOP) per capita in US$,numeric,EUR,Europe,Country,AND,Andorra,Year,2004,false,,,,,,,,,,,,,349.5,,,,,,349.51,,,EN,2025-12-04T23:00:00.000Z
GHED_OOP_pc_US_SHA2011,Out-of-pocket expenditure (OOP) per capita in US$,numeric,AFR,Africa,Country,CIV,Cote d'Ivoire,Year,2004,false,,,,,,,,,,,,,36.23,,,,,,36.23,,,EN,2025-12-04T23:00:00.000Z
GHED_OOP_pc_US_SHA2011,Out-of-pocket expenditure (OOP) per capita in US$,numeric,EUR,Europe,Country,NLD,Netherlands (Kingdom of the),Year,2004,false,,,,,,,,,,,,,367.5,,,,,,367.48,,,EN,2025-12-04T23:00:00.000Z
GHED_OOP_pc_US_SHA2011,Out-of-pocket expenditure (OOP) per capita in US$,numeric,WPR,Western Pacific,Country,CHN,China,Year,2004,false,,,,,,,,,,,,,37.78,,,,,,37.78,,,EN,2025-12-04T23:00:00.000Z
GHED_OOP_pc_US_SHA2011,Out-of-pocket expenditure (OOP) per capita in US$,numeric,AMR,Americas,Country,PER,Peru,Year,2004,false,,,,,,,,,,,,,38.59,,,,,,38.59,,,EN,2025-12-04T23:00:00.000Z
GHED_OOP_pc_US_SHA2011,Out-of-pocket expenditure (OOP) per capita in US$,numeric,AFR,Africa,Country,RWA,Rwanda,Year,2004,false,,,,,,,,,,,,,4.29,,,,,,4.29,,,EN,2025-12-04T23:00:00.000Z
GHED_OOP_pc_US_SHA2011,Out-of-pocket expenditure (OOP) per capita in US$,numeric,AFR,Africa,Country,MDG,Madagascar,Year,2004,false,,,,,,,,,,,,,4.37,,,,,,4.37,,,EN,2025-12-04T23:00:00.000Z
GHED_OOP_pc_US_SHA2011,Out-of-pocket expenditure (OOP) per capita in US$,numeric,EUR,Europe,Country,PRT,Portugal,Year,2004,false,,,,,,,,,,,,,405.2,,,,,,405.17,,,EN,2025-12-04T23:00:00.000Z
GHED_OOP_pc_US_SHA2011,Out-of-pocket expenditure (OOP) per capita in US$,numeric,WPR,Western Pacific,Country,COK,Cook Islands,Year,2004,false,,,,,,,,,,,,,41.48,,,,,,41.48,,,EN,2025-12-04T23:00:00.000Z
GHED_OOP_pc_US_SHA2011,Out-of-pocket expenditure (OOP) per capita in US$,numeric,AMR,Americas,Country,HND,Honduras,Year,2004,false,,,,,,,,,,,,,41.7,,,,,,41.70,,,EN,2025-12-04T23:00:00.000Z
GHED_OOP_pc_US_SHA2011,Out-of-pocket expenditure (OOP) per capita in US$,numeric,EUR,Europe,Country,ISR,Israel,Year,2004,false,,,,,,,,,,,,,413.4,,,,,,413.36,,,EN,2025-12-04T23:00:00.000Z
GHED_OOP_pc_US_SHA2011,Out-of-pocket expenditure (OOP) per capita in US$,numeric,AFR,Africa,Country,ZAF,South Africa,Year,2004,false,,,,,,,,,,,,,42.92,,,,,,42.92,,,EN,2025-12-04T23:00:00.000Z
GHED_OOP_pc_US_SHA2011,Out-of-pocket expenditure (OOP) per capita in US$,numeric,EUR,Europe,Country,IRL,Ireland,Year,2004,false,,,,,,,,,,,,,425.6,,,,,,425.60,,,EN,2025-12-04T23:00:00.000Z
GHED_OOP_pc_US_SHA2011,Out-of-pocket expenditure (OOP) per capita in US$,numeric,AMR,Americas,Country,SUR,Suriname,Year,2004,false,,,,,,,,,,,,,43.99,,,,,,43.99,,,EN,2025-12-04T23:00:00.000Z
GHED_OOP_pc_US_SHA2011,Out-of-pocket expenditure (OOP) per capita in US$,numeric,EUR,Europe,Country,KAZ,Kazakhstan,Year,2004,false,,,,,,,,,,,,,44.5,,,,,,44.50,,,EN,2025-12-04T23:00:00.000Z
GHED_OOP_pc_US_SHA2011,Out-of-pocket expenditure (OOP) per capita in US$,numeric,AMR,Americas,Country,CAN,Canada,Year,2004,false,,,,,,,,,,,,,442.8,,,,,,442.77,,,EN,2025-12-04T23:00:00.000Z
GHED_OOP_pc_US_SHA2011,Out-of-pocket expenditure (OOP) per capita in US$,numeric,WPR,Western Pacific,Country,SGP,Singapore,Year,2004,false,,,,,,,,,,,,,443,,,,,,442.97,,,EN,2025-12-04T23:00:00.000Z
GHED_OOP_pc_US_SHA2011,Out-of-pocket expenditure (OOP) per capita in US$,numeric,EUR,Europe,Country,ESP,Spain,Year,2004,false,,,,,,,,,,,,,443.4,,,,,,443.35,,,EN,2025-12-04T23:00:00.000Z
GHED_OOP_pc_US_SHA2011,Out-of-pocket expenditure (OOP) per capita in US$,numeric,AMR,Americas,Country,CUB,Cuba,Year,2004,false,,,,,,,,,,,,,45.51,,,,,,45.51,,,EN,2025-12-04T23:00:00.000Z
GHED_OOP_pc_US_SHA2011,Out-of-pocket expenditure (OOP) per capita in US$,numeric,EUR,Europe,Country,ROU,Romania,Year,2004,false,,,,,,,,,,,,,46.41,,,,,,46.41,,,EN,2025-12-04T23:00:00.000Z
GHED_OOP_pc_US_SHA2011,Out-of-pocket expenditure (OOP) per capita in US$,numeric,EUR,Europe,Country,DEU,Germany,Year,2004,false,,,,,,,,,,,,,465.2,,,,,,465.18,,,EN,2025-12-04T23:00:00.000Z
GHED_OOP_pc_US_SHA2011,Out-of-pocket expenditure (OOP) per capita in US$,numeric,WPR,Western Pacific,Country,JPN,Japan,Year,2004,false,,,,,,,,,,,,,478.5,,,,,,478.54,,,EN,2025-12-04T23:00:00.000Z
GHED_OOP_pc_US_SHA2011,Out-of-pocket expenditure (OOP) per capita in US$,numeric,EUR,Europe,Country,GBR,United Kingdom of Great Britain and Northern Ireland,Year,2004,false,,,,,,,,,,,,,494.1,,,,,,494.07,,,EN,2025-12-04T23:00:00.000Z
GHED_OOP_pc_US_SHA2011,Out-of-pocket expenditure (OOP) per capita in US$,numeric,WPR,Western Pacific,Country,MHL,Marshall Islands,Year,2004,false,,,,,,,,,,,,,5.31,,,,,,5.31,,,EN,2025-12-04T23:00:00.000Z
GHED_OOP_pc_US_SHA2011,Out-of-pocket expenditure (OOP) per capita in US$,numeric,SEAR,South-East Asia,Country,MMR,Myanmar,Year,2004,false,,,,,,,,,,,,,5.53,,,,,,5.53,,,EN,2025-12-04T23:00:00.000Z
GHED_OOP_pc_US_SHA2011,Out-of-pocket expenditure (OOP) per capita in US$,numeric,AFR,Africa,Country,COD,Democratic Republic of the Congo,Year,2004,false,,,,,,,,,,,,,5.65,,,,,,5.65,,,EN,2025-12-04T23:00:00.000Z
GHED_OOP_pc_US_SHA2011,Out-of-pocket expenditure (OOP) per capita in US$,numeric,WPR,Western Pacific,Country,VUT,Vanuatu,Year,2004,false,,,,,,,,,,,,,5.91,,,,,,5.91,,,EN,2025-12-04T23:00:00.000Z
GHED_OOP_pc_US_SHA2011,Out-of-pocket expenditure (OOP) per capita in US$,numeric,AMR,Americas,Country,PRY,Paraguay,Year,2004,false,,,,,,,,,,,,,50.18,,,,,,50.18,,,EN,2025-12-04T23:00:00.000Z
GHED_OOP_pc_US_SHA2011,Out-of-pocket expenditure (OOP) per capita in US$,numeric,EUR,Europe,Country,ARM,Armenia,Year,2004,false,,,,,,,,,,,,,51.29,,,,,,51.29,,,EN,2025-12-04T23:00:00.000Z
GHED_OOP_pc_US_SHA2011,Out-of-pocket expenditure (OOP) per capita in US$,numeric,AFR,Africa,Country,COM,Comoros,Year,2004,false,,,,,,,,,,,,,51.56,,,,,,51.56,,,EN,2025-12-04T23:00:00.000Z
GHED_OOP_pc_US_SHA2011,Out-of-pocket expenditure (OOP) per capita in US$,numeric,EMR,Eastern Mediterranean,Country,MAR,Morocco,Year,2004,false,,,,,,,,,,,,,52.31,,,,,,52.31,,,EN,2025-12-04T23:00:00.000Z
GHED_OOP_pc_US_SHA2011,Out-of-pocket expenditure (OOP) per capita in US$,numeric,WPR,Western Pacific,Country,AUS,Australia,Year,2004,false,,,,,,,,,,,,,527.4,,,,,,527.38,,,EN,2025-12-04T23:00:00.000Z
GHED_OOP_pc_US_SHA2011,Out-of-pocket expenditure (OOP) per capita in US$,numeric,EMR,Eastern Mediterranean,Country,PSE,"occupied Palestinian territory, including east Jerusalem",Year,2004,false,,,,,,,,,,,,,54.56,,,,,,54.56,,,EN,2025-12-04T23:00:00.000Z
GHED_OOP_pc_US_SHA2011,Out-of-pocket expenditure (OOP) per capita in US$,numeric,WPR,Western Pacific,Country,MYS,Malaysia,Year,2004,false,,,,,,,,,,,,,55.56,,,,,,55.56,,,EN,2025-12-04T23:00:00.000Z
GHED_OOP_pc_US_SHA2011,Out-of-pocket expenditure (OOP) per capita in US$,numeric,EUR,Europe,Country,SWE,Sweden,Year,2004,false,,,,,,,,,,,,,576.7,,,,,,576.66,,,EN,2025-12-04T23:00:00.000Z
GHED_OOP_pc_US_SHA2011,Out-of-pocket expenditure (OOP) per capita in US$,numeric,EUR,Europe,Country,ITA,Italy,Year,2004,false,,,,,,,,,,,,,584.6,,,,,,584.62,,,EN,2025-12-04T23:00:00.000Z
GHED_OOP_pc_US_SHA2011,Out-of-pocket expenditure (OOP) per capita in US$,numeric,EUR,Europe,Country,TUR,Türkiye,Year,2004,false,,,,,,,,,,,,,59.06,,,,,,59.06,,,EN,2025-12-04T23:00:00.000Z
GHED_OOP_pc_US_SHA2011,Out-of-pocket expenditure (OOP) per capita in US$,numeric,SEAR,South-East Asia,Country,NPL,Nepal,Year,2004,false,,,,,,,,,,,,,6.67,,,,,,6.67,,,EN,2025-12-04T23:00:00.000Z
GHED_OOP_pc_US_SHA2011,Out-of-pocket expenditure (OOP) per capita in US$,numeric,SEAR,South-East Asia,Country,BGD,Bangladesh,Year,2004,false,,,,,,,,,,,,,6.81,,,,,,6.81,,,EN,2025-12-04T23:00:00.000Z
GHED_OOP_pc_US_SHA2011,Out-of-pocket expenditure (OOP) per capita in US$,numeric,AFR,Africa,Country,CAF,Central African Republic,Year,2004,false,,,,,,,,,,,,,6.89,,,,,,6.89,,,EN,2025-12-04T23:00:00.000Z
GHED_OOP_pc_US_SHA2011,Out-of-pocket expenditure (OOP) per capita in US$,numeric,AMR,Americas,Country,BLZ,Belize,Year,2004,false,,,,,,,,,,,,,60.4,,,,,,60.40,,,EN,2025-12-04T23:00:00.000Z
GHED_OOP_pc_US_SHA2011,Out-of-pocket expenditure (OOP) per capita in US$,numeric,EUR,Europe,Country,FIN,Finland,Year,2004,false,,,,,,,,,,,,,604.5,,,,,,604.55,,,EN,2025-12-04T23:00:00.000Z
GHED_OOP_pc_US_SHA2011,Out-of-pocket expenditure (OOP) per capita in US$,numeric,AMR,Americas,Country,VCT,Saint Vincent and the Grenadines,Year,2004,false,,,,,,,,,,,,,61.71,,,,,,61.71,,,EN,2025-12-04T23:00:00.000Z
GHED_OOP_pc_US_SHA2011,Out-of-pocket expenditure (OOP) per capita in US$,numeric,EUR,Europe,Country,DNK,Denmark,Year,2004,false,,,,,,,,,,,,,623,,,,,,623.02,,,EN,2025-12-04T23:00:00.000Z
GHED_OOP_pc_US_SHA2011,Out-of-pocket expenditure (OOP) per capita in US$,numeric,EUR,Europe,Country,CYP,Cyprus,Year,2004,false,,,,,,,,,,,,,642,,,,,,641.97,,,EN,2025-12-04T23:00:00.000Z
GHED_OOP_pc_US_SHA2011,Out-of-pocket expenditure (OOP) per capita in US$,numeric,AMR,Americas,Country,DOM,Dominican Republic,Year,2004,false,,,,,,,,,,,,,65.44,,,,,,65.44,,,EN,2025-12-04T23:00:00.000Z
GHED_OOP_pc_US_SHA2011,Out-of-pocket expenditure (OOP) per capita in US$,numeric,EUR,Europe,Country,ALB,Albania,Year,2004,false,,,,,,,,,,,,,65.99,,,,,,65.99,,,EN,2025-12-04T23:00:00.000Z
GHED_OOP_pc_US_SHA2011,Out-of-pocket expenditure (OOP) per capita in US$,numeric,EUR,Europe,Country,BEL,Belgium,Year,2004,false,,,,,,,,,,,,,670.1,,,,,,670.06,,,EN,2025-12-04T23:00:00.000Z
GHED_OOP_pc_US_SHA2011,Out-of-pocket expenditure (OOP) per capita in US$,numeric,EUR,Europe,Country,SMR,San Marino,Year,2004,false,,,,,,,,,,,,,679.8,,,,,,679.82,,,EN,2025-12-04T23:00:00.000Z
GHED_OOP_pc_US_SHA2011,Out-of-pocket expenditure (OOP) per capita in US$,numeric,EMR,Eastern Mediterranean,Country,LBY,Libya,Year,2004,false,,,,,,,,,,,,,68.71,,,,,,68.71,,,EN,2025-12-04T23:00:00.000Z
GHED_OOP_pc_US_SHA2011,Out-of-pocket expenditure (OOP) per capita in US$,numeric,EMR,Eastern Mediterranean,Country,TUN,Tunisia,Year,2004,false,,,,,,,,,,,,,69.45,,,,,,69.45,,,EN,2025-12-04T23:00:00.000Z
GHED_OOP_pc_US_SHA2011,Out-of-pocket expenditure (OOP) per capita in US$,numeric,AFR,Africa,Country,SYC,Seychelles,Year,2004,false,,,,,,,,,,,,,69.49,,,,,,69.49,,,EN,2025-12-04T23:00:00.000Z
GHED_OOP_pc_US_SHA2011,Out-of-pocket expenditure (OOP) per capita in US$,numeric,EUR,Europe,Country,GRC,Greece,Year,2004,false,,,,,,,,,,,,,694.6,,,,,,694.56,,,EN,2025-12-04T23:00:00.000Z
GHED_OOP_pc_US_SHA2011,Out-of-pocket expenditure (OOP) per capita in US$,numeric,SEAR,South-East Asia,Country,TLS,Timor-Leste,Year,2004,false,,,,,,,,,,,,,7,,,,,,7.00,,,EN,2025-12-04T23:00:00.000Z
GHED_OOP_pc_US_SHA2011,Out-of-pocket expenditure (OOP) per capita in US$,numeric,AFR,Africa,Country,UGA,Uganda,Year,2004,false,,,,,,,,,,,,,7.14,,,,,,7.14,,,EN,2025-12-04T23:00:00.000Z
GHED_OOP_pc_US_SHA2011,Out-of-pocket expenditure (OOP) per capita in US$,numeric,SEAR,South-East Asia,Country,BTN,Bhutan,Year,2004,false,,,,,,,,,,,,,7.49,,,,,,7.49,,,EN,2025-12-04T23:00:00.000Z
GHED_OOP_pc_US_SHA2011,Out-of-pocket expenditure (OOP) per capita in US$,numeric,AFR,Africa,Country,GHA,Ghana,Year,2004,false,,,,,,,,,,,,,7.65,,,,,,7.65,,,EN,2025-12-04T23:00:00.000Z
GHED_OOP_pc_US_SHA2011,Out-of-pocket expenditure (OOP) per capita in US$,numeric,WPR,Western Pacific,Country,LAO,Lao People's Democratic Republic,Year,2004,false,,,,,,,,,,,,,7.67,,,,,,7.67,,,EN,2025-12-04T23:00:00.000Z
GHED_OOP_pc_US_SHA2011,Out-of-pocket expenditure (OOP) per capita in US$,numeric,EUR,Europe,Country,RUS,Russian Federation,Year,2004,false,,,,,,,,,,,,,70.19,,,,,,70.19,,,EN,2025-12-04T23:00:00.000Z
GHED_OOP_pc_US_SHA2011,Out-of-pocket expenditure (OOP) per capita in US$,numeric,EUR,Europe,Country,AUT,Austria,Year,2004,false,,,,,,,,,,,,,708.9,,,,,,708.87,,,EN,2025-12-04T23:00:00.000Z
GHED_OOP_pc_US_SHA2011,Out-of-pocket expenditure (OOP) per capita in US$,numeric,EMR,Eastern Mediterranean,Country,JOR,Jordan,Year,2004,false,,,,,,,,,,,,,71.22,,,,,,71.22,,,EN,2025-12-04T23:00:00.000Z
GHED_OOP_pc_US_SHA2011,Out-of-pocket expenditure (OOP) per capita in US$,numeric,EUR,Europe,Country,LUX,Luxembourg,Year,2004,false,,,,,,,,,,,,,716.8,,,,,,716.77,,,EN,2025-12-04T23:00:00.000Z
GHED_OOP_pc_US_SHA2011,Out-of-pocket expenditure (OOP) per capita in US$,numeric,AMR,Americas,Country,GTM,Guatemala,Year,2004,false,,,,,,,,,,,,,73.34,,,,,,73.34,,,EN,2025-12-04T23:00:00.000Z
GHED_OOP_pc_US_SHA2011,Out-of-pocket expenditure (OOP) per capita in US$,numeric,EUR,Europe,Country,SRB,Serbia,Year,2004,false,,,,,,,,,,,,,74.91,,,,,,74.91,,,EN,2025-12-04T23:00:00.000Z
GHED_OOP_pc_US_SHA2011,Out-of-pocket expenditure (OOP) per capita in US$,numeric,AFR,Africa,Country,GNQ,Equatorial Guinea,Year,2004,false,,,,,,,,,,,,,76.63,,,,,,76.63,,,EN,2025-12-04T23:00:00.000Z
GHED_OOP_pc_US_SHA2011,Out-of-pocket expenditure (OOP) per capita in US$,numeric,EUR,Europe,Country,ISL,Iceland,Year,2004,false,,,,,,,,,,,,,781.5,,,,,,781.52,,,EN,2025-12-04T23:00:00.000Z
GHED_OOP_pc_US_SHA2011,Out-of-pocket expenditure (OOP) per capita in US$,numeric,EMR,Eastern Mediterranean,Country,IRN,Iran (Islamic Republic of),Year,2004,false,,,,,,,,,,,,,79.05,,,,,,79.05,,,EN,2025-12-04T23:00:00.000Z
GHED_OOP_pc_US_SHA2011,Out-of-pocket expenditure (OOP) per capita in US$,numeric,EUR,Europe,Country,CZE,Czechia,Year,2004,false,,,,,,,,,,,,,79.89,,,,,,79.89,,,EN,2025-12-04T23:00:00.000Z
GHED_OOP_pc_US_SHA2011,Out-of-pocket expenditure (OOP) per capita in US$,numeric,WPR,Western Pacific,Country,NIU,Niue,Year,2004,false,,,,,,,,,,,,,8.04,,,,,,8.04,,,EN,2025-12-04T23:00:00.000Z
GHED_OOP_pc_US_SHA2011,Out-of-pocket expenditure (OOP) per capita in US$,numeric,AFR,Africa,Country,ERI,Eritrea,Year,2004,false,,,,,,,,,,,,,8.14,,,,,,8.14,,,EN,2025-12-04T23:00:00.000Z
GHED_OOP_pc_US_SHA2011,Out-of-pocket expenditure (OOP) per capita in US$,numeric,WPR,Western Pacific,Country,MNG,Mongolia,Year,2004,false,,,,,,,,,,,,,8.31,,,,,,8.31,,,EN,2025-12-04T23:00:00.000Z
GHED_OOP_pc_US_SHA2011,Out-of-pocket expenditure (OOP) per capita in US$,numeric,AFR,Africa,Country,NER,Niger,Year,2004,false,,,,,,,,,,,,,8.41,,,,,,8.41,,,EN,2025-12-04T23:00:00.000Z
GHED_OOP_pc_US_SHA2011,Out-of-pocket expenditure (OOP) per capita in US$,numeric,AFR,Africa,Country,TZA,United Republic of Tanzania,Year,2004,false,,,,,,,,,,,,,8.76,,,,,,8.76,,,EN,2025-12-04T23:00:00.000Z
GHED_OOP_pc_US_SHA2011,Out-of-pocket expenditure (OOP) per capita in US$,numeric,AFR,Africa,Country,MUS,Mauritius,Year,2004,false,,,,,,,,,,,,,80.22,,,,,,80.22,,,EN,2025-12-04T23:00:00.000Z
GHED_OOP_pc_US_SHA2011,Out-of-pocket expenditure (OOP) per capita in US$,numeric,AMR,Americas,Country,SLV,El Salvador,Year,2004,false,,,,,,,,,,,,,83.01,,,,,,83.01,,,EN,2025-12-04T23:00:00.000Z
GHED_OOP_pc_US_SHA2011,Out-of-pocket expenditure (OOP) per capita in US$,numeric,EUR,Europe,Country,GEO,Georgia,Year,2004,false,,,,,,,,,,,,,83.48,,,,,,83.48,,,EN,2025-12-04T23:00:00.000Z
GHED_OOP_pc_US_SHA2011,Out-of-pocket expenditure (OOP) per capita in US$,numeric,AMR,Americas,Country,USA,United States of America,Year,2004,false,,,,,,,,,,,,,848.5,,,,,,848.45,,,EN,2025-12-04T23:00:00.000Z
GHED_OOP_pc_US_SHA2011,Out-of-pocket expenditure (OOP) per capita in US$,numeric,AMR,Americas,Country,ARG,Argentina,Year,2004,false,,,,,,,,,,,,,85.39,,,,,,85.39,,,EN,2025-12-04T23:00:00.000Z
GHED_OOP_pc_US_SHA2011,Out-of-pocket expenditure (OOP) per capita in US$,numeric,EMR,Eastern Mediterranean,Country,SAU,Saudi Arabia,Year,2004,false,,,,,,,,,,,,,85.57,,,,,,85.57,,,EN,2025-12-04T23:00:00.000Z
GHED_OOP_pc_US_SHA2011,Out-of-pocket expenditure (OOP) per capita in US$,numeric,EUR,Europe,Country,NOR,Norway,Year,2004,false,,,,,,,,,,,,,854.4,,,,,,854.42,,,EN,2025-12-04T23:00:00.000Z
GHED_OOP_pc_US_SHA2011,Out-of-pocket expenditure (OOP) per capita in US$,numeric,AMR,Americas,Country,JAM,Jamaica,Year,2004,false,,,,,,,,,,,,,89.76,,,,,,89.76,,,EN,2025-12-04T23:00:00.000Z
GHED_OOP_pc_US_SHA2011,Out-of-pocket expenditure (OOP) per capita in US$,numeric,AFR,Africa,Country,BFA,Burkina Faso,Year,2004,false,,,,,,,,,,,,,9.28,,,,,,9.28,,,EN,2025-12-04T23:00:00.000Z
GHED_OOP_pc_US_SHA2011,Out-of-pocket expenditure (OOP) per capita in US$,numeric,AFR,Africa,Country,ZMB,Zambia,Year,2004,false,,,,,,,,,,,,,9.32,,,,,,9.32,,,EN,2025-12-04T23:00:00.000Z
GHED_OOP_pc_US_SHA2011,Out-of-pocket expenditure (OOP) per capita in US$,numeric,EMR,Eastern Mediterranean,Country,PAK,Pakistan,Year,2004,false,,,,,,,,,,,,,9.44,,,,,,9.44,,,EN,2025-12-04T23:00:00.000Z
GHED_OOP_pc_US_SHA2011,Out-of-pocket expenditure (OOP) per capita in US$,numeric,AFR,Africa,Country,GNB,Guinea-Bissau,Year,2004,false,,,,,,,,,,,,,9.93,,,,,,9.93,,,EN,2025-12-04T23:00:00.000Z
GHED_OOP_pc_US_SHA2011,Out-of-pocket expenditure (OOP) per capita in US$,numeric,AMR,Americas,Country,ECU,Ecuador,Year,2004,false,,,,,,,,,,,,,91.12,,,,,,91.12,,,EN,2025-12-04T23:00:00.000Z
GHED_OOP_pc_US_SHA2011,Out-of-pocket expenditure (OOP) per capita in US$,numeric,AMR,Americas,Country,URY,Uruguay,Year,2004,false,,,,,,,,,,,,,91.34,,,,,,91.34,,,EN,2025-12-04T23:00:00.000Z
GHED_OOP_pc_US_SHA2011,Out-of-pocket expenditure (OOP) per capita in US$,numeric,EUR,Europe,Country,BGR,Bulgaria,Year,2004,false,,,,,,,,,,,,,91.39,,,,,,91.39,,,EN,2025-12-04T23:00:00.000Z
GHED_OOP_pc_US_SHA2011,Out-of-pocket expenditure (OOP) per capita in US$,numeric,AFR,Africa,Country,GAB,Gabon,Year,2004,false,,,,,,,,,,,,,92.48,,,,,,92.48,,,EN,2025-12-04T23:00:00.000Z
GHED_OOP_pc_US_SHA2011,Out-of-pocket expenditure (OOP) per capita in US$,numeric,AMR,Americas,Country,CRI,Costa Rica,Year,2004,false,,,,,,,,,,,,,94.18,,,,,,94.18,,,EN,2025-12-04T23:00:00.000Z
GHED_OOP_pc_US_SHA2011,Out-of-pocket expenditure (OOP) per capita in US$,numeric,EUR,Europe,Country,BIH,Bosnia and Herzegovina,Year,2004,false,,,,,,,,,,,,,94.91,,,,,,94.91,,,EN,2025-12-04T23:00:00.000Z
GHED_OOP_pc_US_SHA2011,Out-of-pocket expenditure (OOP) per capita in US$,numeric,EUR,Europe,Country,MKD,North Macedonia,Year,2004,false,,,,,,,,,,,,,98.11,,,,,,98.11,,,EN,2025-12-04T23:00:00.000Z
GHED_OOP_pc_US_SHA2011,Out-of-pocket expenditure (OOP) per capita in US$,numeric,WPR,Western Pacific,Country,KIR,Kiribati,Year,2003,false,,,,,,,,,,,,,0.12,,,,,,0.12,,,EN,2025-12-04T23:00:00.000Z
GHED_OOP_pc_US_SHA2011,Out-of-pocket expenditure (OOP) per capita in US$,numeric,AFR,Africa,Country,MWI,Malawi,Year,2003,false,,,,,,,,,,,,,1.49,,,,,,1.49,,,EN,2025-12-04T23:00:00.000Z
GHED_OOP_pc_US_SHA2011,Out-of-pocket expenditure (OOP) per capita in US$,numeric,WPR,Western Pacific,Country,SLB,Solomon Islands,Year,2003,false,,,,,,,,,,,,,1.57,,,,,,1.57,,,EN,2025-12-04T23:00:00.000Z
GHED_OOP_pc_US_SHA2011,Out-of-pocket expenditure (OOP) per capita in US$,numeric,WPR,Western Pacific,Country,PNG,Papua New Guinea,Year,2003,false,,,,,,,,,,,,,1.93,,,,,,1.93,,,EN,2025-12-04T23:00:00.000Z
GHED_OOP_pc_US_SHA2011,Out-of-pocket expenditure (OOP) per capita in US$,numeric,AFR,Africa,Country,ETH,Ethiopia,Year,2003,false,,,,,,,,,,,,,1.97,,,,,,1.97,,,EN,2025-12-04T23:00:00.000Z
GHED_OOP_pc_US_SHA2011,Out-of-pocket expenditure (OOP) per capita in US$,numeric,WPR,Western Pacific,Country,FSM,Micronesia (Federated States of),Year,2003,false,,,,,,,,,,,,,10.22,,,,,,10.22,,,EN,2025-12-04T23:00:00.000Z
GHED_OOP_pc_US_SHA2011,Out-of-pocket expenditure (OOP) per capita in US$,numeric,AFR,Africa,Country,LSO,Lesotho,Year,2003,false,,,,,,,,,,,,,10.4,,,,,,10.40,,,EN,2025-12-04T23:00:00.000Z
GHED_OOP_pc_US_SHA2011,Out-of-pocket expenditure (OOP) per capita in US$,numeric,AFR,Africa,Country,BEN,Benin,Year,2003,false,,,,,,,,,,,,,10.89,,,,,,10.89,,,EN,2025-12-04T23:00:00.000Z
GHED_OOP_pc_US_SHA2011,Out-of-pocket expenditure (OOP) per capita in US$,numeric,AMR,Americas,Country,PAN,Panama,Year,2003,false,,,,,,,,,,,,,100.3,,,,,,100.34,,,EN,2025-12-04T23:00:00.000Z
GHED_OOP_pc_US_SHA2011,Out-of-pocket expenditure (OOP) per capita in US$,numeric,WPR,Western Pacific,Country,FJI,Fiji,Year,2003,false,,,,,,,,,,,,,11.07,,,,,,11.07,,,EN,2025-12-04T23:00:00.000Z
GHED_OOP_pc_US_SHA2011,Out-of-pocket expenditure (OOP) per capita in US$,numeric,EUR,Europe,Country,KGZ,Kyrgyzstan,Year,2003,false,,,,,,,,,,,,,11.08,,,,,,11.08,,,EN,2025-12-04T23:00:00.000Z
GHED_OOP_pc_US_SHA2011,Out-of-pocket expenditure (OOP) per capita in US$,numeric,AMR,Americas,Country,COL,Colombia,Year,2003,false,,,,,,,,,,,,,11.16,,,,,,11.16,,,EN,2025-12-04T23:00:00.000Z
GHED_OOP_pc_US_SHA2011,Out-of-pocket expenditure (OOP) per capita in US$,numeric,AFR,Africa,Country,MLI,Mali,Year,2003,false,,,,,,,,,,,,,11.49,,,,,,11.49,,,EN,2025-12-04T23:00:00.000Z
GHED_OOP_pc_US_SHA2011,Out-of-pocket expenditure (OOP) per capita in US$,numeric,AFR,Africa,Country,KEN,Kenya,Year,2003,false,,,,,,,,,,,,,11.61,,,,,,11.61,,,EN,2025-12-04T23:00:00.000Z
GHED_OOP_pc_US_SHA2011,Out-of-pocket expenditure (OOP) per capita in US$,numeric,WPR,Western Pacific,Country,IDN,Indonesia,Year,2003,false,,,,,,,,,,,,,11.74,,,,,,11.74,,,EN,2025-12-04T23:00:00.000Z
GHED_OOP_pc_US_SHA2011,Out-of-pocket expenditure (OOP) per capita in US$,numeric,WPR,Western Pacific,Country,WSM,Samoa,Year,2003,false,,,,,,,,,,,,,11.81,,,,,,11.81,,,EN,2025-12-04T23:00:00.000Z
GHED_OOP_pc_US_SHA2011,Out-of-pocket expenditure (OOP) per capita in US$,numeric,WPR,Western Pacific,Country,PLW,Palau,Year,2003,false,,,,,,,,,,,,,115,,,,,,114.96,,,EN,2025-12-04T23:00:00.000Z
GHED_OOP_pc_US_SHA2011,Out-of-pocket expenditure (OOP) per capita in US$,numeric,EUR,Europe,Country,TKM,Turkmenistan,Year,2003,false,,,,,,,,,,,,,127.4,,,,,,127.35,,,EN,2025-12-04T23:00:00.000Z
GHED_OOP_pc_US_SHA2011,Out-of-pocket expenditure (OOP) per capita in US$,numeric,SEAR,South-East Asia,Country,MDV,Maldives,Year,2003,false,,,,,,,,,,,,,129.4,,,,,,129.43,,,EN,2025-12-04T23:00:00.000Z
GHED_OOP_pc_US_SHA2011,Out-of-pocket expenditure (OOP) per capita in US$,numeric,AFR,Africa,Country,COG,Congo,Year,2003,false,,,,,,,,,,,,,13.22,,,,,,13.22,,,EN,2025-12-04T23:00:00.000Z
GHED_OOP_pc_US_SHA2011,Out-of-pocket expenditure (OOP) per capita in US$,numeric,WPR,Western Pacific,Country,NRU,Nauru,Year,2003,false,,,,,,,,,,,,,13.35,,,,,,13.35,,,EN,2025-12-04T23:00:00.000Z
GHED_OOP_pc_US_SHA2011,Out-of-pocket expenditure (OOP) per capita in US$,numeric,AFR,Africa,Country,TGO,Togo,Year,2003,false,,,,,,,,,,,,,13.82,,,,,,13.82,,,EN,2025-12-04T23:00:00.000Z
GHED_OOP_pc_US_SHA2011,Out-of-pocket expenditure (OOP) per capita in US$,numeric,EMR,Eastern Mediterranean,Country,KWT,Kuwait,Year,2003,false,,,,,,,,,,,,,130.4,,,,,,130.41,,,EN,2025-12-04T23:00:00.000Z
GHED_OOP_pc_US_SHA2011,Out-of-pocket expenditure (OOP) per capita in US$,numeric,EUR,Europe,Country,LVA,Latvia,Year,2003,false,,,,,,,,,,,,,136.2,,,,,,136.22,,,EN,2025-12-04T23:00:00.000Z
GHED_OOP_pc_US_SHA2011,Out-of-pocket expenditure (OOP) per capita in US$,numeric,EMR,Eastern Mediterranean,Country,SDN,Sudan,Year,2003,false,,,,,,,,,,,,,14.13,,,,,,14.13,,,EN,2025-12-04T23:00:00.000Z
GHED_OOP_pc_US_SHA2011,Out-of-pocket expenditure (OOP) per capita in US$,numeric,EMR,Eastern Mediterranean,Country,IRQ,Iraq,Year,2003,false,,,,,,,,,,,,,14.72,,,,,,14.72,,,EN,2025-12-04T23:00:00.000Z
GHED_OOP_pc_US_SHA2011,Out-of-pocket expenditure (OOP) per capita in US$,numeric,AMR,Americas,Country,BOL,Bolivia (Plurinational State of),Year,2003,false,,,,,,,,,,,,,14.86,,,,,,14.86,,,EN,2025-12-04T23:00:00.000Z
GHED_OOP_pc_US_SHA2011,Out-of-pocket expenditure (OOP) per capita in US$,numeric,AMR,Americas,Country,ATG,Antigua and Barbuda,Year,2003,false,,,,,,,,,,,,,142.5,,,,,,142.48,,,EN,2025-12-04T23:00:00.000Z
GHED_OOP_pc_US_SHA2011,Out-of-pocket expenditure (OOP) per capita in US$,numeric,EUR,Europe,Country,CHE,Switzerland,Year,2003,false,,,,,,,,,,,,,1433,,,,,,1432.59,,,EN,2025-12-04T23:00:00.000Z
GHED_OOP_pc_US_SHA2011,Out-of-pocket expenditure (OOP) per capita in US$,numeric,AMR,Americas,Country,CHL,Chile,Year,2003,false,,,,,,,,,,,,,148,,,,,,148.03,,,EN,2025-12-04T23:00:00.000Z
GHED_OOP_pc_US_SHA2011,Out-of-pocket expenditure (OOP) per capita in US$,numeric,WPR,Western Pacific,Country,PHL,Philippines,Year,2003,false,,,,,,,,,,,,,15.08,,,,,,15.08,,,EN,2025-12-04T23:00:00.000Z
GHED_OOP_pc_US_SHA2011,Out-of-pocket expenditure (OOP) per capita in US$,numeric,EUR,Europe,Country,UZB,Uzbekistan,Year,2003,false,,,,,,,,,,,,,15.19,,,,,,15.19,,,EN,2025-12-04T23:00:00.000Z
GHED_OOP_pc_US_SHA2011,Out-of-pocket expenditure (OOP) per capita in US$,numeric,EMR,Eastern Mediterranean,Country,AFG,Afghanistan,Year,2003,false,,,,,,,,,,,,,15.27,,,,,,15.27,,,EN,2025-12-04T23:00:00.000Z
GHED_OOP_pc_US_SHA2011,Out-of-pocket expenditure (OOP) per capita in US$,numeric,SEAR,South-East Asia,Country,LKA,Sri Lanka,Year,2003,false,,,,,,,,,,,,,15.35,,,,,,15.35,,,EN,2025-12-04T23:00:00.000Z
GHED_OOP_pc_US_SHA2011,Out-of-pocket expenditure (OOP) per capita in US$,numeric,WPR,Western Pacific,Country,KHM,Cambodia,Year,2003,false,,,,,,,,,,,,,15.48,,,,,,15.48,,,EN,2025-12-04T23:00:00.000Z
GHED_OOP_pc_US_SHA2011,Out-of-pocket expenditure (OOP) per capita in US$,numeric,EMR,Eastern Mediterranean,Country,DJI,Djibouti,Year,2003,false,,,,,,,,,,,,,15.91,,,,,,15.91,,,EN,2025-12-04T23:00:00.000Z
GHED_OOP_pc_US_SHA2011,Out-of-pocket expenditure (OOP) per capita in US$,numeric,EUR,Europe,Country,SVN,Slovenia,Year,2003,false,,,,,,,,,,,,,150.2,,,,,,150.22,,,EN,2025-12-04T23:00:00.000Z
GHED_OOP_pc_US_SHA2011,Out-of-pocket expenditure (OOP) per capita in US$,numeric,AMR,Americas,Country,GRD,Grenada,Year,2003,false,,,,,,,,,,,,,154.1,,,,,,154.09,,,EN,2025-12-04T23:00:00.000Z
GHED_OOP_pc_US_SHA2011,Out-of-pocket expenditure (OOP) per capita in US$,numeric,AFR,Africa,Country,GIN,Guinea,Year,2003,false,,,,,,,,,,,,,16.01,,,,,,16.01,,,EN,2025-12-04T23:00:00.000Z
GHED_OOP_pc_US_SHA2011,Out-of-pocket expenditure (OOP) per capita in US$,numeric,AFR,Africa,Country,DZA,Algeria,Year,2003,false,,,,,,,,,,,,,16.06,,,,,,16.06,,,EN,2025-12-04T23:00:00.000Z
GHED_OOP_pc_US_SHA2011,Out-of-pocket expenditure (OOP) per capita in US$,numeric,SEAR,South-East Asia,Country,IND,India,Year,2003,false,,,,,,,,,,,,,16.08,,,,,,16.08,,,EN,2025-12-04T23:00:00.000Z
GHED_OOP_pc_US_SHA2011,Out-of-pocket expenditure (OOP) per capita in US$,numeric,EUR,Europe,Country,AZE,Azerbaijan,Year,2003,false,,,,,,,,,,,,,16.31,,,,,,16.31,,,EN,2025-12-04T23:00:00.000Z
GHED_OOP_pc_US_SHA2011,Out-of-pocket expenditure (OOP) per capita in US$,numeric,AFR,Africa,Country,AGO,Angola,Year,2003,false,,,,,,,,,,,,,17.09,,,,,,17.09,,,EN,2025-12-04T23:00:00.000Z
GHED_OOP_pc_US_SHA2011,Out-of-pocket expenditure (OOP) per capita in US$,numeric,AFR,Africa,Country,SLE,Sierra Leone,Year,2003,false,,,,,,,,,,,,,17.15,,,,,,17.15,,,EN,2025-12-04T23:00:00.000Z
GHED_OOP_pc_US_SHA2011,Out-of-pocket expenditure (OOP) per capita in US$,numeric,EMR,Eastern Mediterranean,Country,YEM,Yemen,Year,2003,false,,,,,,,,,,,,,17.15,,,,,,17.15,,,EN,2025-12-04T23:00:00.000Z
GHED_OOP_pc_US_SHA2011,Out-of-pocket expenditure (OOP) per capita in US$,numeric,EMR,Eastern Mediterranean,Country,BHR,Bahrain,Year,2003,false,,,,,,,,,,,,,171.5,,,,,,171.47,,,EN,2025-12-04T23:00:00.000Z
GHED_OOP_pc_US_SHA2011,Out-of-pocket expenditure (OOP) per capita in US$,numeric,AMR,Americas,Country,TTO,Trinidad and Tobago,Year,2003,false,,,,,,,,,,,,,174.2,,,,,,174.22,,,EN,2025-12-04T23:00:00.000Z
GHED_OOP_pc_US_SHA2011,Out-of-pocket expenditure (OOP) per capita in US$,numeric,EUR,Europe,Country,HUN,Hungary,Year,2003,false,,,,,,,,,,,,,180,,,,,,179.97,,,EN,2025-12-04T23:00:00.000Z
GHED_OOP_pc_US_SHA2011,Out-of-pocket expenditure (OOP) per capita in US$,numeric,AFR,Africa,Country,NAM,Namibia,Year,2003,false,,,,,,,,,,,,,18.41,,,,,,18.41,,,EN,2025-12-04T23:00:00.000Z
GHED_OOP_pc_US_SHA2011,Out-of-pocket expenditure (OOP) per capita in US$,numeric,EUR,Europe,Country,MDA,Republic of Moldova,Year,2003,false,,,,,,,,,,,,,18.57,,,,,,18.57,,,EN,2025-12-04T23:00:00.000Z
GHED_OOP_pc_US_SHA2011,Out-of-pocket expenditure (OOP) per capita in US$,numeric,AMR,Americas,Country,LCA,Saint Lucia,Year,2003,false,,,,,,,,,,,,,189.2,,,,,,189.22,,,EN,2025-12-04T23:00:00.000Z
GHED_OOP_pc_US_SHA2011,Out-of-pocket expenditure (OOP) per capita in US$,numeric,AFR,Africa,Country,SEN,Senegal,Year,2003,false,,,,,,,,,,,,,19.31,,,,,,19.31,,,EN,2025-12-04T23:00:00.000Z
GHED_OOP_pc_US_SHA2011,Out-of-pocket expenditure (OOP) per capita in US$,numeric,AFR,Africa,Country,SWZ,Eswatini,Year,2003,false,,,,,,,,,,,,,19.79,,,,,,19.79,,,EN,2025-12-04T23:00:00.000Z
GHED_OOP_pc_US_SHA2011,Out-of-pocket expenditure (OOP) per capita in US$,numeric,EMR,Eastern Mediterranean,Country,LBN,Lebanon,Year,2003,false,,,,,,,,,,,,,196,,,,,,195.96,,,EN,2025-12-04T23:00:00.000Z
GHED_OOP_pc_US_SHA2011,Out-of-pocket expenditure (OOP) per capita in US$,numeric,AFR,Africa,Country,MOZ,Mozambique,Year,2003,false,,,,,,,,,,,,,2.34,,,,,,2.34,,,EN,2025-12-04T23:00:00.000Z
GHED_OOP_pc_US_SHA2011,Out-of-pocket expenditure (OOP) per capita in US$,numeric,AFR,Africa,Country,BDI,Burundi,Year,2003,false,,,,,,,,,,,,,2.95,,,,,,2.95,,,EN,2025-12-04T23:00:00.000Z
GHED_OOP_pc_US_SHA2011,Out-of-pocket expenditure (OOP) per capita in US$,numeric,AFR,Africa,Country,RWA,Rwanda,Year,2003,false,,,,,,,,,,,,,2.95,,,,,,2.95,,,EN,2025-12-04T23:00:00.000Z
GHED_OOP_pc_US_SHA2011,Out-of-pocket expenditure (OOP) per capita in US$,numeric,AFR,Africa,Country,MRT,Mauritania,Year,2003,false,,,,,,,,,,,,,20.19,,,,,,20.19,,,EN,2025-12-04T23:00:00.000Z
GHED_OOP_pc_US_SHA2011,Out-of-pocket expenditure (OOP) per capita in US$,numeric,AFR,Africa,Country,CPV,Cabo Verde,Year,2003,false,,,,,,,,,,,,,20.47,,,,,,20.47,,,EN,2025-12-04T23:00:00.000Z
GHED_OOP_pc_US_SHA2011,Out-of-pocket expenditure (OOP) per capita in US$,numeric,SEAR,South-East Asia,Country,THA,Thailand,Year,2003,false,,,,,,,,,,,,,20.68,,,,,,20.68,,,EN,2025-12-04T23:00:00.000Z
GHED_OOP_pc_US_SHA2011,Out-of-pocket expenditure (OOP) per capita in US$,numeric,EMR,Eastern Mediterranean,Country,QAT,Qatar,Year,2003,false,,,,,,,,,,,,,206.7,,,,,,206.70,,,EN,2025-12-04T23:00:00.000Z
GHED_OOP_pc_US_SHA2011,Out-of-pocket expenditure (OOP) per capita in US$,numeric,EUR,Europe,Country,ROU,Romania,Year,2003,false,,,,,,,,,,,,,21.71,,,,,,21.71,,,EN,2025-12-04T23:00:00.000Z
GHED_OOP_pc_US_SHA2011,Out-of-pocket expenditure (OOP) per capita in US$,numeric,EUR,Europe,Country,BLR,Belarus,Year,2003,false,,,,,,,,,,,,,21.88,,,,,,21.88,,,EN,2025-12-04T23:00:00.000Z
GHED_OOP_pc_US_SHA2011,Out-of-pocket expenditure (OOP) per capita in US$,numeric,EMR,Eastern Mediterranean,Country,ARE,United Arab Emirates,Year,2003,false,,,,,,,,,,,,,215.5,,,,,,215.51,,,EN,2025-12-04T23:00:00.000Z
GHED_OOP_pc_US_SHA2011,Out-of-pocket expenditure (OOP) per capita in US$,numeric,AFR,Africa,Country,STP,Sao Tome and Principe,Year,2003,false,,,,,,,,,,,,,22.73,,,,,,22.73,,,EN,2025-12-04T23:00:00.000Z
GHED_OOP_pc_US_SHA2011,Out-of-pocket expenditure (OOP) per capita in US$,numeric,EUR,Europe,Country,FRA,France,Year,2003,false,,,,,,,,,,,,,221.8,,,,,,221.76,,,EN,2025-12-04T23:00:00.000Z
GHED_OOP_pc_US_SHA2011,Out-of-pocket expenditure (OOP) per capita in US$,numeric,AMR,Americas,Country,MEX,Mexico,Year,2003,false,,,,,,,,,,,,,229.2,,,,,,229.24,,,EN,2025-12-04T23:00:00.000Z
GHED_OOP_pc_US_SHA2011,Out-of-pocket expenditure (OOP) per capita in US$,numeric,AFR,Africa,Country,BWA,Botswana,Year,2003,false,,,,,,,,,,,,,23.63,,,,,,23.63,,,EN,2025-12-04T23:00:00.000Z
GHED_OOP_pc_US_SHA2011,Out-of-pocket expenditure (OOP) per capita in US$,numeric,AMR,Americas,Country,NIC,Nicaragua,Year,2003,false,,,,,,,,,,,,,24.04,,,,,,24.04,,,EN,2025-12-04T23:00:00.000Z
GHED_OOP_pc_US_SHA2011,Out-of-pocket expenditure (OOP) per capita in US$,numeric,AMR,Americas,Country,KNA,Saint Kitts and Nevis,Year,2003,false,,,,,,,,,,,,,244.6,,,,,,244.55,,,EN,2025-12-04T23:00:00.000Z
GHED_OOP_pc_US_SHA2011,Out-of-pocket expenditure (OOP) per capita in US$,numeric,WPR,Western Pacific,Country,NZL,New Zealand,Year,2003,false,,,,,,,,,,,,,247.7,,,,,,247.72,,,EN,2025-12-04T23:00:00.000Z
GHED_OOP_pc_US_SHA2011,Out-of-pocket expenditure (OOP) per capita in US$,numeric,AMR,Americas,Country,GUY,Guyana,Year,2003,false,,,,,,,,,,,,,26.23,,,,,,26.23,,,EN,2025-12-04T23:00:00.000Z
GHED_OOP_pc_US_SHA2011,Out-of-pocket expenditure (OOP) per capita in US$,numeric,AFR,Africa,Country,CMR,Cameroon,Year,2003,false,,,,,,,,,,,,,27.58,,,,,,27.58,,,EN,2025-12-04T23:00:00.000Z
GHED_OOP_pc_US_SHA2011,Out-of-pocket expenditure (OOP) per capita in US$,numeric,AFR,Africa,Country,NGA,Nigeria,Year,2003,false,,,,,,,,,,,,,27.61,,,,,,27.61,,,EN,2025-12-04T23:00:00.000Z
GHED_OOP_pc_US_SHA2011,Out-of-pocket expenditure (OOP) per capita in US$,numeric,EUR,Europe,Country,UKR,Ukraine,Year,2003,false,,,,,,,,,,,,,27.84,,,,,,27.84,,,EN,2025-12-04T23:00:00.000Z
GHED_OOP_pc_US_SHA2011,Out-of-pocket expenditure (OOP) per capita in US$,numeric,EUR,Europe,Country,MCO,Monaco,Year,2003,false,,,,,,,,,,,,,284.8,,,,,,284.83,,,EN,2025-12-04T23:00:00.000Z
GHED_OOP_pc_US_SHA2011,Out-of-pocket expenditure (OOP) per capita in US$,numeric,AMR,Americas,Country,BRB,Barbados,Year,2003,false,,,,,,,,,,,,,290,,,,,,290.01,,,EN,2025-12-04T23:00:00.000Z
GHED_OOP_pc_US_SHA2011,Out-of-pocket expenditure (OOP) per capita in US$,numeric,AFR,Africa,Country,LBR,Liberia,Year,2003,false,,,,,,,,,,,,,3.3,,,,,,3.30,,,EN,2025-12-04T23:00:00.000Z
GHED_OOP_pc_US_SHA2011,Out-of-pocket expenditure (OOP) per capita in US$,numeric,AFR,Africa,Country,GMB,Gambia,Year,2003,false,,,,,,,,,,,,,3.32,,,,,,3.32,,,EN,2025-12-04T23:00:00.000Z
GHED_OOP_pc_US_SHA2011,Out-of-pocket expenditure (OOP) per capita in US$,numeric,WPR,Western Pacific,Country,TUV,Tuvalu,Year,2003,false,,,,,,,,,,,,,3.44,,,,,,3.44,,,EN,2025-12-04T23:00:00.000Z
GHED_OOP_pc_US_SHA2011,Out-of-pocket expenditure (OOP) per capita in US$,numeric,EMR,Eastern Mediterranean,Country,OMN,Oman,Year,2003,false,,,,,,,,,,,,,30.71,,,,,,30.71,,,EN,2025-12-04T23:00:00.000Z
GHED_OOP_pc_US_SHA2011,Out-of-pocket expenditure (OOP) per capita in US$,numeric,EMR,Eastern Mediterranean,Country,SYR,Syrian Arab Republic,Year,2003,false,,,,,,,,,,,,,30.87,,,,,,30.87,,,EN,2025-12-04T23:00:00.000Z
GHED_OOP_pc_US_SHA2011,Out-of-pocket expenditure (OOP) per capita in US$,numeric,EUR,Europe,Country,AND,Andorra,Year,2003,false,,,,,,,,,,,,,303.4,,,,,,303.43,,,EN,2025-12-04T23:00:00.000Z
GHED_OOP_pc_US_SHA2011,Out-of-pocket expenditure (OOP) per capita in US$,numeric,AMR,Americas,Country,BHS,Bahamas,Year,2003,false,,,,,,,,,,,,,304.3,,,,,,304.30,,,EN,2025-12-04T23:00:00.000Z
GHED_OOP_pc_US_SHA2011,Out-of-pocket expenditure (OOP) per capita in US$,numeric,WPR,Western Pacific,Country,KOR,Republic of Korea,Year,2003,false,,,,,,,,,,,,,309.7,,,,,,309.74,,,EN,2025-12-04T23:00:00.000Z
GHED_OOP_pc_US_SHA2011,Out-of-pocket expenditure (OOP) per capita in US$,numeric,EUR,Europe,Country,NLD,Netherlands (Kingdom of the),Year,2003,false,,,,,,,,,,,,,311.6,,,,,,311.63,,,EN,2025-12-04T23:00:00.000Z
GHED_OOP_pc_US_SHA2011,Out-of-pocket expenditure (OOP) per capita in US$,numeric,EUR,Europe,Country,MLT,Malta,Year,2003,false,,,,,,,,,,,,,312.2,,,,,,312.22,,,EN,2025-12-04T23:00:00.000Z
GHED_OOP_pc_US_SHA2011,Out-of-pocket expenditure (OOP) per capita in US$,numeric,EUR,Europe,Country,KAZ,Kazakhstan,Year,2003,false,,,,,,,,,,,,,32.48,,,,,,32.48,,,EN,2025-12-04T23:00:00.000Z
GHED_OOP_pc_US_SHA2011,Out-of-pocket expenditure (OOP) per capita in US$,numeric,EMR,Eastern Mediterranean,Country,EGY,Egypt,Year,2003,false,,,,,,,,,,,,,32.93,,,,,,32.93,,,EN,2025-12-04T23:00:00.000Z
GHED_OOP_pc_US_SHA2011,Out-of-pocket expenditure (OOP) per capita in US$,numeric,AFR,Africa,Country,CIV,Cote d'Ivoire,Year,2003,false,,,,,,,,,,,,,33.33,,,,,,33.33,,,EN,2025-12-04T23:00:00.000Z
GHED_OOP_pc_US_SHA2011,Out-of-pocket expenditure (OOP) per capita in US$,numeric,WPR,Western Pacific,Country,COK,Cook Islands,Year,2003,false,,,,,,,,,,,,,34.23,,,,,,34.23,,,EN,2025-12-04T23:00:00.000Z
GHED_OOP_pc_US_SHA2011,Out-of-pocket expenditure (OOP) per capita in US$,numeric,WPR,Western Pacific,Country,CHN,China,Year,2003,false,,,,,,,,,,,,,34.33,,,,,,34.33,,,EN,2025-12-04T23:00:00.000Z
GHED_OOP_pc_US_SHA2011,Out-of-pocket expenditure (OOP) per capita in US$,numeric,EUR,Europe,Country,PRT,Portugal,Year,2003,false,,,,,,,,,,,,,341.9,,,,,,341.95,,,EN,2025-12-04T23:00:00.000Z
GHED_OOP_pc_US_SHA2011,Out-of-pocket expenditure (OOP) per capita in US$,numeric,AFR,Africa,Country,ZAF,South Africa,Year,2003,false,,,,,,,,,,,,,35.26,,,,,,35.26,,,EN,2025-12-04T23:00:00.000Z
GHED_OOP_pc_US_SHA2011,Out-of-pocket expenditure (OOP) per capita in US$,numeric,AMR,Americas,Country,PER,Peru,Year,2003,false,,,,,,,,,,,,,36.5,,,,,,36.50,,,EN,2025-12-04T23:00:00.000Z
GHED_OOP_pc_US_SHA2011,Out-of-pocket expenditure (OOP) per capita in US$,numeric,AMR,Americas,Country,HND,Honduras,Year,2003,false,,,,,,,,,,,,,38.49,,,,,,38.49,,,EN,2025-12-04T23:00:00.000Z
GHED_OOP_pc_US_SHA2011,Out-of-pocket expenditure (OOP) per capita in US$,numeric,AMR,Americas,Country,PRY,Paraguay,Year,2003,false,,,,,,,,,,,,,38.71,,,,,,38.71,,,EN,2025-12-04T23:00:00.000Z
GHED_OOP_pc_US_SHA2011,Out-of-pocket expenditure (OOP) per capita in US$,numeric,EUR,Europe,Country,ESP,Spain,Year,2003,false,,,,,,,,,,,,,381.5,,,,,,381.48,,,EN,2025-12-04T23:00:00.000Z
GHED_OOP_pc_US_SHA2011,Out-of-pocket expenditure (OOP) per capita in US$,numeric,EUR,Europe,Country,IRL,Ireland,Year,2003,false,,,,,,,,,,,,,382.7,,,,,,382.74,,,EN,2025-12-04T23:00:00.000Z
GHED_OOP_pc_US_SHA2011,Out-of-pocket expenditure (OOP) per capita in US$,numeric,EUR,Europe,Country,DEU,Germany,Year,2003,false,,,,,,,,,,,,,385,,,,,,385.01,,,EN,2025-12-04T23:00:00.000Z
GHED_OOP_pc_US_SHA2011,Out-of-pocket expenditure (OOP) per capita in US$,numeric,AMR,Americas,Country,CAN,Canada,Year,2003,false,,,,,,,,,,,,,386.6,,,,,,386.60,,,EN,2025-12-04T23:00:00.000Z
GHED_OOP_pc_US_SHA2011,Out-of-pocket expenditure (OOP) per capita in US$,numeric,AMR,Americas,Country,SUR,Suriname,Year,2003,false,,,,,,,,,,,,,39.3,,,,,,39.30,,,EN,2025-12-04T23:00:00.000Z
GHED_OOP_pc_US_SHA2011,Out-of-pocket expenditure (OOP) per capita in US$,numeric,EUR,Europe,Country,ISR,Israel,Year,2003,false,,,,,,,,,,,,,396.3,,,,,,396.27,,,EN,2025-12-04T23:00:00.000Z
GHED_OOP_pc_US_SHA2011,Out-of-pocket expenditure (OOP) per capita in US$,numeric,AFR,Africa,Country,COD,Democratic Republic of the Congo,Year,2003,false,,,,,,,,,,,,,4.1,,,,,,4.10,,,EN,2025-12-04T23:00:00.000Z
GHED_OOP_pc_US_SHA2011,Out-of-pocket expenditure (OOP) per capita in US$,numeric,WPR,Western Pacific,Country,MHL,Marshall Islands,Year,2003,false,,,,,,,,,,,,,4.91,,,,,,4.91,,,EN,2025-12-04T23:00:00.000Z
GHED_OOP_pc_US_SHA2011,Out-of-pocket expenditure (OOP) per capita in US$,numeric,WPR,Western Pacific,Country,SGP,Singapore,Year,2003,false,,,,,,,,,,,,,412.4,,,,,,412.43,,,EN,2025-12-04T23:00:00.000Z
GHED_OOP_pc_US_SHA2011,Out-of-pocket expenditure (OOP) per capita in US$,numeric,EUR,Europe,Country,SVK,Slovakia,Year,2003,false,,,,,,,,,,,,,42.07,,,,,,42.07,,,EN,2025-12-04T23:00:00.000Z
GHED_OOP_pc_US_SHA2011,Out-of-pocket expenditure (OOP) per capita in US$,numeric,WPR,Western Pacific,Country,AUS,Australia,Year,2003,false,,,,,,,,,,,,,426.4,,,,,,426.44,,,EN,2025-12-04T23:00:00.000Z
GHED_OOP_pc_US_SHA2011,Out-of-pocket expenditure (OOP) per capita in US$,numeric,EMR,Eastern Mediterranean,Country,MAR,Morocco,Year,2003,false,,,,,,,,,,,,,43.7,,,,,,43.70,,,EN,2025-12-04T23:00:00.000Z
GHED_OOP_pc_US_SHA2011,Out-of-pocket expenditure (OOP) per capita in US$,numeric,EUR,Europe,Country,TUR,Türkiye,Year,2003,false,,,,,,,,,,,,,44.02,,,,,,44.02,,,EN,2025-12-04T23:00:00.000Z
GHED_OOP_pc_US_SHA2011,Out-of-pocket expenditure (OOP) per capita in US$,numeric,EMR,Eastern Mediterranean,Country,PSE,"occupied Palestinian territory, including east Jerusalem",Year,2003,false,,,,,,,,,,,,,44.98,,,,,,44.98,,,EN,2025-12-04T23:00:00.000Z
GHED_OOP_pc_US_SHA2011,Out-of-pocket expenditure (OOP) per capita in US$,numeric,WPR,Western Pacific,Country,JPN,Japan,Year,2003,false,,,,,,,,,,,,,447.5,,,,,,447.54,,,EN,2025-12-04T23:00:00.000Z
GHED_OOP_pc_US_SHA2011,Out-of-pocket expenditure (OOP) per capita in US$,numeric,EUR,Europe,Country,GBR,United Kingdom of Great Britain and Northern Ireland,Year,2003,false,,,,,,,,,,,,,448.1,,,,,,448.07,,,EN,2025-12-04T23:00:00.000Z
GHED_OOP_pc_US_SHA2011,Out-of-pocket expenditure (OOP) per capita in US$,numeric,AMR,Americas,Country,CUB,Cuba,Year,2003,false,,,,,,,,,,,,,46.24,,,,,,46.24,,,EN,2025-12-04T23:00:00.000Z
GHED_OOP_pc_US_SHA2011,Out-of-pocket expenditure (OOP) per capita in US$,numeric,AFR,Africa,Country,COM,Comoros,Year,2003,false,,,,,,,,,,,,,46.74,,,,,,46.74,,,EN,2025-12-04T23:00:00.000Z
GHED_OOP_pc_US_SHA2011,Out-of-pocket expenditure (OOP) per capita in US$,numeric,WPR,Western Pacific,Country,MYS,Malaysia,Year,2003,false,,,,,,,,,,,,,49.06,,,,,,49.06,,,EN,2025-12-04T23:00:00.000Z
GHED_OOP_pc_US_SHA2011,Out-of-pocket expenditure (OOP) per capita in US$,numeric,WPR,Western Pacific,Country,VUT,Vanuatu,Year,2003,false,,,,,,,,,,,,,5.29,,,,,,5.29,,,EN,2025-12-04T23:00:00.000Z
GHED_OOP_pc_US_SHA2011,Out-of-pocket expenditure (OOP) per capita in US$,numeric,SEAR,South-East Asia,Country,MMR,Myanmar,Year,2003,false,,,,,,,,,,,,,5.47,,,,,,5.47,,,EN,2025-12-04T23:00:00.000Z
GHED_OOP_pc_US_SHA2011,Out-of-pocket expenditure (OOP) per capita in US$,numeric,AFR,Africa,Country,CAF,Central African Republic,Year,2003,false,,,,,,,,,,,,,5.96,,,,,,5.96,,,EN,2025-12-04T23:00:00.000Z
GHED_OOP_pc_US_SHA2011,Out-of-pocket expenditure (OOP) per capita in US$,numeric,SEAR,South-East Asia,Country,NPL,Nepal,Year,2003,false,,,,,,,,,,,,,5.96,,,,,,5.96,,,EN,2025-12-04T23:00:00.000Z
GHED_OOP_pc_US_SHA2011,Out-of-pocket expenditure (OOP) per capita in US$,numeric,EUR,Europe,Country,ARM,Armenia,Year,2003,false,,,,,,,,,,,,,50.68,,,,,,50.68,,,EN,2025-12-04T23:00:00.000Z
GHED_OOP_pc_US_SHA2011,Out-of-pocket expenditure (OOP) per capita in US$,numeric,EUR,Europe,Country,SWE,Sweden,Year,2003,false,,,,,,,,,,,,,500.4,,,,,,500.39,,,EN,2025-12-04T23:00:00.000Z
GHED_OOP_pc_US_SHA2011,Out-of-pocket expenditure (OOP) per capita in US$,numeric,EUR,Europe,Country,ITA,Italy,Year,2003,false,,,,,,,,,,,,,512.5,,,,,,512.55,,,EN,2025-12-04T23:00:00.000Z
GHED_OOP_pc_US_SHA2011,Out-of-pocket expenditure (OOP) per capita in US$,numeric,EUR,Europe,Country,ALB,Albania,Year,2003,false,,,,,,,,,,,,,52.63,,,,,,52.63,,,EN,2025-12-04T23:00:00.000Z
GHED_OOP_pc_US_SHA2011,Out-of-pocket expenditure (OOP) per capita in US$,numeric,EUR,Europe,Country,DNK,Denmark,Year,2003,false,,,,,,,,,,,,,524.4,,,,,,524.39,,,EN,2025-12-04T23:00:00.000Z
GHED_OOP_pc_US_SHA2011,Out-of-pocket expenditure (OOP) per capita in US$,numeric,AFR,Africa,Country,SYC,Seychelles,Year,2003,false,,,,,,,,,,,,,53.97,,,,,,53.97,,,EN,2025-12-04T23:00:00.000Z
GHED_OOP_pc_US_SHA2011,Out-of-pocket expenditure (OOP) per capita in US$,numeric,EUR,Europe,Country,FIN,Finland,Year,2003,false,,,,,,,,,,,,,531.6,,,,,,531.58,,,EN,2025-12-04T23:00:00.000Z
GHED_OOP_pc_US_SHA2011,Out-of-pocket expenditure (OOP) per capita in US$,numeric,AMR,Americas,Country,VCT,Saint Vincent and the Grenadines,Year,2003,false,,,,,,,,,,,,,54.22,,,,,,54.22,,,EN,2025-12-04T23:00:00.000Z
GHED_OOP_pc_US_SHA2011,Out-of-pocket expenditure (OOP) per capita in US$,numeric,EUR,Europe,Country,RUS,Russian Federation,Year,2003,false,,,,,,,,,,,,,54.35,,,,,,54.35,,,EN,2025-12-04T23:00:00.000Z
GHED_OOP_pc_US_SHA2011,Out-of-pocket expenditure (OOP) per capita in US$,numeric,EUR,Europe,Country,BIH,Bosnia and Herzegovina,Year,2003,false,,,,,,,,,,,,,54.82,,,,,,54.82,,,EN,2025-12-04T23:00:00.000Z
GHED_OOP_pc_US_SHA2011,Out-of-pocket expenditure (OOP) per capita in US$,numeric,EUR,Europe,Country,CYP,Cyprus,Year,2003,false,,,,,,,,,,,,,545.7,,,,,,545.67,,,EN,2025-12-04T23:00:00.000Z
GHED_OOP_pc_US_SHA2011,Out-of-pocket expenditure (OOP) per capita in US$,numeric,EUR,Europe,Country,SRB,Serbia,Year,2003,false,,,,,,,,,,,,,57.47,,,,,,57.47,,,EN,2025-12-04T23:00:00.000Z
GHED_OOP_pc_US_SHA2011,Out-of-pocket expenditure (OOP) per capita in US$,numeric,EUR,Europe,Country,BEL,Belgium,Year,2003,false,,,,,,,,,,,,,591.5,,,,,,591.54,,,EN,2025-12-04T23:00:00.000Z
GHED_OOP_pc_US_SHA2011,Out-of-pocket expenditure (OOP) per capita in US$,numeric,EUR,Europe,Country,GRC,Greece,Year,2003,false,,,,,,,,,,,,,593.7,,,,,,593.66,,,EN,2025-12-04T23:00:00.000Z
GHED_OOP_pc_US_SHA2011,Out-of-pocket expenditure (OOP) per capita in US$,numeric,EUR,Europe,Country,SMR,San Marino,Year,2003,false,,,,,,,,,,,,,595.6,,,,,,595.64,,,EN,2025-12-04T23:00:00.000Z
GHED_OOP_pc_US_SHA2011,Out-of-pocket expenditure (OOP) per capita in US$,numeric,AFR,Africa,Country,MDG,Madagascar,Year,2003,false,,,,,,,,,,,,,6.09,,,,,,6.09,,,EN,2025-12-04T23:00:00.000Z
GHED_OOP_pc_US_SHA2011,Out-of-pocket expenditure (OOP) per capita in US$,numeric,SEAR,South-East Asia,Country,TLS,Timor-Leste,Year,2003,false,,,,,,,,,,,,,6.22,,,,,,6.22,,,EN,2025-12-04T23:00:00.000Z
GHED_OOP_pc_US_SHA2011,Out-of-pocket expenditure (OOP) per capita in US$,numeric,SEAR,South-East Asia,Country,BGD,Bangladesh,Year,2003,false,,,,,,,,,,,,,6.29,,,,,,6.29,,,EN,2025-12-04T23:00:00.000Z
GHED_OOP_pc_US_SHA2011,Out-of-pocket expenditure (OOP) per capita in US$,numeric,AFR,Africa,Country,UGA,Uganda,Year,2003,false,,,,,,,,,,,,,6.46,,,,,,6.46,,,EN,2025-12-04T23:00:00.000Z
GHED_OOP_pc_US_SHA2011,Out-of-pocket expenditure (OOP) per capita in US$,numeric,WPR,Western Pacific,Country,MNG,Mongolia,Year,2003,false,,,,,,,,,,,,,6.5,,,,,,6.50,,,EN,2025-12-04T23:00:00.000Z
GHED_OOP_pc_US_SHA2011,Out-of-pocket expenditure (OOP) per capita in US$,numeric,AFR,Africa,Country,GHA,Ghana,Year,2003,false,,,,,,,,,,,,,6.83,,,,,,6.83,,,EN,2025-12-04T23:00:00.000Z
GHED_OOP_pc_US_SHA2011,Out-of-pocket expenditure (OOP) per capita in US$,numeric,AMR,Americas,Country,BLZ,Belize,Year,2003,false,,,,,,,,,,,,,60.14,,,,,,60.14,,,EN,2025-12-04T23:00:00.000Z
GHED_OOP_pc_US_SHA2011,Out-of-pocket expenditure (OOP) per capita in US$,numeric,EMR,Eastern Mediterranean,Country,TUN,Tunisia,Year,2003,false,,,,,,,,,,,,,60.91,,,,,,60.91,,,EN,2025-12-04T23:00:00.000Z
GHED_OOP_pc_US_SHA2011,Out-of-pocket expenditure (OOP) per capita in US$,numeric,EUR,Europe,Country,AUT,Austria,Year,2003,false,,,,,,,,,,,,,610.6,,,,,,610.58,,,EN,2025-12-04T23:00:00.000Z
GHED_OOP_pc_US_SHA2011,Out-of-pocket expenditure (OOP) per capita in US$,numeric,EUR,Europe,Country,LUX,Luxembourg,Year,2003,false,,,,,,,,,,,,,610.7,,,,,,610.72,,,EN,2025-12-04T23:00:00.000Z
GHED_OOP_pc_US_SHA2011,Out-of-pocket expenditure (OOP) per capita in US$,numeric,EMR,Eastern Mediterranean,Country,IRN,Iran (Islamic Republic of),Year,2003,false,,,,,,,,,,,,,62.46,,,,,,62.46,,,EN,2025-12-04T23:00:00.000Z
GHED_OOP_pc_US_SHA2011,Out-of-pocket expenditure (OOP) per capita in US$,numeric,EUR,Europe,Country,GEO,Georgia,Year,2003,false,,,,,,,,,,,,,63.88,,,,,,63.88,,,EN,2025-12-04T23:00:00.000Z
GHED_OOP_pc_US_SHA2011,Out-of-pocket expenditure (OOP) per capita in US$,numeric,EMR,Eastern Mediterranean,Country,LBY,Libya,Year,2003,false,,,,,,,,,,,,,64.04,,,,,,64.04,,,EN,2025-12-04T23:00:00.000Z
GHED_OOP_pc_US_SHA2011,Out-of-pocket expenditure (OOP) per capita in US$,numeric,AMR,Americas,Country,DOM,Dominican Republic,Year,2003,false,,,,,,,,,,,,,64.49,,,,,,64.49,,,EN,2025-12-04T23:00:00.000Z
GHED_OOP_pc_US_SHA2011,Out-of-pocket expenditure (OOP) per capita in US$,numeric,AFR,Africa,Country,GNQ,Equatorial Guinea,Year,2003,false,,,,,,,,,,,,,65.87,,,,,,65.87,,,EN,2025-12-04T23:00:00.000Z
GHED_OOP_pc_US_SHA2011,Out-of-pocket expenditure (OOP) per capita in US$,numeric,EUR,Europe,Country,CZE,Czechia,Year,2003,false,,,,,,,,,,,,,66.42,,,,,,66.42,,,EN,2025-12-04T23:00:00.000Z
GHED_OOP_pc_US_SHA2011,Out-of-pocket expenditure (OOP) per capita in US$,numeric,EUR,Europe,Country,ISL,Iceland,Year,2003,false,,,,,,,,,,,,,667.6,,,,,,667.63,,,EN,2025-12-04T23:00:00.000Z
GHED_OOP_pc_US_SHA2011,Out-of-pocket expenditure (OOP) per capita in US$,numeric,EMR,Eastern Mediterranean,Country,JOR,Jordan,Year,2003,false,,,,,,,,,,,,,68.04,,,,,,68.04,,,EN,2025-12-04T23:00:00.000Z
GHED_OOP_pc_US_SHA2011,Out-of-pocket expenditure (OOP) per capita in US$,numeric,AMR,Americas,Country,GTM,Guatemala,Year,2003,false,,,,,,,,,,,,,69.87,,,,,,69.87,,,EN,2025-12-04T23:00:00.000Z
GHED_OOP_pc_US_SHA2011,Out-of-pocket expenditure (OOP) per capita in US$,numeric,SEAR,South-East Asia,Country,BTN,Bhutan,Year,2003,false,,,,,,,,,,,,,7.06,,,,,,7.06,,,EN,2025-12-04T23:00:00.000Z
GHED_OOP_pc_US_SHA2011,Out-of-pocket expenditure (OOP) per capita in US$,numeric,WPR,Western Pacific,Country,NIU,Niue,Year,2003,false,,,,,,,,,,,,,7.13,,,,,,7.13,,,EN,2025-12-04T23:00:00.000Z
GHED_OOP_pc_US_SHA2011,Out-of-pocket expenditure (OOP) per capita in US$,numeric,AFR,Africa,Country,ZMB,Zambia,Year,2003,false,,,,,,,,,,,,,7.6,,,,,,7.60,,,EN,2025-12-04T23:00:00.000Z
GHED_OOP_pc_US_SHA2011,Out-of-pocket expenditure (OOP) per capita in US$,numeric,AFR,Africa,Country,NER,Niger,Year,2003,false,,,,,,,,,,,,,7.67,,,,,,7.67,,,EN,2025-12-04T23:00:00.000Z
GHED_OOP_pc_US_SHA2011,Out-of-pocket expenditure (OOP) per capita in US$,numeric,AFR,Africa,Country,ERI,Eritrea,Year,2003,false,,,,,,,,,,,,,7.71,,,,,,7.71,,,EN,2025-12-04T23:00:00.000Z
GHED_OOP_pc_US_SHA2011,Out-of-pocket expenditure (OOP) per capita in US$,numeric,AFR,Africa,Country,MUS,Mauritius,Year,2003,false,,,,,,,,,,,,,71.47,,,,,,71.47,,,EN,2025-12-04T23:00:00.000Z
GHED_OOP_pc_US_SHA2011,Out-of-pocket expenditure (OOP) per capita in US$,numeric,AMR,Americas,Country,ARG,Argentina,Year,2003,false,,,,,,,,,,,,,73.45,,,,,,73.45,,,EN,2025-12-04T23:00:00.000Z
GHED_OOP_pc_US_SHA2011,Out-of-pocket expenditure (OOP) per capita in US$,numeric,EUR,Europe,Country,BGR,Bulgaria,Year,2003,false,,,,,,,,,,,,,74.5,,,,,,74.50,,,EN,2025-12-04T23:00:00.000Z
GHED_OOP_pc_US_SHA2011,Out-of-pocket expenditure (OOP) per capita in US$,numeric,EUR,Europe,Country,NOR,Norway,Year,2003,false,,,,,,,,,,,,,769,,,,,,768.95,,,EN,2025-12-04T23:00:00.000Z
GHED_OOP_pc_US_SHA2011,Out-of-pocket expenditure (OOP) per capita in US$,numeric,EUR,Europe,Country,EST,Estonia,Year,2003,false,,,,,,,,,,,,,77.84,,,,,,77.84,,,EN,2025-12-04T23:00:00.000Z
GHED_OOP_pc_US_SHA2011,Out-of-pocket expenditure (OOP) per capita in US$,numeric,AMR,Americas,Country,SLV,El Salvador,Year,2003,false,,,,,,,,,,,,,78.41,,,,,,78.41,,,EN,2025-12-04T23:00:00.000Z
GHED_OOP_pc_US_SHA2011,Out-of-pocket expenditure (OOP) per capita in US$,numeric,AMR,Americas,Country,JAM,Jamaica,Year,2003,false,,,,,,,,,,,,,79.2,,,,,,79.20,,,EN,2025-12-04T23:00:00.000Z
GHED_OOP_pc_US_SHA2011,Out-of-pocket expenditure (OOP) per capita in US$,numeric,EUR,Europe,Country,TJK,Tajikistan,Year,2003,false,,,,,,,,,,,,,8.05,,,,,,8.05,,,EN,2025-12-04T23:00:00.000Z
GHED_OOP_pc_US_SHA2011,Out-of-pocket expenditure (OOP) per capita in US$,numeric,AFR,Africa,Country,TZA,United Republic of Tanzania,Year,2003,false,,,,,,,,,,,,,8.16,,,,,,8.16,,,EN,2025-12-04T23:00:00.000Z
GHED_OOP_pc_US_SHA2011,Out-of-pocket expenditure (OOP) per capita in US$,numeric,AFR,Africa,Country,BFA,Burkina Faso,Year,2003,false,,,,,,,,,,,,,8.44,,,,,,8.44,,,EN,2025-12-04T23:00:00.000Z
GHED_OOP_pc_US_SHA2011,Out-of-pocket expenditure (OOP) per capita in US$,numeric,AFR,Africa,Country,GNB,Guinea-Bissau,Year,2003,false,,,,,,,,,,,,,8.46,,,,,,8.46,,,EN,2025-12-04T23:00:00.000Z
GHED_OOP_pc_US_SHA2011,Out-of-pocket expenditure (OOP) per capita in US$,numeric,AFR,Africa,Country,TCD,Chad,Year,2003,false,,,,,,,,,,,,,8.54,,,,,,8.54,,,EN,2025-12-04T23:00:00.000Z
GHED_OOP_pc_US_SHA2011,Out-of-pocket expenditure (OOP) per capita in US$,numeric,WPR,Western Pacific,Country,VNM,Viet Nam,Year,2003,false,,,,,,,,,,,,,8.6,,,,,,8.60,,,EN,2025-12-04T23:00:00.000Z
GHED_OOP_pc_US_SHA2011,Out-of-pocket expenditure (OOP) per capita in US$,numeric,EMR,Eastern Mediterranean,Country,PAK,Pakistan,Year,2003,false,,,,,,,,,,,,,8.68,,,,,,8.68,,,EN,2025-12-04T23:00:00.000Z
GHED_OOP_pc_US_SHA2011,Out-of-pocket expenditure (OOP) per capita in US$,numeric,WPR,Western Pacific,Country,TON,Tonga,Year,2003,false,,,,,,,,,,,,,8.7,,,,,,8.70,,,EN,2025-12-04T23:00:00.000Z
GHED_OOP_pc_US_SHA2011,Out-of-pocket expenditure (OOP) per capita in US$,numeric,AMR,Americas,Country,HTI,Haiti,Year,2003,false,,,,,,,,,,,,,8.94,,,,,,8.94,,,EN,2025-12-04T23:00:00.000Z
GHED_OOP_pc_US_SHA2011,Out-of-pocket expenditure (OOP) per capita in US$,numeric,AMR,Americas,Country,ECU,Ecuador,Year,2003,false,,,,,,,,,,,,,81.89,,,,,,81.89,,,EN,2025-12-04T23:00:00.000Z
GHED_OOP_pc_US_SHA2011,Out-of-pocket expenditure (OOP) per capita in US$,numeric,AMR,Americas,Country,URY,Uruguay,Year,2003,false,,,,,,,,,,,,,81.92,,,,,,81.92,,,EN,2025-12-04T23:00:00.000Z
GHED_OOP_pc_US_SHA2011,Out-of-pocket expenditure (OOP) per capita in US$,numeric,EUR,Europe,Country,LTU,Lithuania,Year,2003,false,,,,,,,,,,,,,81.94,,,,,,81.94,,,EN,2025-12-04T23:00:00.000Z
GHED_OOP_pc_US_SHA2011,Out-of-pocket expenditure (OOP) per capita in US$,numeric,AMR,Americas,Country,USA,United States of America,Year,2003,false,,,,,,,,,,,,,811.1,,,,,,811.12,,,EN,2025-12-04T23:00:00.000Z
GHED_OOP_pc_US_SHA2011,Out-of-pocket expenditure (OOP) per capita in US$,numeric,EMR,Eastern Mediterranean,Country,SAU,Saudi Arabia,Year,2003,false,,,,,,,,,,,,,82.04,,,,,,82.04,,,EN,2025-12-04T23:00:00.000Z
GHED_OOP_pc_US_SHA2011,Out-of-pocket expenditure (OOP) per capita in US$,numeric,AFR,Africa,Country,GAB,Gabon,Year,2003,false,,,,,,,,,,,,,83.51,,,,,,83.51,,,EN,2025-12-04T23:00:00.000Z
GHED_OOP_pc_US_SHA2011,Out-of-pocket expenditure (OOP) per capita in US$,numeric,EUR,Europe,Country,HRV,Croatia,Year,2003,false,,,,,,,,,,,,,85.21,,,,,,85.21,,,EN,2025-12-04T23:00:00.000Z
GHED_OOP_pc_US_SHA2011,Out-of-pocket expenditure (OOP) per capita in US$,numeric,AMR,Americas,Country,CRI,Costa Rica,Year,2003,false,,,,,,,,,,,,,89.47,,,,,,89.47,,,EN,2025-12-04T23:00:00.000Z
GHED_OOP_pc_US_SHA2011,Out-of-pocket expenditure (OOP) per capita in US$,numeric,AMR,Americas,Country,BRA,Brazil,Year,2003,false,,,,,,,,,,,,,89.78,,,,,,89.78,,,EN,2025-12-04T23:00:00.000Z
GHED_OOP_pc_US_SHA2011,Out-of-pocket expenditure (OOP) per capita in US$,numeric,WPR,Western Pacific,Country,LAO,Lao People's Democratic Republic,Year,2003,false,,,,,,,,,,,,,9.63,,,,,,9.63,,,EN,2025-12-04T23:00:00.000Z
GHED_OOP_pc_US_SHA2011,Out-of-pocket expenditure (OOP) per capita in US$,numeric,WPR,Western Pacific,Country,BRN,Brunei Darussalam,Year,2003,false,,,,,,,,,,,,,93.02,,,,,,93.02,,,EN,2025-12-04T23:00:00.000Z
GHED_OOP_pc_US_SHA2011,Out-of-pocket expenditure (OOP) per capita in US$,numeric,EUR,Europe,Country,POL,Poland,Year,2003,false,,,,,,,,,,,,,93.59,,,,,,93.59,,,EN,2025-12-04T23:00:00.000Z
GHED_OOP_pc_US_SHA2011,Out-of-pocket expenditure (OOP) per capita in US$,numeric,EUR,Europe,Country,MKD,North Macedonia,Year,2003,false,,,,,,,,,,,,,93.84,,,,,,93.84,,,EN,2025-12-04T23:00:00.000Z
GHED_OOP_pc_US_SHA2011,Out-of-pocket expenditure (OOP) per capita in US$,numeric,AMR,Americas,Country,DMA,Dominica,Year,2003,false,,,,,,,,,,,,,97.31,,,,,,97.31,,,EN,2025-12-04T23:00:00.000Z
GHED_OOP_pc_US_SHA2011,Out-of-pocket expenditure (OOP) per capita in US$,numeric,WPR,Western Pacific,Country,KIR,Kiribati,Year,2002,false,,,,,,,,,,,,,0.1,,,,,,0.10,,,EN,2025-12-04T23:00:00.000Z
GHED_OOP_pc_US_SHA2011,Out-of-pocket expenditure (OOP) per capita in US$,numeric,AFR,Africa,Country,MWI,Malawi,Year,2002,false,,,,,,,,,,,,,1.67,,,,,,1.67,,,EN,2025-12-04T23:00:00.000Z
GHED_OOP_pc_US_SHA2011,Out-of-pocket expenditure (OOP) per capita in US$,numeric,WPR,Western Pacific,Country,PNG,Papua New Guinea,Year,2002,false,,,,,,,,,,,,,1.8,,,,,,1.80,,,EN,2025-12-04T23:00:00.000Z
GHED_OOP_pc_US_SHA2011,Out-of-pocket expenditure (OOP) per capita in US$,numeric,AFR,Africa,Country,ETH,Ethiopia,Year,2002,false,,,,,,,,,,,,,1.93,,,,,,1.93,,,EN,2025-12-04T23:00:00.000Z
GHED_OOP_pc_US_SHA2011,Out-of-pocket expenditure (OOP) per capita in US$,numeric,WPR,Western Pacific,Country,SLB,Solomon Islands,Year,2002,false,,,,,,,,,,,,,1.98,,,,,,1.98,,,EN,2025-12-04T23:00:00.000Z
GHED_OOP_pc_US_SHA2011,Out-of-pocket expenditure (OOP) per capita in US$,numeric,EMR,Eastern Mediterranean,Country,SDN,Sudan,Year,2002,false,,,,,,,,,,,,,10.26,,,,,,10.26,,,EN,2025-12-04T23:00:00.000Z
GHED_OOP_pc_US_SHA2011,Out-of-pocket expenditure (OOP) per capita in US$,numeric,AFR,Africa,Country,COG,Congo,Year,2002,false,,,,,,,,,,,,,10.44,,,,,,10.44,,,EN,2025-12-04T23:00:00.000Z
GHED_OOP_pc_US_SHA2011,Out-of-pocket expenditure (OOP) per capita in US$,numeric,AMR,Americas,Country,HTI,Haiti,Year,2002,false,,,,,,,,,,,,,10.78,,,,,,10.78,,,EN,2025-12-04T23:00:00.000Z
GHED_OOP_pc_US_SHA2011,Out-of-pocket expenditure (OOP) per capita in US$,numeric,AMR,Americas,Country,PAN,Panama,Year,2002,false,,,,,,,,,,,,,100.6,,,,,,100.61,,,EN,2025-12-04T23:00:00.000Z
GHED_OOP_pc_US_SHA2011,Out-of-pocket expenditure (OOP) per capita in US$,numeric,WPR,Western Pacific,Country,NRU,Nauru,Year,2002,false,,,,,,,,,,,,,11.37,,,,,,11.37,,,EN,2025-12-04T23:00:00.000Z
GHED_OOP_pc_US_SHA2011,Out-of-pocket expenditure (OOP) per capita in US$,numeric,AFR,Africa,Country,NGA,Nigeria,Year,2002,false,,,,,,,,,,,,,11.41,,,,,,11.41,,,EN,2025-12-04T23:00:00.000Z
GHED_OOP_pc_US_SHA2011,Out-of-pocket expenditure (OOP) per capita in US$,numeric,EMR,Eastern Mediterranean,Country,YEM,Yemen,Year,2002,false,,,,,,,,,,,,,11.58,,,,,,11.58,,,EN,2025-12-04T23:00:00.000Z
GHED_OOP_pc_US_SHA2011,Out-of-pocket expenditure (OOP) per capita in US$,numeric,AFR,Africa,Country,TCD,Chad,Year,2002,false,,,,,,,,,,,,,11.66,,,,,,11.66,,,EN,2025-12-04T23:00:00.000Z
GHED_OOP_pc_US_SHA2011,Out-of-pocket expenditure (OOP) per capita in US$,numeric,AFR,Africa,Country,TGO,Togo,Year,2002,false,,,,,,,,,,,,,11.68,,,,,,11.68,,,EN,2025-12-04T23:00:00.000Z
GHED_OOP_pc_US_SHA2011,Out-of-pocket expenditure (OOP) per capita in US$,numeric,AFR,Africa,Country,NAM,Namibia,Year,2002,false,,,,,,,,,,,,,11.91,,,,,,11.91,,,EN,2025-12-04T23:00:00.000Z
GHED_OOP_pc_US_SHA2011,Out-of-pocket expenditure (OOP) per capita in US$,numeric,WPR,Western Pacific,Country,PLW,Palau,Year,2002,false,,,,,,,,,,,,,112.9,,,,,,112.86,,,EN,2025-12-04T23:00:00.000Z
GHED_OOP_pc_US_SHA2011,Out-of-pocket expenditure (OOP) per capita in US$,numeric,EUR,Europe,Country,LVA,Latvia,Year,2002,false,,,,,,,,,,,,,112.9,,,,,,112.91,,,EN,2025-12-04T23:00:00.000Z
GHED_OOP_pc_US_SHA2011,Out-of-pocket expenditure (OOP) per capita in US$,numeric,EUR,Europe,Country,SVN,Slovenia,Year,2002,false,,,,,,,,,,,,,118.6,,,,,,118.63,,,EN,2025-12-04T23:00:00.000Z
GHED_OOP_pc_US_SHA2011,Out-of-pocket expenditure (OOP) per capita in US$,numeric,AFR,Africa,Country,SWZ,Eswatini,Year,2002,false,,,,,,,,,,,,,12.61,,,,,,12.61,,,EN,2025-12-04T23:00:00.000Z
GHED_OOP_pc_US_SHA2011,Out-of-pocket expenditure (OOP) per capita in US$,numeric,WPR,Western Pacific,Country,PHL,Philippines,Year,2002,false,,,,,,,,,,,,,12.79,,,,,,12.79,,,EN,2025-12-04T23:00:00.000Z
GHED_OOP_pc_US_SHA2011,Out-of-pocket expenditure (OOP) per capita in US$,numeric,EUR,Europe,Country,CHE,Switzerland,Year,2002,false,,,,,,,,,,,,,1220,,,,,,1219.61,,,EN,2025-12-04T23:00:00.000Z
GHED_OOP_pc_US_SHA2011,Out-of-pocket expenditure (OOP) per capita in US$,numeric,EMR,Eastern Mediterranean,Country,KWT,Kuwait,Year,2002,false,,,,,,,,,,,,,124.6,,,,,,124.59,,,EN,2025-12-04T23:00:00.000Z
GHED_OOP_pc_US_SHA2011,Out-of-pocket expenditure (OOP) per capita in US$,numeric,EMR,Eastern Mediterranean,Country,BHR,Bahrain,Year,2002,false,,,,,,,,,,,,,126.5,,,,,,126.46,,,EN,2025-12-04T23:00:00.000Z
GHED_OOP_pc_US_SHA2011,Out-of-pocket expenditure (OOP) per capita in US$,numeric,AMR,Americas,Country,ATG,Antigua and Barbuda,Year,2002,false,,,,,,,,,,,,,127.1,,,,,,127.14,,,EN,2025-12-04T23:00:00.000Z
GHED_OOP_pc_US_SHA2011,Out-of-pocket expenditure (OOP) per capita in US$,numeric,SEAR,South-East Asia,Country,MDV,Maldives,Year,2002,false,,,,,,,,,,,,,129.4,,,,,,129.43,,,EN,2025-12-04T23:00:00.000Z
GHED_OOP_pc_US_SHA2011,Out-of-pocket expenditure (OOP) per capita in US$,numeric,EUR,Europe,Country,HUN,Hungary,Year,2002,false,,,,,,,,,,,,,130.2,,,,,,130.17,,,EN,2025-12-04T23:00:00.000Z
GHED_OOP_pc_US_SHA2011,Out-of-pocket expenditure (OOP) per capita in US$,numeric,AMR,Americas,Country,CHL,Chile,Year,2002,false,,,,,,,,,,,,,135.8,,,,,,135.75,,,EN,2025-12-04T23:00:00.000Z
GHED_OOP_pc_US_SHA2011,Out-of-pocket expenditure (OOP) per capita in US$,numeric,EMR,Eastern Mediterranean,Country,AFG,Afghanistan,Year,2002,false,,,,,,,,,,,,,14.26,,,,,,14.26,,,EN,2025-12-04T23:00:00.000Z
GHED_OOP_pc_US_SHA2011,Out-of-pocket expenditure (OOP) per capita in US$,numeric,AFR,Africa,Country,AGO,Angola,Year,2002,false,,,,,,,,,,,,,14.59,,,,,,14.59,,,EN,2025-12-04T23:00:00.000Z
GHED_OOP_pc_US_SHA2011,Out-of-pocket expenditure (OOP) per capita in US$,numeric,AFR,Africa,Country,SEN,Senegal,Year,2002,false,,,,,,,,,,,,,14.64,,,,,,14.64,,,EN,2025-12-04T23:00:00.000Z
GHED_OOP_pc_US_SHA2011,Out-of-pocket expenditure (OOP) per capita in US$,numeric,AMR,Americas,Country,BOL,Bolivia (Plurinational State of),Year,2002,false,,,,,,,,,,,,,14.75,,,,,,14.75,,,EN,2025-12-04T23:00:00.000Z
GHED_OOP_pc_US_SHA2011,Out-of-pocket expenditure (OOP) per capita in US$,numeric,WPR,Western Pacific,Country,KHM,Cambodia,Year,2002,false,,,,,,,,,,,,,14.76,,,,,,14.76,,,EN,2025-12-04T23:00:00.000Z
GHED_OOP_pc_US_SHA2011,Out-of-pocket expenditure (OOP) per capita in US$,numeric,AFR,Africa,Country,GIN,Guinea,Year,2002,false,,,,,,,,,,,,,14.76,,,,,,14.76,,,EN,2025-12-04T23:00:00.000Z
GHED_OOP_pc_US_SHA2011,Out-of-pocket expenditure (OOP) per capita in US$,numeric,SEAR,South-East Asia,Country,IND,India,Year,2002,false,,,,,,,,,,,,,14.79,,,,,,14.79,,,EN,2025-12-04T23:00:00.000Z
GHED_OOP_pc_US_SHA2011,Out-of-pocket expenditure (OOP) per capita in US$,numeric,EUR,Europe,Country,AZE,Azerbaijan,Year,2002,false,,,,,,,,,,,,,14.8,,,,,,14.80,,,EN,2025-12-04T23:00:00.000Z
GHED_OOP_pc_US_SHA2011,Out-of-pocket expenditure (OOP) per capita in US$,numeric,AFR,Africa,Country,DZA,Algeria,Year,2002,false,,,,,,,,,,,,,15.02,,,,,,15.02,,,EN,2025-12-04T23:00:00.000Z
GHED_OOP_pc_US_SHA2011,Out-of-pocket expenditure (OOP) per capita in US$,numeric,AMR,Americas,Country,COL,Colombia,Year,2002,false,,,,,,,,,,,,,15.19,,,,,,15.19,,,EN,2025-12-04T23:00:00.000Z
GHED_OOP_pc_US_SHA2011,Out-of-pocket expenditure (OOP) per capita in US$,numeric,EUR,Europe,Country,UZB,Uzbekistan,Year,2002,false,,,,,,,,,,,,,15.21,,,,,,15.21,,,EN,2025-12-04T23:00:00.000Z
GHED_OOP_pc_US_SHA2011,Out-of-pocket expenditure (OOP) per capita in US$,numeric,EUR,Europe,Country,MDA,Republic of Moldova,Year,2002,false,,,,,,,,,,,,,15.78,,,,,,15.78,,,EN,2025-12-04T23:00:00.000Z
GHED_OOP_pc_US_SHA2011,Out-of-pocket expenditure (OOP) per capita in US$,numeric,AMR,Americas,Country,GRD,Grenada,Year,2002,false,,,,,,,,,,,,,157,,,,,,156.96,,,EN,2025-12-04T23:00:00.000Z
GHED_OOP_pc_US_SHA2011,Out-of-pocket expenditure (OOP) per capita in US$,numeric,EMR,Eastern Mediterranean,Country,DJI,Djibouti,Year,2002,false,,,,,,,,,,,,,16.16,,,,,,16.16,,,EN,2025-12-04T23:00:00.000Z
GHED_OOP_pc_US_SHA2011,Out-of-pocket expenditure (OOP) per capita in US$,numeric,AFR,Africa,Country,CPV,Cabo Verde,Year,2002,false,,,,,,,,,,,,,16.26,,,,,,16.26,,,EN,2025-12-04T23:00:00.000Z
GHED_OOP_pc_US_SHA2011,Out-of-pocket expenditure (OOP) per capita in US$,numeric,AFR,Africa,Country,SLE,Sierra Leone,Year,2002,false,,,,,,,,,,,,,16.27,,,,,,16.27,,,EN,2025-12-04T23:00:00.000Z
GHED_OOP_pc_US_SHA2011,Out-of-pocket expenditure (OOP) per capita in US$,numeric,SEAR,South-East Asia,Country,LKA,Sri Lanka,Year,2002,false,,,,,,,,,,,,,16.68,,,,,,16.68,,,EN,2025-12-04T23:00:00.000Z
GHED_OOP_pc_US_SHA2011,Out-of-pocket expenditure (OOP) per capita in US$,numeric,AMR,Americas,Country,TTO,Trinidad and Tobago,Year,2002,false,,,,,,,,,,,,,169.6,,,,,,169.60,,,EN,2025-12-04T23:00:00.000Z
GHED_OOP_pc_US_SHA2011,Out-of-pocket expenditure (OOP) per capita in US$,numeric,EUR,Europe,Country,ROU,Romania,Year,2002,false,,,,,,,,,,,,,17.22,,,,,,17.22,,,EN,2025-12-04T23:00:00.000Z
GHED_OOP_pc_US_SHA2011,Out-of-pocket expenditure (OOP) per capita in US$,numeric,AMR,Americas,Country,LCA,Saint Lucia,Year,2002,false,,,,,,,,,,,,,170.6,,,,,,170.60,,,EN,2025-12-04T23:00:00.000Z
GHED_OOP_pc_US_SHA2011,Out-of-pocket expenditure (OOP) per capita in US$,numeric,EUR,Europe,Country,FRA,France,Year,2002,false,,,,,,,,,,,,,174.9,,,,,,174.86,,,EN,2025-12-04T23:00:00.000Z
GHED_OOP_pc_US_SHA2011,Out-of-pocket expenditure (OOP) per capita in US$,numeric,AFR,Africa,Country,BWA,Botswana,Year,2002,false,,,,,,,,,,,,,18.02,,,,,,18.02,,,EN,2025-12-04T23:00:00.000Z
GHED_OOP_pc_US_SHA2011,Out-of-pocket expenditure (OOP) per capita in US$,numeric,AFR,Africa,Country,MRT,Mauritania,Year,2002,false,,,,,,,,,,,,,18.18,,,,,,18.18,,,EN,2025-12-04T23:00:00.000Z
GHED_OOP_pc_US_SHA2011,Out-of-pocket expenditure (OOP) per capita in US$,numeric,EMR,Eastern Mediterranean,Country,QAT,Qatar,Year,2002,false,,,,,,,,,,,,,184,,,,,,184.02,,,EN,2025-12-04T23:00:00.000Z
GHED_OOP_pc_US_SHA2011,Out-of-pocket expenditure (OOP) per capita in US$,numeric,SEAR,South-East Asia,Country,THA,Thailand,Year,2002,false,,,,,,,,,,,,,19.44,,,,,,19.44,,,EN,2025-12-04T23:00:00.000Z
GHED_OOP_pc_US_SHA2011,Out-of-pocket expenditure (OOP) per capita in US$,numeric,EUR,Europe,Country,BLR,Belarus,Year,2002,false,,,,,,,,,,,,,19.79,,,,,,19.79,,,EN,2025-12-04T23:00:00.000Z
GHED_OOP_pc_US_SHA2011,Out-of-pocket expenditure (OOP) per capita in US$,numeric,AFR,Africa,Country,RWA,Rwanda,Year,2002,false,,,,,,,,,,,,,2.08,,,,,,2.08,,,EN,2025-12-04T23:00:00.000Z
GHED_OOP_pc_US_SHA2011,Out-of-pocket expenditure (OOP) per capita in US$,numeric,WPR,Western Pacific,Country,TUV,Tuvalu,Year,2002,false,,,,,,,,,,,,,2.59,,,,,,2.59,,,EN,2025-12-04T23:00:00.000Z
GHED_OOP_pc_US_SHA2011,Out-of-pocket expenditure (OOP) per capita in US$,numeric,AFR,Africa,Country,MOZ,Mozambique,Year,2002,false,,,,,,,,,,,,,2.8,,,,,,2.80,,,EN,2025-12-04T23:00:00.000Z
GHED_OOP_pc_US_SHA2011,Out-of-pocket expenditure (OOP) per capita in US$,numeric,AFR,Africa,Country,COD,Democratic Republic of the Congo,Year,2002,false,,,,,,,,,,,,,2.98,,,,,,2.98,,,EN,2025-12-04T23:00:00.000Z
GHED_OOP_pc_US_SHA2011,Out-of-pocket expenditure (OOP) per capita in US$,numeric,WPR,Western Pacific,Country,NZL,New Zealand,Year,2002,false,,,,,,,,,,,,,200.7,,,,,,200.73,,,EN,2025-12-04T23:00:00.000Z
GHED_OOP_pc_US_SHA2011,Out-of-pocket expenditure (OOP) per capita in US$,numeric,AMR,Americas,Country,MEX,Mexico,Year,2002,false,,,,,,,,,,,,,209.6,,,,,,209.62,,,EN,2025-12-04T23:00:00.000Z
GHED_OOP_pc_US_SHA2011,Out-of-pocket expenditure (OOP) per capita in US$,numeric,AFR,Africa,Country,STP,Sao Tome and Principe,Year,2002,false,,,,,,,,,,,,,21.21,,,,,,21.21,,,EN,2025-12-04T23:00:00.000Z
GHED_OOP_pc_US_SHA2011,Out-of-pocket expenditure (OOP) per capita in US$,numeric,EMR,Eastern Mediterranean,Country,ARE,United Arab Emirates,Year,2002,false,,,,,,,,,,,,,211.5,,,,,,211.51,,,EN,2025-12-04T23:00:00.000Z
GHED_OOP_pc_US_SHA2011,Out-of-pocket expenditure (OOP) per capita in US$,numeric,EMR,Eastern Mediterranean,Country,LBN,Lebanon,Year,2002,false,,,,,,,,,,,,,212,,,,,,211.99,,,EN,2025-12-04T23:00:00.000Z
GHED_OOP_pc_US_SHA2011,Out-of-pocket expenditure (OOP) per capita in US$,numeric,WPR,Western Pacific,Country,KOR,Republic of Korea,Year,2002,false,,,,,,,,,,,,,218.9,,,,,,218.87,,,EN,2025-12-04T23:00:00.000Z
GHED_OOP_pc_US_SHA2011,Out-of-pocket expenditure (OOP) per capita in US$,numeric,AFR,Africa,Country,CMR,Cameroon,Year,2002,false,,,,,,,,,,,,,22.31,,,,,,22.31,,,EN,2025-12-04T23:00:00.000Z
GHED_OOP_pc_US_SHA2011,Out-of-pocket expenditure (OOP) per capita in US$,numeric,WPR,Western Pacific,Country,COK,Cook Islands,Year,2002,false,,,,,,,,,,,,,23.02,,,,,,23.02,,,EN,2025-12-04T23:00:00.000Z
GHED_OOP_pc_US_SHA2011,Out-of-pocket expenditure (OOP) per capita in US$,numeric,EUR,Europe,Country,UKR,Ukraine,Year,2002,false,,,,,,,,,,,,,23.51,,,,,,23.51,,,EN,2025-12-04T23:00:00.000Z
GHED_OOP_pc_US_SHA2011,Out-of-pocket expenditure (OOP) per capita in US$,numeric,EUR,Europe,Country,IRL,Ireland,Year,2002,false,,,,,,,,,,,,,230.3,,,,,,230.31,,,EN,2025-12-04T23:00:00.000Z
GHED_OOP_pc_US_SHA2011,Out-of-pocket expenditure (OOP) per capita in US$,numeric,EUR,Europe,Country,MCO,Monaco,Year,2002,false,,,,,,,,,,,,,230.5,,,,,,230.50,,,EN,2025-12-04T23:00:00.000Z
GHED_OOP_pc_US_SHA2011,Out-of-pocket expenditure (OOP) per capita in US$,numeric,EUR,Europe,Country,MLT,Malta,Year,2002,false,,,,,,,,,,,,,238.7,,,,,,238.69,,,EN,2025-12-04T23:00:00.000Z
GHED_OOP_pc_US_SHA2011,Out-of-pocket expenditure (OOP) per capita in US$,numeric,AMR,Americas,Country,KNA,Saint Kitts and Nevis,Year,2002,false,,,,,,,,,,,,,238.8,,,,,,238.80,,,EN,2025-12-04T23:00:00.000Z
GHED_OOP_pc_US_SHA2011,Out-of-pocket expenditure (OOP) per capita in US$,numeric,EUR,Europe,Country,AND,Andorra,Year,2002,false,,,,,,,,,,,,,239.4,,,,,,239.40,,,EN,2025-12-04T23:00:00.000Z
GHED_OOP_pc_US_SHA2011,Out-of-pocket expenditure (OOP) per capita in US$,numeric,AFR,Africa,Country,ZAF,South Africa,Year,2002,false,,,,,,,,,,,,,24.34,,,,,,24.34,,,EN,2025-12-04T23:00:00.000Z
GHED_OOP_pc_US_SHA2011,Out-of-pocket expenditure (OOP) per capita in US$,numeric,AFR,Africa,Country,CIV,Cote d'Ivoire,Year,2002,false,,,,,,,,,,,,,24.69,,,,,,24.69,,,EN,2025-12-04T23:00:00.000Z
GHED_OOP_pc_US_SHA2011,Out-of-pocket expenditure (OOP) per capita in US$,numeric,EUR,Europe,Country,NLD,Netherlands (Kingdom of the),Year,2002,false,,,,,,,,,,,,,249.7,,,,,,249.70,,,EN,2025-12-04T23:00:00.000Z
GHED_OOP_pc_US_SHA2011,Out-of-pocket expenditure (OOP) per capita in US$,numeric,AMR,Americas,Country,BRB,Barbados,Year,2002,false,,,,,,,,,,,,,251.7,,,,,,251.75,,,EN,2025-12-04T23:00:00.000Z
GHED_OOP_pc_US_SHA2011,Out-of-pocket expenditure (OOP) per capita in US$,numeric,EUR,Europe,Country,KAZ,Kazakhstan,Year,2002,false,,,,,,,,,,,,,26.11,,,,,,26.11,,,EN,2025-12-04T23:00:00.000Z
GHED_OOP_pc_US_SHA2011,Out-of-pocket expenditure (OOP) per capita in US$,numeric,AMR,Americas,Country,GUY,Guyana,Year,2002,false,,,,,,,,,,,,,26.21,,,,,,26.21,,,EN,2025-12-04T23:00:00.000Z
GHED_OOP_pc_US_SHA2011,Out-of-pocket expenditure (OOP) per capita in US$,numeric,AMR,Americas,Country,NIC,Nicaragua,Year,2002,false,,,,,,,,,,,,,26.34,,,,,,26.34,,,EN,2025-12-04T23:00:00.000Z
GHED_OOP_pc_US_SHA2011,Out-of-pocket expenditure (OOP) per capita in US$,numeric,EUR,Europe,Country,PRT,Portugal,Year,2002,false,,,,,,,,,,,,,264.1,,,,,,264.11,,,EN,2025-12-04T23:00:00.000Z
GHED_OOP_pc_US_SHA2011,Out-of-pocket expenditure (OOP) per capita in US$,numeric,EMR,Eastern Mediterranean,Country,OMN,Oman,Year,2002,false,,,,,,,,,,,,,27.82,,,,,,27.82,,,EN,2025-12-04T23:00:00.000Z
GHED_OOP_pc_US_SHA2011,Out-of-pocket expenditure (OOP) per capita in US$,numeric,EUR,Europe,Country,SVK,Slovakia,Year,2002,false,,,,,,,,,,,,,28,,,,,,28.00,,,EN,2025-12-04T23:00:00.000Z
GHED_OOP_pc_US_SHA2011,Out-of-pocket expenditure (OOP) per capita in US$,numeric,EUR,Europe,Country,ESP,Spain,Year,2002,false,,,,,,,,,,,,,288.9,,,,,,288.94,,,EN,2025-12-04T23:00:00.000Z
GHED_OOP_pc_US_SHA2011,Out-of-pocket expenditure (OOP) per capita in US$,numeric,AMR,Americas,Country,BHS,Bahamas,Year,2002,false,,,,,,,,,,,,,294.1,,,,,,294.13,,,EN,2025-12-04T23:00:00.000Z
GHED_OOP_pc_US_SHA2011,Out-of-pocket expenditure (OOP) per capita in US$,numeric,AFR,Africa,Country,BDI,Burundi,Year,2002,false,,,,,,,,,,,,,3.22,,,,,,3.22,,,EN,2025-12-04T23:00:00.000Z
GHED_OOP_pc_US_SHA2011,Out-of-pocket expenditure (OOP) per capita in US$,numeric,AFR,Africa,Country,LBR,Liberia,Year,2002,false,,,,,,,,,,,,,3.53,,,,,,3.53,,,EN,2025-12-04T23:00:00.000Z
GHED_OOP_pc_US_SHA2011,Out-of-pocket expenditure (OOP) per capita in US$,numeric,SEAR,South-East Asia,Country,BTN,Bhutan,Year,2002,false,,,,,,,,,,,,,3.67,,,,,,3.67,,,EN,2025-12-04T23:00:00.000Z
GHED_OOP_pc_US_SHA2011,Out-of-pocket expenditure (OOP) per capita in US$,numeric,EUR,Europe,Country,DEU,Germany,Year,2002,false,,,,,,,,,,,,,308.1,,,,,,308.12,,,EN,2025-12-04T23:00:00.000Z
GHED_OOP_pc_US_SHA2011,Out-of-pocket expenditure (OOP) per capita in US$,numeric,WPR,Western Pacific,Country,CHN,China,Year,2002,false,,,,,,,,,,,,,31.38,,,,,,31.38,,,EN,2025-12-04T23:00:00.000Z
GHED_OOP_pc_US_SHA2011,Out-of-pocket expenditure (OOP) per capita in US$,numeric,EMR,Eastern Mediterranean,Country,SYR,Syrian Arab Republic,Year,2002,false,,,,,,,,,,,,,33.88,,,,,,33.88,,,EN,2025-12-04T23:00:00.000Z
GHED_OOP_pc_US_SHA2011,Out-of-pocket expenditure (OOP) per capita in US$,numeric,AMR,Americas,Country,CAN,Canada,Year,2002,false,,,,,,,,,,,,,339.6,,,,,,339.62,,,EN,2025-12-04T23:00:00.000Z
GHED_OOP_pc_US_SHA2011,Out-of-pocket expenditure (OOP) per capita in US$,numeric,EMR,Eastern Mediterranean,Country,MAR,Morocco,Year,2002,false,,,,,,,,,,,,,34.24,,,,,,34.24,,,EN,2025-12-04T23:00:00.000Z
GHED_OOP_pc_US_SHA2011,Out-of-pocket expenditure (OOP) per capita in US$,numeric,WPR,Western Pacific,Country,AUS,Australia,Year,2002,false,,,,,,,,,,,,,349.2,,,,,,349.19,,,EN,2025-12-04T23:00:00.000Z
GHED_OOP_pc_US_SHA2011,Out-of-pocket expenditure (OOP) per capita in US$,numeric,AMR,Americas,Country,SUR,Suriname,Year,2002,false,,,,,,,,,,,,,36.4,,,,,,36.40,,,EN,2025-12-04T23:00:00.000Z
GHED_OOP_pc_US_SHA2011,Out-of-pocket expenditure (OOP) per capita in US$,numeric,AMR,Americas,Country,PRY,Paraguay,Year,2002,false,,,,,,,,,,,,,36.49,,,,,,36.49,,,EN,2025-12-04T23:00:00.000Z
GHED_OOP_pc_US_SHA2011,Out-of-pocket expenditure (OOP) per capita in US$,numeric,AMR,Americas,Country,HND,Honduras,Year,2002,false,,,,,,,,,,,,,36.67,,,,,,36.67,,,EN,2025-12-04T23:00:00.000Z
GHED_OOP_pc_US_SHA2011,Out-of-pocket expenditure (OOP) per capita in US$,numeric,EUR,Europe,Country,TUR,Türkiye,Year,2002,false,,,,,,,,,,,,,36.86,,,,,,36.86,,,EN,2025-12-04T23:00:00.000Z
GHED_OOP_pc_US_SHA2011,Out-of-pocket expenditure (OOP) per capita in US$,numeric,EUR,Europe,Country,ISR,Israel,Year,2002,false,,,,,,,,,,,,,377.4,,,,,,377.36,,,EN,2025-12-04T23:00:00.000Z
GHED_OOP_pc_US_SHA2011,Out-of-pocket expenditure (OOP) per capita in US$,numeric,AFR,Africa,Country,COM,Comoros,Year,2002,false,,,,,,,,,,,,,38.95,,,,,,38.95,,,EN,2025-12-04T23:00:00.000Z
GHED_OOP_pc_US_SHA2011,Out-of-pocket expenditure (OOP) per capita in US$,numeric,WPR,Western Pacific,Country,JPN,Japan,Year,2002,false,,,,,,,,,,,,,385.5,,,,,,385.46,,,EN,2025-12-04T23:00:00.000Z
GHED_OOP_pc_US_SHA2011,Out-of-pocket expenditure (OOP) per capita in US$,numeric,AMR,Americas,Country,PER,Peru,Year,2002,false,,,,,,,,,,,,,39.01,,,,,,39.01,,,EN,2025-12-04T23:00:00.000Z
GHED_OOP_pc_US_SHA2011,Out-of-pocket expenditure (OOP) per capita in US$,numeric,WPR,Western Pacific,Country,SGP,Singapore,Year,2002,false,,,,,,,,,,,,,397.9,,,,,,397.86,,,EN,2025-12-04T23:00:00.000Z
GHED_OOP_pc_US_SHA2011,Out-of-pocket expenditure (OOP) per capita in US$,numeric,AFR,Africa,Country,GHA,Ghana,Year,2002,false,,,,,,,,,,,,,4.57,,,,,,4.57,,,EN,2025-12-04T23:00:00.000Z
GHED_OOP_pc_US_SHA2011,Out-of-pocket expenditure (OOP) per capita in US$,numeric,WPR,Western Pacific,Country,VUT,Vanuatu,Year,2002,false,,,,,,,,,,,,,4.64,,,,,,4.64,,,EN,2025-12-04T23:00:00.000Z
GHED_OOP_pc_US_SHA2011,Out-of-pocket expenditure (OOP) per capita in US$,numeric,AFR,Africa,Country,GMB,Gambia,Year,2002,false,,,,,,,,,,,,,4.73,,,,,,4.73,,,EN,2025-12-04T23:00:00.000Z
GHED_OOP_pc_US_SHA2011,Out-of-pocket expenditure (OOP) per capita in US$,numeric,WPR,Western Pacific,Country,MHL,Marshall Islands,Year,2002,false,,,,,,,,,,,,,4.91,,,,,,4.91,,,EN,2025-12-04T23:00:00.000Z
GHED_OOP_pc_US_SHA2011,Out-of-pocket expenditure (OOP) per capita in US$,numeric,EUR,Europe,Country,ALB,Albania,Year,2002,false,,,,,,,,,,,,,40.04,,,,,,40.04,,,EN,2025-12-04T23:00:00.000Z
GHED_OOP_pc_US_SHA2011,Out-of-pocket expenditure (OOP) per capita in US$,numeric,EMR,Eastern Mediterranean,Country,EGY,Egypt,Year,2002,false,,,,,,,,,,,,,40.81,,,,,,40.81,,,EN,2025-12-04T23:00:00.000Z
GHED_OOP_pc_US_SHA2011,Out-of-pocket expenditure (OOP) per capita in US$,numeric,EUR,Europe,Country,SRB,Serbia,Year,2002,false,,,,,,,,,,,,,41.29,,,,,,41.29,,,EN,2025-12-04T23:00:00.000Z
GHED_OOP_pc_US_SHA2011,Out-of-pocket expenditure (OOP) per capita in US$,numeric,AMR,Americas,Country,CUB,Cuba,Year,2002,false,,,,,,,,,,,,,41.43,,,,,,41.43,,,EN,2025-12-04T23:00:00.000Z
GHED_OOP_pc_US_SHA2011,Out-of-pocket expenditure (OOP) per capita in US$,numeric,EUR,Europe,Country,GBR,United Kingdom of Great Britain and Northern Ireland,Year,2002,false,,,,,,,,,,,,,411.1,,,,,,411.07,,,EN,2025-12-04T23:00:00.000Z
GHED_OOP_pc_US_SHA2011,Out-of-pocket expenditure (OOP) per capita in US$,numeric,EUR,Europe,Country,SWE,Sweden,Year,2002,false,,,,,,,,,,,,,412.3,,,,,,412.30,,,EN,2025-12-04T23:00:00.000Z
GHED_OOP_pc_US_SHA2011,Out-of-pocket expenditure (OOP) per capita in US$,numeric,WPR,Western Pacific,Country,MYS,Malaysia,Year,2002,false,,,,,,,,,,,,,42.13,,,,,,42.13,,,EN,2025-12-04T23:00:00.000Z
GHED_OOP_pc_US_SHA2011,Out-of-pocket expenditure (OOP) per capita in US$,numeric,AFR,Africa,Country,SYC,Seychelles,Year,2002,false,,,,,,,,,,,,,42.54,,,,,,42.54,,,EN,2025-12-04T23:00:00.000Z
GHED_OOP_pc_US_SHA2011,Out-of-pocket expenditure (OOP) per capita in US$,numeric,EMR,Eastern Mediterranean,Country,PSE,"occupied Palestinian territory, including east Jerusalem",Year,2002,false,,,,,,,,,,,,,42.56,,,,,,42.56,,,EN,2025-12-04T23:00:00.000Z
GHED_OOP_pc_US_SHA2011,Out-of-pocket expenditure (OOP) per capita in US$,numeric,EUR,Europe,Country,ITA,Italy,Year,2002,false,,,,,,,,,,,,,425.2,,,,,,425.18,,,EN,2025-12-04T23:00:00.000Z
GHED_OOP_pc_US_SHA2011,Out-of-pocket expenditure (OOP) per capita in US$,numeric,EUR,Europe,Country,DNK,Denmark,Year,2002,false,,,,,,,,,,,,,425.9,,,,,,425.90,,,EN,2025-12-04T23:00:00.000Z
GHED_OOP_pc_US_SHA2011,Out-of-pocket expenditure (OOP) per capita in US$,numeric,EUR,Europe,Country,FIN,Finland,Year,2002,false,,,,,,,,,,,,,427.2,,,,,,427.20,,,EN,2025-12-04T23:00:00.000Z
GHED_OOP_pc_US_SHA2011,Out-of-pocket expenditure (OOP) per capita in US$,numeric,EUR,Europe,Country,RUS,Russian Federation,Year,2002,false,,,,,,,,,,,,,43.72,,,,,,43.72,,,EN,2025-12-04T23:00:00.000Z
GHED_OOP_pc_US_SHA2011,Out-of-pocket expenditure (OOP) per capita in US$,numeric,EUR,Europe,Country,BEL,Belgium,Year,2002,false,,,,,,,,,,,,,434.6,,,,,,434.61,,,EN,2025-12-04T23:00:00.000Z
GHED_OOP_pc_US_SHA2011,Out-of-pocket expenditure (OOP) per capita in US$,numeric,EUR,Europe,Country,GRC,Greece,Year,2002,false,,,,,,,,,,,,,436.9,,,,,,436.91,,,EN,2025-12-04T23:00:00.000Z
GHED_OOP_pc_US_SHA2011,Out-of-pocket expenditure (OOP) per capita in US$,numeric,EUR,Europe,Country,ARM,Armenia,Year,2002,false,,,,,,,,,,,,,44.55,,,,,,44.55,,,EN,2025-12-04T23:00:00.000Z
GHED_OOP_pc_US_SHA2011,Out-of-pocket expenditure (OOP) per capita in US$,numeric,EUR,Europe,Country,BIH,Bosnia and Herzegovina,Year,2002,false,,,,,,,,,,,,,45.71,,,,,,45.71,,,EN,2025-12-04T23:00:00.000Z
GHED_OOP_pc_US_SHA2011,Out-of-pocket expenditure (OOP) per capita in US$,numeric,EUR,Europe,Country,CYP,Cyprus,Year,2002,false,,,,,,,,,,,,,469.9,,,,,,469.92,,,EN,2025-12-04T23:00:00.000Z
GHED_OOP_pc_US_SHA2011,Out-of-pocket expenditure (OOP) per capita in US$,numeric,EUR,Europe,Country,CZE,Czechia,Year,2002,false,,,,,,,,,,,,,49.78,,,,,,49.78,,,EN,2025-12-04T23:00:00.000Z
GHED_OOP_pc_US_SHA2011,Out-of-pocket expenditure (OOP) per capita in US$,numeric,AMR,Americas,Country,VCT,Saint Vincent and the Grenadines,Year,2002,false,,,,,,,,,,,,,49.94,,,,,,49.94,,,EN,2025-12-04T23:00:00.000Z
GHED_OOP_pc_US_SHA2011,Out-of-pocket expenditure (OOP) per capita in US$,numeric,EUR,Europe,Country,AUT,Austria,Year,2002,false,,,,,,,,,,,,,492.6,,,,,,492.61,,,EN,2025-12-04T23:00:00.000Z
GHED_OOP_pc_US_SHA2011,Out-of-pocket expenditure (OOP) per capita in US$,numeric,EUR,Europe,Country,LUX,Luxembourg,Year,2002,false,,,,,,,,,,,,,499.1,,,,,,499.14,,,EN,2025-12-04T23:00:00.000Z
GHED_OOP_pc_US_SHA2011,Out-of-pocket expenditure (OOP) per capita in US$,numeric,AFR,Africa,Country,CAF,Central African Republic,Year,2002,false,,,,,,,,,,,,,5.18,,,,,,5.18,,,EN,2025-12-04T23:00:00.000Z
GHED_OOP_pc_US_SHA2011,Out-of-pocket expenditure (OOP) per capita in US$,numeric,SEAR,South-East Asia,Country,NPL,Nepal,Year,2002,false,,,,,,,,,,,,,5.44,,,,,,5.44,,,EN,2025-12-04T23:00:00.000Z
GHED_OOP_pc_US_SHA2011,Out-of-pocket expenditure (OOP) per capita in US$,numeric,AFR,Africa,Country,MDG,Madagascar,Year,2002,false,,,,,,,,,,,,,5.65,,,,,,5.65,,,EN,2025-12-04T23:00:00.000Z
GHED_OOP_pc_US_SHA2011,Out-of-pocket expenditure (OOP) per capita in US$,numeric,SEAR,South-East Asia,Country,BGD,Bangladesh,Year,2002,false,,,,,,,,,,,,,5.7,,,,,,5.70,,,EN,2025-12-04T23:00:00.000Z
GHED_OOP_pc_US_SHA2011,Out-of-pocket expenditure (OOP) per capita in US$,numeric,SEAR,South-East Asia,Country,MMR,Myanmar,Year,2002,false,,,,,,,,,,,,,5.82,,,,,,5.82,,,EN,2025-12-04T23:00:00.000Z
GHED_OOP_pc_US_SHA2011,Out-of-pocket expenditure (OOP) per capita in US$,numeric,EMR,Eastern Mediterranean,Country,TUN,Tunisia,Year,2002,false,,,,,,,,,,,,,50.11,,,,,,50.11,,,EN,2025-12-04T23:00:00.000Z
GHED_OOP_pc_US_SHA2011,Out-of-pocket expenditure (OOP) per capita in US$,numeric,EUR,Europe,Country,GEO,Georgia,Year,2002,false,,,,,,,,,,,,,50.97,,,,,,50.97,,,EN,2025-12-04T23:00:00.000Z
GHED_OOP_pc_US_SHA2011,Out-of-pocket expenditure (OOP) per capita in US$,numeric,EUR,Europe,Country,EST,Estonia,Year,2002,false,,,,,,,,,,,,,51.5,,,,,,51.50,,,EN,2025-12-04T23:00:00.000Z
GHED_OOP_pc_US_SHA2011,Out-of-pocket expenditure (OOP) per capita in US$,numeric,EUR,Europe,Country,ISL,Iceland,Year,2002,false,,,,,,,,,,,,,527.2,,,,,,527.21,,,EN,2025-12-04T23:00:00.000Z
GHED_OOP_pc_US_SHA2011,Out-of-pocket expenditure (OOP) per capita in US$,numeric,EUR,Europe,Country,SMR,San Marino,Year,2002,false,,,,,,,,,,,,,567.7,,,,,,567.67,,,EN,2025-12-04T23:00:00.000Z
GHED_OOP_pc_US_SHA2011,Out-of-pocket expenditure (OOP) per capita in US$,numeric,EMR,Eastern Mediterranean,Country,IRN,Iran (Islamic Republic of),Year,2002,false,,,,,,,,,,,,,57.29,,,,,,57.29,,,EN,2025-12-04T23:00:00.000Z
GHED_OOP_pc_US_SHA2011,Out-of-pocket expenditure (OOP) per capita in US$,numeric,AMR,Americas,Country,BLZ,Belize,Year,2002,false,,,,,,,,,,,,,58.65,,,,,,58.65,,,EN,2025-12-04T23:00:00.000Z
GHED_OOP_pc_US_SHA2011,Out-of-pocket expenditure (OOP) per capita in US$,numeric,EUR,Europe,Country,BGR,Bulgaria,Year,2002,false,,,,,,,,,,,,,58.95,,,,,,58.95,,,EN,2025-12-04T23:00:00.000Z
GHED_OOP_pc_US_SHA2011,Out-of-pocket expenditure (OOP) per capita in US$,numeric,AFR,Africa,Country,MUS,Mauritius,Year,2002,false,,,,,,,,,,,,,59.4,,,,,,59.40,,,EN,2025-12-04T23:00:00.000Z
GHED_OOP_pc_US_SHA2011,Out-of-pocket expenditure (OOP) per capita in US$,numeric,WPR,Western Pacific,Country,NIU,Niue,Year,2002,false,,,,,,,,,,,,,6.02,,,,,,6.02,,,EN,2025-12-04T23:00:00.000Z
GHED_OOP_pc_US_SHA2011,Out-of-pocket expenditure (OOP) per capita in US$,numeric,WPR,Western Pacific,Country,LAO,Lao People's Democratic Republic,Year,2002,false,,,,,,,,,,,,,6.41,,,,,,6.41,,,EN,2025-12-04T23:00:00.000Z
GHED_OOP_pc_US_SHA2011,Out-of-pocket expenditure (OOP) per capita in US$,numeric,EUR,Europe,Country,TJK,Tajikistan,Year,2002,false,,,,,,,,,,,,,6.43,,,,,,6.43,,,EN,2025-12-04T23:00:00.000Z
GHED_OOP_pc_US_SHA2011,Out-of-pocket expenditure (OOP) per capita in US$,numeric,WPR,Western Pacific,Country,MNG,Mongolia,Year,2002,false,,,,,,,,,,,,,6.44,,,,,,6.44,,,EN,2025-12-04T23:00:00.000Z
GHED_OOP_pc_US_SHA2011,Out-of-pocket expenditure (OOP) per capita in US$,numeric,AFR,Africa,Country,NER,Niger,Year,2002,false,,,,,,,,,,,,,6.45,,,,,,6.45,,,EN,2025-12-04T23:00:00.000Z
GHED_OOP_pc_US_SHA2011,Out-of-pocket expenditure (OOP) per capita in US$,numeric,AFR,Africa,Country,ZMB,Zambia,Year,2002,false,,,,,,,,,,,,,6.6,,,,,,6.60,,,EN,2025-12-04T23:00:00.000Z
GHED_OOP_pc_US_SHA2011,Out-of-pocket expenditure (OOP) per capita in US$,numeric,AFR,Africa,Country,BFA,Burkina Faso,Year,2002,false,,,,,,,,,,,,,6.7,,,,,,6.70,,,EN,2025-12-04T23:00:00.000Z
GHED_OOP_pc_US_SHA2011,Out-of-pocket expenditure (OOP) per capita in US$,numeric,AFR,Africa,Country,UGA,Uganda,Year,2002,false,,,,,,,,,,,,,6.93,,,,,,6.93,,,EN,2025-12-04T23:00:00.000Z
GHED_OOP_pc_US_SHA2011,Out-of-pocket expenditure (OOP) per capita in US$,numeric,AFR,Africa,Country,LSO,Lesotho,Year,2002,false,,,,,,,,,,,,,6.99,,,,,,6.99,,,EN,2025-12-04T23:00:00.000Z
GHED_OOP_pc_US_SHA2011,Out-of-pocket expenditure (OOP) per capita in US$,numeric,EMR,Eastern Mediterranean,Country,LBY,Libya,Year,2002,false,,,,,,,,,,,,,60.13,,,,,,60.13,,,EN,2025-12-04T23:00:00.000Z
GHED_OOP_pc_US_SHA2011,Out-of-pocket expenditure (OOP) per capita in US$,numeric,AMR,Americas,Country,ECU,Ecuador,Year,2002,false,,,,,,,,,,,,,60.89,,,,,,60.89,,,EN,2025-12-04T23:00:00.000Z
GHED_OOP_pc_US_SHA2011,Out-of-pocket expenditure (OOP) per capita in US$,numeric,AFR,Africa,Country,GNQ,Equatorial Guinea,Year,2002,false,,,,,,,,,,,,,61.73,,,,,,61.73,,,EN,2025-12-04T23:00:00.000Z
GHED_OOP_pc_US_SHA2011,Out-of-pocket expenditure (OOP) per capita in US$,numeric,EMR,Eastern Mediterranean,Country,JOR,Jordan,Year,2002,false,,,,,,,,,,,,,65.05,,,,,,65.05,,,EN,2025-12-04T23:00:00.000Z
GHED_OOP_pc_US_SHA2011,Out-of-pocket expenditure (OOP) per capita in US$,numeric,EUR,Europe,Country,LTU,Lithuania,Year,2002,false,,,,,,,,,,,,,65.12,,,,,,65.12,,,EN,2025-12-04T23:00:00.000Z
GHED_OOP_pc_US_SHA2011,Out-of-pocket expenditure (OOP) per capita in US$,numeric,EUR,Europe,Country,NOR,Norway,Year,2002,false,,,,,,,,,,,,,654.5,,,,,,654.50,,,EN,2025-12-04T23:00:00.000Z
GHED_OOP_pc_US_SHA2011,Out-of-pocket expenditure (OOP) per capita in US$,numeric,AMR,Americas,Country,ARG,Argentina,Year,2002,false,,,,,,,,,,,,,66.53,,,,,,66.53,,,EN,2025-12-04T23:00:00.000Z
GHED_OOP_pc_US_SHA2011,Out-of-pocket expenditure (OOP) per capita in US$,numeric,AMR,Americas,Country,GTM,Guatemala,Year,2002,false,,,,,,,,,,,,,66.85,,,,,,66.85,,,EN,2025-12-04T23:00:00.000Z
GHED_OOP_pc_US_SHA2011,Out-of-pocket expenditure (OOP) per capita in US$,numeric,AFR,Africa,Country,TZA,United Republic of Tanzania,Year,2002,false,,,,,,,,,,,,,7.24,,,,,,7.24,,,EN,2025-12-04T23:00:00.000Z
GHED_OOP_pc_US_SHA2011,Out-of-pocket expenditure (OOP) per capita in US$,numeric,AFR,Africa,Country,ERI,Eritrea,Year,2002,false,,,,,,,,,,,,,7.26,,,,,,7.26,,,EN,2025-12-04T23:00:00.000Z
GHED_OOP_pc_US_SHA2011,Out-of-pocket expenditure (OOP) per capita in US$,numeric,EUR,Europe,Country,KGZ,Kyrgyzstan,Year,2002,false,,,,,,,,,,,,,7.45,,,,,,7.45,,,EN,2025-12-04T23:00:00.000Z
GHED_OOP_pc_US_SHA2011,Out-of-pocket expenditure (OOP) per capita in US$,numeric,WPR,Western Pacific,Country,VNM,Viet Nam,Year,2002,false,,,,,,,,,,,,,7.56,,,,,,7.56,,,EN,2025-12-04T23:00:00.000Z
GHED_OOP_pc_US_SHA2011,Out-of-pocket expenditure (OOP) per capita in US$,numeric,EMR,Eastern Mediterranean,Country,PAK,Pakistan,Year,2002,false,,,,,,,,,,,,,7.64,,,,,,7.64,,,EN,2025-12-04T23:00:00.000Z
GHED_OOP_pc_US_SHA2011,Out-of-pocket expenditure (OOP) per capita in US$,numeric,WPR,Western Pacific,Country,TON,Tonga,Year,2002,false,,,,,,,,,,,,,7.75,,,,,,7.75,,,EN,2025-12-04T23:00:00.000Z
GHED_OOP_pc_US_SHA2011,Out-of-pocket expenditure (OOP) per capita in US$,numeric,AFR,Africa,Country,GAB,Gabon,Year,2002,false,,,,,,,,,,,,,71.5,,,,,,71.50,,,EN,2025-12-04T23:00:00.000Z
GHED_OOP_pc_US_SHA2011,Out-of-pocket expenditure (OOP) per capita in US$,numeric,EUR,Europe,Country,HRV,Croatia,Year,2002,false,,,,,,,,,,,,,72,,,,,,72.00,,,EN,2025-12-04T23:00:00.000Z
GHED_OOP_pc_US_SHA2011,Out-of-pocket expenditure (OOP) per capita in US$,numeric,EUR,Europe,Country,MKD,North Macedonia,Year,2002,false,,,,,,,,,,,,,73.59,,,,,,73.59,,,EN,2025-12-04T23:00:00.000Z
GHED_OOP_pc_US_SHA2011,Out-of-pocket expenditure (OOP) per capita in US$,numeric,AMR,Americas,Country,SLV,El Salvador,Year,2002,false,,,,,,,,,,,,,74.82,,,,,,74.82,,,EN,2025-12-04T23:00:00.000Z
GHED_OOP_pc_US_SHA2011,Out-of-pocket expenditure (OOP) per capita in US$,numeric,AMR,Americas,Country,USA,United States of America,Year,2002,false,,,,,,,,,,,,,763.3,,,,,,763.34,,,EN,2025-12-04T23:00:00.000Z
GHED_OOP_pc_US_SHA2011,Out-of-pocket expenditure (OOP) per capita in US$,numeric,AMR,Americas,Country,JAM,Jamaica,Year,2002,false,,,,,,,,,,,,,77.75,,,,,,77.75,,,EN,2025-12-04T23:00:00.000Z
GHED_OOP_pc_US_SHA2011,Out-of-pocket expenditure (OOP) per capita in US$,numeric,EUR,Europe,Country,TKM,Turkmenistan,Year,2002,false,,,,,,,,,,,,,78.31,,,,,,78.31,,,EN,2025-12-04T23:00:00.000Z
GHED_OOP_pc_US_SHA2011,Out-of-pocket expenditure (OOP) per capita in US$,numeric,WPR,Western Pacific,Country,BRN,Brunei Darussalam,Year,2002,false,,,,,,,,,,,,,79.19,,,,,,79.19,,,EN,2025-12-04T23:00:00.000Z
GHED_OOP_pc_US_SHA2011,Out-of-pocket expenditure (OOP) per capita in US$,numeric,AFR,Africa,Country,GNB,Guinea-Bissau,Year,2002,false,,,,,,,,,,,,,8.05,,,,,,8.05,,,EN,2025-12-04T23:00:00.000Z
GHED_OOP_pc_US_SHA2011,Out-of-pocket expenditure (OOP) per capita in US$,numeric,WPR,Western Pacific,Country,FJI,Fiji,Year,2002,false,,,,,,,,,,,,,8.55,,,,,,8.55,,,EN,2025-12-04T23:00:00.000Z
GHED_OOP_pc_US_SHA2011,Out-of-pocket expenditure (OOP) per capita in US$,numeric,AFR,Africa,Country,BEN,Benin,Year,2002,false,,,,,,,,,,,,,8.76,,,,,,8.76,,,EN,2025-12-04T23:00:00.000Z
GHED_OOP_pc_US_SHA2011,Out-of-pocket expenditure (OOP) per capita in US$,numeric,WPR,Western Pacific,Country,IDN,Indonesia,Year,2002,false,,,,,,,,,,,,,8.8,,,,,,8.80,,,EN,2025-12-04T23:00:00.000Z
GHED_OOP_pc_US_SHA2011,Out-of-pocket expenditure (OOP) per capita in US$,numeric,AMR,Americas,Country,DOM,Dominican Republic,Year,2002,false,,,,,,,,,,,,,81.71,,,,,,81.71,,,EN,2025-12-04T23:00:00.000Z
GHED_OOP_pc_US_SHA2011,Out-of-pocket expenditure (OOP) per capita in US$,numeric,EMR,Eastern Mediterranean,Country,SAU,Saudi Arabia,Year,2002,false,,,,,,,,,,,,,83,,,,,,83.00,,,EN,2025-12-04T23:00:00.000Z
GHED_OOP_pc_US_SHA2011,Out-of-pocket expenditure (OOP) per capita in US$,numeric,EUR,Europe,Country,POL,Poland,Year,2002,false,,,,,,,,,,,,,83.54,,,,,,83.54,,,EN,2025-12-04T23:00:00.000Z
GHED_OOP_pc_US_SHA2011,Out-of-pocket expenditure (OOP) per capita in US$,numeric,AMR,Americas,Country,CRI,Costa Rica,Year,2002,false,,,,,,,,,,,,,85.75,,,,,,85.75,,,EN,2025-12-04T23:00:00.000Z
GHED_OOP_pc_US_SHA2011,Out-of-pocket expenditure (OOP) per capita in US$,numeric,WPR,Western Pacific,Country,FSM,Micronesia (Federated States of),Year,2002,false,,,,,,,,,,,,,9.2,,,,,,9.20,,,EN,2025-12-04T23:00:00.000Z
GHED_OOP_pc_US_SHA2011,Out-of-pocket expenditure (OOP) per capita in US$,numeric,WPR,Western Pacific,Country,WSM,Samoa,Year,2002,false,,,,,,,,,,,,,9.63,,,,,,9.63,,,EN,2025-12-04T23:00:00.000Z
GHED_OOP_pc_US_SHA2011,Out-of-pocket expenditure (OOP) per capita in US$,numeric,AFR,Africa,Country,MLI,Mali,Year,2002,false,,,,,,,,,,,,,9.82,,,,,,9.82,,,EN,2025-12-04T23:00:00.000Z
GHED_OOP_pc_US_SHA2011,Out-of-pocket expenditure (OOP) per capita in US$,numeric,AFR,Africa,Country,KEN,Kenya,Year,2002,false,,,,,,,,,,,,,9.95,,,,,,9.95,,,EN,2025-12-04T23:00:00.000Z
GHED_OOP_pc_US_SHA2011,Out-of-pocket expenditure (OOP) per capita in US$,numeric,AMR,Americas,Country,BRA,Brazil,Year,2002,false,,,,,,,,,,,,,90.42,,,,,,90.42,,,EN,2025-12-04T23:00:00.000Z
GHED_OOP_pc_US_SHA2011,Out-of-pocket expenditure (OOP) per capita in US$,numeric,AMR,Americas,Country,DMA,Dominica,Year,2002,false,,,,,,,,,,,,,94.61,,,,,,94.61,,,EN,2025-12-04T23:00:00.000Z
GHED_OOP_pc_US_SHA2011,Out-of-pocket expenditure (OOP) per capita in US$,numeric,AMR,Americas,Country,URY,Uruguay,Year,2002,false,,,,,,,,,,,,,94.69,,,,,,94.69,,,EN,2025-12-04T23:00:00.000Z
GHED_OOP_pc_US_SHA2011,Out-of-pocket expenditure (OOP) per capita in US$,numeric,WPR,Western Pacific,Country,KIR,Kiribati,Year,2001,false,,,,,,,,,,,,,0.086,,,,,,0.09,,,EN,2025-12-04T23:00:00.000Z
GHED_OOP_pc_US_SHA2011,Out-of-pocket expenditure (OOP) per capita in US$,numeric,AFR,Africa,Country,MWI,Malawi,Year,2001,false,,,,,,,,,,,,,1.38,,,,,,1.38,,,EN,2025-12-04T23:00:00.000Z
GHED_OOP_pc_US_SHA2011,Out-of-pocket expenditure (OOP) per capita in US$,numeric,WPR,Western Pacific,Country,PNG,Papua New Guinea,Year,2001,false,,,,,,,,,,,,,1.61,,,,,,1.61,,,EN,2025-12-04T23:00:00.000Z
GHED_OOP_pc_US_SHA2011,Out-of-pocket expenditure (OOP) per capita in US$,numeric,WPR,Western Pacific,Country,TUV,Tuvalu,Year,2001,false,,,,,,,,,,,,,1.87,,,,,,1.87,,,EN,2025-12-04T23:00:00.000Z
GHED_OOP_pc_US_SHA2011,Out-of-pocket expenditure (OOP) per capita in US$,numeric,AFR,Africa,Country,ETH,Ethiopia,Year,2001,false,,,,,,,,,,,,,1.9,,,,,,1.90,,,EN,2025-12-04T23:00:00.000Z
GHED_OOP_pc_US_SHA2011,Out-of-pocket expenditure (OOP) per capita in US$,numeric,AFR,Africa,Country,KEN,Kenya,Year,2001,false,,,,,,,,,,,,,10.26,,,,,,10.26,,,EN,2025-12-04T23:00:00.000Z
GHED_OOP_pc_US_SHA2011,Out-of-pocket expenditure (OOP) per capita in US$,numeric,AFR,Africa,Country,TGO,Togo,Year,2001,false,,,,,,,,,,,,,10.5,,,,,,10.50,,,EN,2025-12-04T23:00:00.000Z
GHED_OOP_pc_US_SHA2011,Out-of-pocket expenditure (OOP) per capita in US$,numeric,WPR,Western Pacific,Country,NRU,Nauru,Year,2001,false,,,,,,,,,,,,,10.57,,,,,,10.57,,,EN,2025-12-04T23:00:00.000Z
GHED_OOP_pc_US_SHA2011,Out-of-pocket expenditure (OOP) per capita in US$,numeric,EMR,Eastern Mediterranean,Country,YEM,Yemen,Year,2001,false,,,,,,,,,,,,,10.75,,,,,,10.75,,,EN,2025-12-04T23:00:00.000Z
GHED_OOP_pc_US_SHA2011,Out-of-pocket expenditure (OOP) per capita in US$,numeric,AFR,Africa,Country,NGA,Nigeria,Year,2001,false,,,,,,,,,,,,,10.91,,,,,,10.91,,,EN,2025-12-04T23:00:00.000Z
GHED_OOP_pc_US_SHA2011,Out-of-pocket expenditure (OOP) per capita in US$,numeric,EUR,Europe,Country,LVA,Latvia,Year,2001,false,,,,,,,,,,,,,100.2,,,,,,100.15,,,EN,2025-12-04T23:00:00.000Z
GHED_OOP_pc_US_SHA2011,Out-of-pocket expenditure (OOP) per capita in US$,numeric,AMR,Americas,Country,BRA,Brazil,Year,2001,false,,,,,,,,,,,,,102.7,,,,,,102.67,,,EN,2025-12-04T23:00:00.000Z
GHED_OOP_pc_US_SHA2011,Out-of-pocket expenditure (OOP) per capita in US$,numeric,EUR,Europe,Country,HUN,Hungary,Year,2001,false,,,,,,,,,,,,,103.6,,,,,,103.64,,,EN,2025-12-04T23:00:00.000Z
GHED_OOP_pc_US_SHA2011,Out-of-pocket expenditure (OOP) per capita in US$,numeric,EMR,Eastern Mediterranean,Country,ARE,United Arab Emirates,Year,2001,false,,,,,,,,,,,,,104,,,,,,103.99,,,EN,2025-12-04T23:00:00.000Z
GHED_OOP_pc_US_SHA2011,Out-of-pocket expenditure (OOP) per capita in US$,numeric,EUR,Europe,Country,SVN,Slovenia,Year,2001,false,,,,,,,,,,,,,106.6,,,,,,106.61,,,EN,2025-12-04T23:00:00.000Z
GHED_OOP_pc_US_SHA2011,Out-of-pocket expenditure (OOP) per capita in US$,numeric,WPR,Western Pacific,Country,PLW,Palau,Year,2001,false,,,,,,,,,,,,,108.2,,,,,,108.23,,,EN,2025-12-04T23:00:00.000Z
GHED_OOP_pc_US_SHA2011,Out-of-pocket expenditure (OOP) per capita in US$,numeric,EMR,Eastern Mediterranean,Country,KWT,Kuwait,Year,2001,false,,,,,,,,,,,,,108.8,,,,,,108.79,,,EN,2025-12-04T23:00:00.000Z
GHED_OOP_pc_US_SHA2011,Out-of-pocket expenditure (OOP) per capita in US$,numeric,EUR,Europe,Country,CHE,Switzerland,Year,2001,false,,,,,,,,,,,,,1130,,,,,,1130.02,,,EN,2025-12-04T23:00:00.000Z
GHED_OOP_pc_US_SHA2011,Out-of-pocket expenditure (OOP) per capita in US$,numeric,EMR,Eastern Mediterranean,Country,LBY,Libya,Year,2001,false,,,,,,,,,,,,,116.4,,,,,,116.45,,,EN,2025-12-04T23:00:00.000Z
GHED_OOP_pc_US_SHA2011,Out-of-pocket expenditure (OOP) per capita in US$,numeric,WPR,Western Pacific,Country,PHL,Philippines,Year,2001,false,,,,,,,,,,,,,12.32,,,,,,12.32,,,EN,2025-12-04T23:00:00.000Z
GHED_OOP_pc_US_SHA2011,Out-of-pocket expenditure (OOP) per capita in US$,numeric,AMR,Americas,Country,HTI,Haiti,Year,2001,false,,,,,,,,,,,,,12.38,,,,,,12.38,,,EN,2025-12-04T23:00:00.000Z
GHED_OOP_pc_US_SHA2011,Out-of-pocket expenditure (OOP) per capita in US$,numeric,AFR,Africa,Country,SEN,Senegal,Year,2001,false,,,,,,,,,,,,,12.38,,,,,,12.38,,,EN,2025-12-04T23:00:00.000Z
GHED_OOP_pc_US_SHA2011,Out-of-pocket expenditure (OOP) per capita in US$,numeric,EMR,Eastern Mediterranean,Country,BHR,Bahrain,Year,2001,false,,,,,,,,,,,,,122.5,,,,,,122.52,,,EN,2025-12-04T23:00:00.000Z
GHED_OOP_pc_US_SHA2011,Out-of-pocket expenditure (OOP) per capita in US$,numeric,AFR,Africa,Country,AGO,Angola,Year,2001,false,,,,,,,,,,,,,13.19,,,,,,13.19,,,EN,2025-12-04T23:00:00.000Z
GHED_OOP_pc_US_SHA2011,Out-of-pocket expenditure (OOP) per capita in US$,numeric,EUR,Europe,Country,MDA,Republic of Moldova,Year,2001,false,,,,,,,,,,,,,13.19,,,,,,13.19,,,EN,2025-12-04T23:00:00.000Z
GHED_OOP_pc_US_SHA2011,Out-of-pocket expenditure (OOP) per capita in US$,numeric,EUR,Europe,Country,AZE,Azerbaijan,Year,2001,false,,,,,,,,,,,,,13.36,,,,,,13.36,,,EN,2025-12-04T23:00:00.000Z
GHED_OOP_pc_US_SHA2011,Out-of-pocket expenditure (OOP) per capita in US$,numeric,AFR,Africa,Country,NAM,Namibia,Year,2001,false,,,,,,,,,,,,,13.45,,,,,,13.45,,,EN,2025-12-04T23:00:00.000Z
GHED_OOP_pc_US_SHA2011,Out-of-pocket expenditure (OOP) per capita in US$,numeric,AFR,Africa,Country,SWZ,Eswatini,Year,2001,false,,,,,,,,,,,,,13.47,,,,,,13.47,,,EN,2025-12-04T23:00:00.000Z
GHED_OOP_pc_US_SHA2011,Out-of-pocket expenditure (OOP) per capita in US$,numeric,AFR,Africa,Country,GIN,Guinea,Year,2001,false,,,,,,,,,,,,,13.8,,,,,,13.80,,,EN,2025-12-04T23:00:00.000Z
GHED_OOP_pc_US_SHA2011,Out-of-pocket expenditure (OOP) per capita in US$,numeric,WPR,Western Pacific,Country,KHM,Cambodia,Year,2001,false,,,,,,,,,,,,,13.84,,,,,,13.84,,,EN,2025-12-04T23:00:00.000Z
GHED_OOP_pc_US_SHA2011,Out-of-pocket expenditure (OOP) per capita in US$,numeric,AMR,Americas,Country,ATG,Antigua and Barbuda,Year,2001,false,,,,,,,,,,,,,130.2,,,,,,130.16,,,EN,2025-12-04T23:00:00.000Z
GHED_OOP_pc_US_SHA2011,Out-of-pocket expenditure (OOP) per capita in US$,numeric,SEAR,South-East Asia,Country,MDV,Maldives,Year,2001,false,,,,,,,,,,,,,132.1,,,,,,132.05,,,EN,2025-12-04T23:00:00.000Z
GHED_OOP_pc_US_SHA2011,Out-of-pocket expenditure (OOP) per capita in US$,numeric,AMR,Americas,Country,CHL,Chile,Year,2001,false,,,,,,,,,,,,,137.9,,,,,,137.92,,,EN,2025-12-04T23:00:00.000Z
GHED_OOP_pc_US_SHA2011,Out-of-pocket expenditure (OOP) per capita in US$,numeric,AMR,Americas,Country,TTO,Trinidad and Tobago,Year,2001,false,,,,,,,,,,,,,139.9,,,,,,139.94,,,EN,2025-12-04T23:00:00.000Z
GHED_OOP_pc_US_SHA2011,Out-of-pocket expenditure (OOP) per capita in US$,numeric,AFR,Africa,Country,DZA,Algeria,Year,2001,false,,,,,,,,,,,,,14.53,,,,,,14.53,,,EN,2025-12-04T23:00:00.000Z
GHED_OOP_pc_US_SHA2011,Out-of-pocket expenditure (OOP) per capita in US$,numeric,SEAR,South-East Asia,Country,IND,India,Year,2001,false,,,,,,,,,,,,,14.63,,,,,,14.63,,,EN,2025-12-04T23:00:00.000Z
GHED_OOP_pc_US_SHA2011,Out-of-pocket expenditure (OOP) per capita in US$,numeric,AFR,Africa,Country,CPV,Cabo Verde,Year,2001,false,,,,,,,,,,,,,14.83,,,,,,14.83,,,EN,2025-12-04T23:00:00.000Z
GHED_OOP_pc_US_SHA2011,Out-of-pocket expenditure (OOP) per capita in US$,numeric,AMR,Americas,Country,BOL,Bolivia (Plurinational State of),Year,2001,false,,,,,,,,,,,,,14.84,,,,,,14.84,,,EN,2025-12-04T23:00:00.000Z
GHED_OOP_pc_US_SHA2011,Out-of-pocket expenditure (OOP) per capita in US$,numeric,EUR,Europe,Country,ROU,Romania,Year,2001,false,,,,,,,,,,,,,14.93,,,,,,14.93,,,EN,2025-12-04T23:00:00.000Z
GHED_OOP_pc_US_SHA2011,Out-of-pocket expenditure (OOP) per capita in US$,numeric,AFR,Africa,Country,SLE,Sierra Leone,Year,2001,false,,,,,,,,,,,,,15.03,,,,,,15.03,,,EN,2025-12-04T23:00:00.000Z
GHED_OOP_pc_US_SHA2011,Out-of-pocket expenditure (OOP) per capita in US$,numeric,EUR,Europe,Country,BLR,Belarus,Year,2001,false,,,,,,,,,,,,,15.2,,,,,,15.20,,,EN,2025-12-04T23:00:00.000Z
GHED_OOP_pc_US_SHA2011,Out-of-pocket expenditure (OOP) per capita in US$,numeric,AMR,Americas,Country,GRD,Grenada,Year,2001,false,,,,,,,,,,,,,152.1,,,,,,152.10,,,EN,2025-12-04T23:00:00.000Z
GHED_OOP_pc_US_SHA2011,Out-of-pocket expenditure (OOP) per capita in US$,numeric,AFR,Africa,Country,GNQ,Equatorial Guinea,Year,2001,false,,,,,,,,,,,,,16.08,,,,,,16.08,,,EN,2025-12-04T23:00:00.000Z
GHED_OOP_pc_US_SHA2011,Out-of-pocket expenditure (OOP) per capita in US$,numeric,EMR,Eastern Mediterranean,Country,DJI,Djibouti,Year,2001,false,,,,,,,,,,,,,16.15,,,,,,16.15,,,EN,2025-12-04T23:00:00.000Z
GHED_OOP_pc_US_SHA2011,Out-of-pocket expenditure (OOP) per capita in US$,numeric,EUR,Europe,Country,ARM,Armenia,Year,2001,false,,,,,,,,,,,,,16.23,,,,,,16.23,,,EN,2025-12-04T23:00:00.000Z
GHED_OOP_pc_US_SHA2011,Out-of-pocket expenditure (OOP) per capita in US$,numeric,SEAR,South-East Asia,Country,LKA,Sri Lanka,Year,2001,false,,,,,,,,,,,,,16.38,,,,,,16.38,,,EN,2025-12-04T23:00:00.000Z
GHED_OOP_pc_US_SHA2011,Out-of-pocket expenditure (OOP) per capita in US$,numeric,EUR,Europe,Country,FRA,France,Year,2001,false,,,,,,,,,,,,,160.9,,,,,,160.85,,,EN,2025-12-04T23:00:00.000Z
GHED_OOP_pc_US_SHA2011,Out-of-pocket expenditure (OOP) per capita in US$,numeric,AMR,Americas,Country,LCA,Saint Lucia,Year,2001,false,,,,,,,,,,,,,162.1,,,,,,162.13,,,EN,2025-12-04T23:00:00.000Z
GHED_OOP_pc_US_SHA2011,Out-of-pocket expenditure (OOP) per capita in US$,numeric,AMR,Americas,Country,URY,Uruguay,Year,2001,false,,,,,,,,,,,,,163.5,,,,,,163.49,,,EN,2025-12-04T23:00:00.000Z
GHED_OOP_pc_US_SHA2011,Out-of-pocket expenditure (OOP) per capita in US$,numeric,EMR,Eastern Mediterranean,Country,QAT,Qatar,Year,2001,false,,,,,,,,,,,,,164.1,,,,,,164.15,,,EN,2025-12-04T23:00:00.000Z
GHED_OOP_pc_US_SHA2011,Out-of-pocket expenditure (OOP) per capita in US$,numeric,AFR,Africa,Country,MRT,Mauritania,Year,2001,false,,,,,,,,,,,,,17.96,,,,,,17.96,,,EN,2025-12-04T23:00:00.000Z
GHED_OOP_pc_US_SHA2011,Out-of-pocket expenditure (OOP) per capita in US$,numeric,WPR,Western Pacific,Country,NZL,New Zealand,Year,2001,false,,,,,,,,,,,,,179,,,,,,178.99,,,EN,2025-12-04T23:00:00.000Z
GHED_OOP_pc_US_SHA2011,Out-of-pocket expenditure (OOP) per capita in US$,numeric,EUR,Europe,Country,UZB,Uzbekistan,Year,2001,false,,,,,,,,,,,,,18.53,,,,,,18.53,,,EN,2025-12-04T23:00:00.000Z
GHED_OOP_pc_US_SHA2011,Out-of-pocket expenditure (OOP) per capita in US$,numeric,AMR,Americas,Country,COL,Colombia,Year,2001,false,,,,,,,,,,,,,18.55,,,,,,18.55,,,EN,2025-12-04T23:00:00.000Z
GHED_OOP_pc_US_SHA2011,Out-of-pocket expenditure (OOP) per capita in US$,numeric,WPR,Western Pacific,Country,COK,Cook Islands,Year,2001,false,,,,,,,,,,,,,18.65,,,,,,18.65,,,EN,2025-12-04T23:00:00.000Z
GHED_OOP_pc_US_SHA2011,Out-of-pocket expenditure (OOP) per capita in US$,numeric,AFR,Africa,Country,BWA,Botswana,Year,2001,false,,,,,,,,,,,,,19.2,,,,,,19.20,,,EN,2025-12-04T23:00:00.000Z
GHED_OOP_pc_US_SHA2011,Out-of-pocket expenditure (OOP) per capita in US$,numeric,SEAR,South-East Asia,Country,THA,Thailand,Year,2001,false,,,,,,,,,,,,,19.44,,,,,,19.44,,,EN,2025-12-04T23:00:00.000Z
GHED_OOP_pc_US_SHA2011,Out-of-pocket expenditure (OOP) per capita in US$,numeric,EUR,Europe,Country,IRL,Ireland,Year,2001,false,,,,,,,,,,,,,194.2,,,,,,194.17,,,EN,2025-12-04T23:00:00.000Z
GHED_OOP_pc_US_SHA2011,Out-of-pocket expenditure (OOP) per capita in US$,numeric,AMR,Americas,Country,MEX,Mexico,Year,2001,false,,,,,,,,,,,,,194.7,,,,,,194.69,,,EN,2025-12-04T23:00:00.000Z
GHED_OOP_pc_US_SHA2011,Out-of-pocket expenditure (OOP) per capita in US$,numeric,AMR,Americas,Country,ARG,Argentina,Year,2001,false,,,,,,,,,,,,,197.1,,,,,,197.12,,,EN,2025-12-04T23:00:00.000Z
GHED_OOP_pc_US_SHA2011,Out-of-pocket expenditure (OOP) per capita in US$,numeric,AFR,Africa,Country,RWA,Rwanda,Year,2001,false,,,,,,,,,,,,,2.18,,,,,,2.18,,,EN,2025-12-04T23:00:00.000Z
GHED_OOP_pc_US_SHA2011,Out-of-pocket expenditure (OOP) per capita in US$,numeric,AFR,Africa,Country,MOZ,Mozambique,Year,2001,false,,,,,,,,,,,,,2.28,,,,,,2.28,,,EN,2025-12-04T23:00:00.000Z
GHED_OOP_pc_US_SHA2011,Out-of-pocket expenditure (OOP) per capita in US$,numeric,WPR,Western Pacific,Country,SLB,Solomon Islands,Year,2001,false,,,,,,,,,,,,,2.79,,,,,,2.79,,,EN,2025-12-04T23:00:00.000Z
GHED_OOP_pc_US_SHA2011,Out-of-pocket expenditure (OOP) per capita in US$,numeric,SEAR,South-East Asia,Country,BTN,Bhutan,Year,2001,false,,,,,,,,,,,,,2.82,,,,,,2.82,,,EN,2025-12-04T23:00:00.000Z
GHED_OOP_pc_US_SHA2011,Out-of-pocket expenditure (OOP) per capita in US$,numeric,AFR,Africa,Country,STP,Sao Tome and Principe,Year,2001,false,,,,,,,,,,,,,20.57,,,,,,20.57,,,EN,2025-12-04T23:00:00.000Z
GHED_OOP_pc_US_SHA2011,Out-of-pocket expenditure (OOP) per capita in US$,numeric,EUR,Europe,Country,UKR,Ukraine,Year,2001,false,,,,,,,,,,,,,20.82,,,,,,20.82,,,EN,2025-12-04T23:00:00.000Z
GHED_OOP_pc_US_SHA2011,Out-of-pocket expenditure (OOP) per capita in US$,numeric,EUR,Europe,Country,MLT,Malta,Year,2001,false,,,,,,,,,,,,,203.5,,,,,,203.51,,,EN,2025-12-04T23:00:00.000Z
GHED_OOP_pc_US_SHA2011,Out-of-pocket expenditure (OOP) per capita in US$,numeric,WPR,Western Pacific,Country,KOR,Republic of Korea,Year,2001,false,,,,,,,,,,,,,207.9,,,,,,207.90,,,EN,2025-12-04T23:00:00.000Z
GHED_OOP_pc_US_SHA2011,Out-of-pocket expenditure (OOP) per capita in US$,numeric,EUR,Europe,Country,KAZ,Kazakhstan,Year,2001,false,,,,,,,,,,,,,21.09,,,,,,21.09,,,EN,2025-12-04T23:00:00.000Z
GHED_OOP_pc_US_SHA2011,Out-of-pocket expenditure (OOP) per capita in US$,numeric,EUR,Europe,Country,MCO,Monaco,Year,2001,false,,,,,,,,,,,,,211.7,,,,,,211.74,,,EN,2025-12-04T23:00:00.000Z
GHED_OOP_pc_US_SHA2011,Out-of-pocket expenditure (OOP) per capita in US$,numeric,EUR,Europe,Country,AND,Andorra,Year,2001,false,,,,,,,,,,,,,214.3,,,,,,214.29,,,EN,2025-12-04T23:00:00.000Z
GHED_OOP_pc_US_SHA2011,Out-of-pocket expenditure (OOP) per capita in US$,numeric,AFR,Africa,Country,CMR,Cameroon,Year,2001,false,,,,,,,,,,,,,22.4,,,,,,22.40,,,EN,2025-12-04T23:00:00.000Z
GHED_OOP_pc_US_SHA2011,Out-of-pocket expenditure (OOP) per capita in US$,numeric,AMR,Americas,Country,KNA,Saint Kitts and Nevis,Year,2001,false,,,,,,,,,,,,,224.8,,,,,,224.82,,,EN,2025-12-04T23:00:00.000Z
GHED_OOP_pc_US_SHA2011,Out-of-pocket expenditure (OOP) per capita in US$,numeric,EUR,Europe,Country,NLD,Netherlands (Kingdom of the),Year,2001,false,,,,,,,,,,,,,227.7,,,,,,227.73,,,EN,2025-12-04T23:00:00.000Z
GHED_OOP_pc_US_SHA2011,Out-of-pocket expenditure (OOP) per capita in US$,numeric,EMR,Eastern Mediterranean,Country,LBN,Lebanon,Year,2001,false,,,,,,,,,,,,,228.5,,,,,,228.46,,,EN,2025-12-04T23:00:00.000Z
GHED_OOP_pc_US_SHA2011,Out-of-pocket expenditure (OOP) per capita in US$,numeric,EUR,Europe,Country,SVK,Slovakia,Year,2001,false,,,,,,,,,,,,,23.14,,,,,,23.14,,,EN,2025-12-04T23:00:00.000Z
GHED_OOP_pc_US_SHA2011,Out-of-pocket expenditure (OOP) per capita in US$,numeric,AMR,Americas,Country,NIC,Nicaragua,Year,2001,false,,,,,,,,,,,,,23.3,,,,,,23.30,,,EN,2025-12-04T23:00:00.000Z
GHED_OOP_pc_US_SHA2011,Out-of-pocket expenditure (OOP) per capita in US$,numeric,AFR,Africa,Country,CIV,Cote d'Ivoire,Year,2001,false,,,,,,,,,,,,,23.62,,,,,,23.62,,,EN,2025-12-04T23:00:00.000Z
GHED_OOP_pc_US_SHA2011,Out-of-pocket expenditure (OOP) per capita in US$,numeric,AMR,Americas,Country,BRB,Barbados,Year,2001,false,,,,,,,,,,,,,244.8,,,,,,244.76,,,EN,2025-12-04T23:00:00.000Z
GHED_OOP_pc_US_SHA2011,Out-of-pocket expenditure (OOP) per capita in US$,numeric,AMR,Americas,Country,SUR,Suriname,Year,2001,false,,,,,,,,,,,,,25.07,,,,,,25.07,,,EN,2025-12-04T23:00:00.000Z
GHED_OOP_pc_US_SHA2011,Out-of-pocket expenditure (OOP) per capita in US$,numeric,AMR,Americas,Country,GUY,Guyana,Year,2001,false,,,,,,,,,,,,,25.4,,,,,,25.40,,,EN,2025-12-04T23:00:00.000Z
GHED_OOP_pc_US_SHA2011,Out-of-pocket expenditure (OOP) per capita in US$,numeric,EUR,Europe,Country,PRT,Portugal,Year,2001,false,,,,,,,,,,,,,255,,,,,,254.99,,,EN,2025-12-04T23:00:00.000Z
GHED_OOP_pc_US_SHA2011,Out-of-pocket expenditure (OOP) per capita in US$,numeric,EUR,Europe,Country,ESP,Spain,Year,2001,false,,,,,,,,,,,,,259.7,,,,,,259.72,,,EN,2025-12-04T23:00:00.000Z
GHED_OOP_pc_US_SHA2011,Out-of-pocket expenditure (OOP) per capita in US$,numeric,EUR,Europe,Country,DEU,Germany,Year,2001,false,,,,,,,,,,,,,275.5,,,,,,275.46,,,EN,2025-12-04T23:00:00.000Z
GHED_OOP_pc_US_SHA2011,Out-of-pocket expenditure (OOP) per capita in US$,numeric,WPR,Western Pacific,Country,CHN,China,Year,2001,false,,,,,,,,,,,,,28.48,,,,,,28.48,,,EN,2025-12-04T23:00:00.000Z
GHED_OOP_pc_US_SHA2011,Out-of-pocket expenditure (OOP) per capita in US$,numeric,AFR,Africa,Country,ZAF,South Africa,Year,2001,false,,,,,,,,,,,,,28.65,,,,,,28.65,,,EN,2025-12-04T23:00:00.000Z
GHED_OOP_pc_US_SHA2011,Out-of-pocket expenditure (OOP) per capita in US$,numeric,AMR,Americas,Country,BHS,Bahamas,Year,2001,false,,,,,,,,,,,,,281.1,,,,,,281.11,,,EN,2025-12-04T23:00:00.000Z
GHED_OOP_pc_US_SHA2011,Out-of-pocket expenditure (OOP) per capita in US$,numeric,EMR,Eastern Mediterranean,Country,OMN,Oman,Year,2001,false,,,,,,,,,,,,,29.25,,,,,,29.25,,,EN,2025-12-04T23:00:00.000Z
GHED_OOP_pc_US_SHA2011,Out-of-pocket expenditure (OOP) per capita in US$,numeric,AFR,Africa,Country,BDI,Burundi,Year,2001,false,,,,,,,,,,,,,3.41,,,,,,3.41,,,EN,2025-12-04T23:00:00.000Z
GHED_OOP_pc_US_SHA2011,Out-of-pocket expenditure (OOP) per capita in US$,numeric,AFR,Africa,Country,LBR,Liberia,Year,2001,false,,,,,,,,,,,,,3.7,,,,,,3.70,,,EN,2025-12-04T23:00:00.000Z
GHED_OOP_pc_US_SHA2011,Out-of-pocket expenditure (OOP) per capita in US$,numeric,AFR,Africa,Country,COD,Democratic Republic of the Congo,Year,2001,false,,,,,,,,,,,,,3.93,,,,,,3.93,,,EN,2025-12-04T23:00:00.000Z
GHED_OOP_pc_US_SHA2011,Out-of-pocket expenditure (OOP) per capita in US$,numeric,SEAR,South-East Asia,Country,MMR,Myanmar,Year,2001,false,,,,,,,,,,,,,3.97,,,,,,3.97,,,EN,2025-12-04T23:00:00.000Z
GHED_OOP_pc_US_SHA2011,Out-of-pocket expenditure (OOP) per capita in US$,numeric,EMR,Eastern Mediterranean,Country,MAR,Morocco,Year,2001,false,,,,,,,,,,,,,30.12,,,,,,30.12,,,EN,2025-12-04T23:00:00.000Z
GHED_OOP_pc_US_SHA2011,Out-of-pocket expenditure (OOP) per capita in US$,numeric,EUR,Europe,Country,SRB,Serbia,Year,2001,false,,,,,,,,,,,,,31.96,,,,,,31.96,,,EN,2025-12-04T23:00:00.000Z
GHED_OOP_pc_US_SHA2011,Out-of-pocket expenditure (OOP) per capita in US$,numeric,WPR,Western Pacific,Country,AUS,Australia,Year,2001,false,,,,,,,,,,,,,316.9,,,,,,316.88,,,EN,2025-12-04T23:00:00.000Z
GHED_OOP_pc_US_SHA2011,Out-of-pocket expenditure (OOP) per capita in US$,numeric,AMR,Americas,Country,CAN,Canada,Year,2001,false,,,,,,,,,,,,,325.2,,,,,,325.19,,,EN,2025-12-04T23:00:00.000Z
GHED_OOP_pc_US_SHA2011,Out-of-pocket expenditure (OOP) per capita in US$,numeric,EMR,Eastern Mediterranean,Country,SYR,Syrian Arab Republic,Year,2001,false,,,,,,,,,,,,,33.57,,,,,,33.57,,,EN,2025-12-04T23:00:00.000Z
GHED_OOP_pc_US_SHA2011,Out-of-pocket expenditure (OOP) per capita in US$,numeric,EUR,Europe,Country,TUR,Türkiye,Year,2001,false,,,,,,,,,,,,,34.88,,,,,,34.88,,,EN,2025-12-04T23:00:00.000Z
GHED_OOP_pc_US_SHA2011,Out-of-pocket expenditure (OOP) per capita in US$,numeric,EUR,Europe,Country,GRC,Greece,Year,2001,false,,,,,,,,,,,,,349.5,,,,,,349.46,,,EN,2025-12-04T23:00:00.000Z
GHED_OOP_pc_US_SHA2011,Out-of-pocket expenditure (OOP) per capita in US$,numeric,AMR,Americas,Country,HND,Honduras,Year,2001,false,,,,,,,,,,,,,35.26,,,,,,35.26,,,EN,2025-12-04T23:00:00.000Z
GHED_OOP_pc_US_SHA2011,Out-of-pocket expenditure (OOP) per capita in US$,numeric,EUR,Europe,Country,RUS,Russian Federation,Year,2001,false,,,,,,,,,,,,,36.3,,,,,,36.30,,,EN,2025-12-04T23:00:00.000Z
GHED_OOP_pc_US_SHA2011,Out-of-pocket expenditure (OOP) per capita in US$,numeric,EUR,Europe,Country,ALB,Albania,Year,2001,false,,,,,,,,,,,,,36.32,,,,,,36.32,,,EN,2025-12-04T23:00:00.000Z
GHED_OOP_pc_US_SHA2011,Out-of-pocket expenditure (OOP) per capita in US$,numeric,AMR,Americas,Country,PER,Peru,Year,2001,false,,,,,,,,,,,,,36.33,,,,,,36.33,,,EN,2025-12-04T23:00:00.000Z
GHED_OOP_pc_US_SHA2011,Out-of-pocket expenditure (OOP) per capita in US$,numeric,AFR,Africa,Country,COM,Comoros,Year,2001,false,,,,,,,,,,,,,36.85,,,,,,36.85,,,EN,2025-12-04T23:00:00.000Z
GHED_OOP_pc_US_SHA2011,Out-of-pocket expenditure (OOP) per capita in US$,numeric,EUR,Europe,Country,BEL,Belgium,Year,2001,false,,,,,,,,,,,,,367.8,,,,,,367.83,,,EN,2025-12-04T23:00:00.000Z
GHED_OOP_pc_US_SHA2011,Out-of-pocket expenditure (OOP) per capita in US$,numeric,AMR,Americas,Country,CUB,Cuba,Year,2001,false,,,,,,,,,,,,,37.13,,,,,,37.13,,,EN,2025-12-04T23:00:00.000Z
GHED_OOP_pc_US_SHA2011,Out-of-pocket expenditure (OOP) per capita in US$,numeric,EUR,Europe,Country,SWE,Sweden,Year,2001,false,,,,,,,,,,,,,370.5,,,,,,370.54,,,EN,2025-12-04T23:00:00.000Z
GHED_OOP_pc_US_SHA2011,Out-of-pocket expenditure (OOP) per capita in US$,numeric,EUR,Europe,Country,GBR,United Kingdom of Great Britain and Northern Ireland,Year,2001,false,,,,,,,,,,,,,374.4,,,,,,374.41,,,EN,2025-12-04T23:00:00.000Z
GHED_OOP_pc_US_SHA2011,Out-of-pocket expenditure (OOP) per capita in US$,numeric,WPR,Western Pacific,Country,SGP,Singapore,Year,2001,false,,,,,,,,,,,,,383.6,,,,,,383.58,,,EN,2025-12-04T23:00:00.000Z
GHED_OOP_pc_US_SHA2011,Out-of-pocket expenditure (OOP) per capita in US$,numeric,EUR,Europe,Country,FIN,Finland,Year,2001,false,,,,,,,,,,,,,384.2,,,,,,384.15,,,EN,2025-12-04T23:00:00.000Z
GHED_OOP_pc_US_SHA2011,Out-of-pocket expenditure (OOP) per capita in US$,numeric,EUR,Europe,Country,ITA,Italy,Year,2001,false,,,,,,,,,,,,,388.4,,,,,,388.36,,,EN,2025-12-04T23:00:00.000Z
GHED_OOP_pc_US_SHA2011,Out-of-pocket expenditure (OOP) per capita in US$,numeric,EUR,Europe,Country,DNK,Denmark,Year,2001,false,,,,,,,,,,,,,392.7,,,,,,392.71,,,EN,2025-12-04T23:00:00.000Z
GHED_OOP_pc_US_SHA2011,Out-of-pocket expenditure (OOP) per capita in US$,numeric,WPR,Western Pacific,Country,JPN,Japan,Year,2001,false,,,,,,,,,,,,,392.9,,,,,,392.85,,,EN,2025-12-04T23:00:00.000Z
GHED_OOP_pc_US_SHA2011,Out-of-pocket expenditure (OOP) per capita in US$,numeric,AFR,Africa,Country,GHA,Ghana,Year,2001,false,,,,,,,,,,,,,4.08,,,,,,4.08,,,EN,2025-12-04T23:00:00.000Z
GHED_OOP_pc_US_SHA2011,Out-of-pocket expenditure (OOP) per capita in US$,numeric,WPR,Western Pacific,Country,MHL,Marshall Islands,Year,2001,false,,,,,,,,,,,,,4.53,,,,,,4.53,,,EN,2025-12-04T23:00:00.000Z
GHED_OOP_pc_US_SHA2011,Out-of-pocket expenditure (OOP) per capita in US$,numeric,WPR,Western Pacific,Country,NIU,Niue,Year,2001,false,,,,,,,,,,,,,4.86,,,,,,4.86,,,EN,2025-12-04T23:00:00.000Z
GHED_OOP_pc_US_SHA2011,Out-of-pocket expenditure (OOP) per capita in US$,numeric,AFR,Africa,Country,CAF,Central African Republic,Year,2001,false,,,,,,,,,,,,,4.98,,,,,,4.98,,,EN,2025-12-04T23:00:00.000Z
GHED_OOP_pc_US_SHA2011,Out-of-pocket expenditure (OOP) per capita in US$,numeric,WPR,Western Pacific,Country,VUT,Vanuatu,Year,2001,false,,,,,,,,,,,,,4.98,,,,,,4.98,,,EN,2025-12-04T23:00:00.000Z
GHED_OOP_pc_US_SHA2011,Out-of-pocket expenditure (OOP) per capita in US$,numeric,WPR,Western Pacific,Country,MYS,Malaysia,Year,2001,false,,,,,,,,,,,,,41.02,,,,,,41.02,,,EN,2025-12-04T23:00:00.000Z
GHED_OOP_pc_US_SHA2011,Out-of-pocket expenditure (OOP) per capita in US$,numeric,EUR,Europe,Country,EST,Estonia,Year,2001,false,,,,,,,,,,,,,41.32,,,,,,41.32,,,EN,2025-12-04T23:00:00.000Z
GHED_OOP_pc_US_SHA2011,Out-of-pocket expenditure (OOP) per capita in US$,numeric,EUR,Europe,Country,CZE,Czechia,Year,2001,false,,,,,,,,,,,,,41.35,,,,,,41.35,,,EN,2025-12-04T23:00:00.000Z
GHED_OOP_pc_US_SHA2011,Out-of-pocket expenditure (OOP) per capita in US$,numeric,EUR,Europe,Country,LUX,Luxembourg,Year,2001,false,,,,,,,,,,,,,424.6,,,,,,424.64,,,EN,2025-12-04T23:00:00.000Z
GHED_OOP_pc_US_SHA2011,Out-of-pocket expenditure (OOP) per capita in US$,numeric,EUR,Europe,Country,GEO,Georgia,Year,2001,false,,,,,,,,,,,,,43.09,,,,,,43.09,,,EN,2025-12-04T23:00:00.000Z
GHED_OOP_pc_US_SHA2011,Out-of-pocket expenditure (OOP) per capita in US$,numeric,AMR,Americas,Country,ECU,Ecuador,Year,2001,false,,,,,,,,,,,,,43.37,,,,,,43.37,,,EN,2025-12-04T23:00:00.000Z
GHED_OOP_pc_US_SHA2011,Out-of-pocket expenditure (OOP) per capita in US$,numeric,EUR,Europe,Country,BIH,Bosnia and Herzegovina,Year,2001,false,,,,,,,,,,,,,43.47,,,,,,43.47,,,EN,2025-12-04T23:00:00.000Z
GHED_OOP_pc_US_SHA2011,Out-of-pocket expenditure (OOP) per capita in US$,numeric,EMR,Eastern Mediterranean,Country,EGY,Egypt,Year,2001,false,,,,,,,,,,,,,43.83,,,,,,43.83,,,EN,2025-12-04T23:00:00.000Z
GHED_OOP_pc_US_SHA2011,Out-of-pocket expenditure (OOP) per capita in US$,numeric,EUR,Europe,Country,CYP,Cyprus,Year,2001,false,,,,,,,,,,,,,431.9,,,,,,431.88,,,EN,2025-12-04T23:00:00.000Z
GHED_OOP_pc_US_SHA2011,Out-of-pocket expenditure (OOP) per capita in US$,numeric,EMR,Eastern Mediterranean,Country,TUN,Tunisia,Year,2001,false,,,,,,,,,,,,,44.97,,,,,,44.97,,,EN,2025-12-04T23:00:00.000Z
GHED_OOP_pc_US_SHA2011,Out-of-pocket expenditure (OOP) per capita in US$,numeric,EUR,Europe,Country,AUT,Austria,Year,2001,false,,,,,,,,,,,,,450.5,,,,,,450.52,,,EN,2025-12-04T23:00:00.000Z
GHED_OOP_pc_US_SHA2011,Out-of-pocket expenditure (OOP) per capita in US$,numeric,EUR,Europe,Country,ISL,Iceland,Year,2001,false,,,,,,,,,,,,,457.2,,,,,,457.22,,,EN,2025-12-04T23:00:00.000Z
GHED_OOP_pc_US_SHA2011,Out-of-pocket expenditure (OOP) per capita in US$,numeric,EUR,Europe,Country,ISR,Israel,Year,2001,false,,,,,,,,,,,,,457.8,,,,,,457.82,,,EN,2025-12-04T23:00:00.000Z
GHED_OOP_pc_US_SHA2011,Out-of-pocket expenditure (OOP) per capita in US$,numeric,AMR,Americas,Country,VCT,Saint Vincent and the Grenadines,Year,2001,false,,,,,,,,,,,,,46.62,,,,,,46.62,,,EN,2025-12-04T23:00:00.000Z
GHED_OOP_pc_US_SHA2011,Out-of-pocket expenditure (OOP) per capita in US$,numeric,AMR,Americas,Country,PRY,Paraguay,Year,2001,false,,,,,,,,,,,,,48.12,,,,,,48.12,,,EN,2025-12-04T23:00:00.000Z
GHED_OOP_pc_US_SHA2011,Out-of-pocket expenditure (OOP) per capita in US$,numeric,AFR,Africa,Country,MDG,Madagascar,Year,2001,false,,,,,,,,,,,,,5.09,,,,,,5.09,,,EN,2025-12-04T23:00:00.000Z
GHED_OOP_pc_US_SHA2011,Out-of-pocket expenditure (OOP) per capita in US$,numeric,SEAR,South-East Asia,Country,NPL,Nepal,Year,2001,false,,,,,,,,,,,,,5.26,,,,,,5.26,,,EN,2025-12-04T23:00:00.000Z
GHED_OOP_pc_US_SHA2011,Out-of-pocket expenditure (OOP) per capita in US$,numeric,SEAR,South-East Asia,Country,BGD,Bangladesh,Year,2001,false,,,,,,,,,,,,,5.33,,,,,,5.33,,,EN,2025-12-04T23:00:00.000Z
GHED_OOP_pc_US_SHA2011,Out-of-pocket expenditure (OOP) per capita in US$,numeric,WPR,Western Pacific,Country,MNG,Mongolia,Year,2001,false,,,,,,,,,,,,,5.78,,,,,,5.78,,,EN,2025-12-04T23:00:00.000Z
GHED_OOP_pc_US_SHA2011,Out-of-pocket expenditure (OOP) per capita in US$,numeric,EUR,Europe,Country,TJK,Tajikistan,Year,2001,false,,,,,,,,,,,,,5.79,,,,,,5.79,,,EN,2025-12-04T23:00:00.000Z
GHED_OOP_pc_US_SHA2011,Out-of-pocket expenditure (OOP) per capita in US$,numeric,AFR,Africa,Country,NER,Niger,Year,2001,false,,,,,,,,,,,,,5.83,,,,,,5.83,,,EN,2025-12-04T23:00:00.000Z
GHED_OOP_pc_US_SHA2011,Out-of-pocket expenditure (OOP) per capita in US$,numeric,AFR,Africa,Country,BFA,Burkina Faso,Year,2001,false,,,,,,,,,,,,,5.98,,,,,,5.98,,,EN,2025-12-04T23:00:00.000Z
GHED_OOP_pc_US_SHA2011,Out-of-pocket expenditure (OOP) per capita in US$,numeric,EMR,Eastern Mediterranean,Country,PSE,"occupied Palestinian territory, including east Jerusalem",Year,2001,false,,,,,,,,,,,,,50.95,,,,,,50.95,,,EN,2025-12-04T23:00:00.000Z
GHED_OOP_pc_US_SHA2011,Out-of-pocket expenditure (OOP) per capita in US$,numeric,AFR,Africa,Country,MUS,Mauritius,Year,2001,false,,,,,,,,,,,,,50.99,,,,,,50.99,,,EN,2025-12-04T23:00:00.000Z
GHED_OOP_pc_US_SHA2011,Out-of-pocket expenditure (OOP) per capita in US$,numeric,EUR,Europe,Country,BGR,Bulgaria,Year,2001,false,,,,,,,,,,,,,52.37,,,,,,52.37,,,EN,2025-12-04T23:00:00.000Z
GHED_OOP_pc_US_SHA2011,Out-of-pocket expenditure (OOP) per capita in US$,numeric,EUR,Europe,Country,NOR,Norway,Year,2001,false,,,,,,,,,,,,,525.5,,,,,,525.49,,,EN,2025-12-04T23:00:00.000Z
GHED_OOP_pc_US_SHA2011,Out-of-pocket expenditure (OOP) per capita in US$,numeric,EUR,Europe,Country,SMR,San Marino,Year,2001,false,,,,,,,,,,,,,537.3,,,,,,537.29,,,EN,2025-12-04T23:00:00.000Z
GHED_OOP_pc_US_SHA2011,Out-of-pocket expenditure (OOP) per capita in US$,numeric,EMR,Eastern Mediterranean,Country,IRN,Iran (Islamic Republic of),Year,2001,false,,,,,,,,,,,,,55.23,,,,,,55.23,,,EN,2025-12-04T23:00:00.000Z
GHED_OOP_pc_US_SHA2011,Out-of-pocket expenditure (OOP) per capita in US$,numeric,AMR,Americas,Country,BLZ,Belize,Year,2001,false,,,,,,,,,,,,,55.48,,,,,,55.48,,,EN,2025-12-04T23:00:00.000Z
GHED_OOP_pc_US_SHA2011,Out-of-pocket expenditure (OOP) per capita in US$,numeric,EUR,Europe,Country,HRV,Croatia,Year,2001,false,,,,,,,,,,,,,55.81,,,,,,55.81,,,EN,2025-12-04T23:00:00.000Z
GHED_OOP_pc_US_SHA2011,Out-of-pocket expenditure (OOP) per capita in US$,numeric,AFR,Africa,Country,SYC,Seychelles,Year,2001,false,,,,,,,,,,,,,57.18,,,,,,57.18,,,EN,2025-12-04T23:00:00.000Z
GHED_OOP_pc_US_SHA2011,Out-of-pocket expenditure (OOP) per capita in US$,numeric,AFR,Africa,Country,TZA,United Republic of Tanzania,Year,2001,false,,,,,,,,,,,,,6.21,,,,,,6.21,,,EN,2025-12-04T23:00:00.000Z
GHED_OOP_pc_US_SHA2011,Out-of-pocket expenditure (OOP) per capita in US$,numeric,WPR,Western Pacific,Country,LAO,Lao People's Democratic Republic,Year,2001,false,,,,,,,,,,,,,6.36,,,,,,6.36,,,EN,2025-12-04T23:00:00.000Z
GHED_OOP_pc_US_SHA2011,Out-of-pocket expenditure (OOP) per capita in US$,numeric,WPR,Western Pacific,Country,TON,Tonga,Year,2001,false,,,,,,,,,,,,,6.67,,,,,,6.67,,,EN,2025-12-04T23:00:00.000Z
GHED_OOP_pc_US_SHA2011,Out-of-pocket expenditure (OOP) per capita in US$,numeric,AFR,Africa,Country,TCD,Chad,Year,2001,false,,,,,,,,,,,,,6.78,,,,,,6.78,,,EN,2025-12-04T23:00:00.000Z
GHED_OOP_pc_US_SHA2011,Out-of-pocket expenditure (OOP) per capita in US$,numeric,WPR,Western Pacific,Country,IDN,Indonesia,Year,2001,false,,,,,,,,,,,,,6.83,,,,,,6.83,,,EN,2025-12-04T23:00:00.000Z
GHED_OOP_pc_US_SHA2011,Out-of-pocket expenditure (OOP) per capita in US$,numeric,EUR,Europe,Country,KGZ,Kyrgyzstan,Year,2001,false,,,,,,,,,,,,,6.85,,,,,,6.85,,,EN,2025-12-04T23:00:00.000Z
GHED_OOP_pc_US_SHA2011,Out-of-pocket expenditure (OOP) per capita in US$,numeric,AFR,Africa,Country,UGA,Uganda,Year,2001,false,,,,,,,,,,,,,6.94,,,,,,6.94,,,EN,2025-12-04T23:00:00.000Z
GHED_OOP_pc_US_SHA2011,Out-of-pocket expenditure (OOP) per capita in US$,numeric,EUR,Europe,Country,LTU,Lithuania,Year,2001,false,,,,,,,,,,,,,60.36,,,,,,60.36,,,EN,2025-12-04T23:00:00.000Z
GHED_OOP_pc_US_SHA2011,Out-of-pocket expenditure (OOP) per capita in US$,numeric,AFR,Africa,Country,GAB,Gabon,Year,2001,false,,,,,,,,,,,,,61.45,,,,,,61.45,,,EN,2025-12-04T23:00:00.000Z
GHED_OOP_pc_US_SHA2011,Out-of-pocket expenditure (OOP) per capita in US$,numeric,EMR,Eastern Mediterranean,Country,JOR,Jordan,Year,2001,false,,,,,,,,,,,,,62.07,,,,,,62.07,,,EN,2025-12-04T23:00:00.000Z
GHED_OOP_pc_US_SHA2011,Out-of-pocket expenditure (OOP) per capita in US$,numeric,AMR,Americas,Country,GTM,Guatemala,Year,2001,false,,,,,,,,,,,,,62.33,,,,,,62.33,,,EN,2025-12-04T23:00:00.000Z
GHED_OOP_pc_US_SHA2011,Out-of-pocket expenditure (OOP) per capita in US$,numeric,EUR,Europe,Country,MKD,North Macedonia,Year,2001,false,,,,,,,,,,,,,63.76,,,,,,63.76,,,EN,2025-12-04T23:00:00.000Z
GHED_OOP_pc_US_SHA2011,Out-of-pocket expenditure (OOP) per capita in US$,numeric,AMR,Americas,Country,JAM,Jamaica,Year,2001,false,,,,,,,,,,,,,69.4,,,,,,69.40,,,EN,2025-12-04T23:00:00.000Z
GHED_OOP_pc_US_SHA2011,Out-of-pocket expenditure (OOP) per capita in US$,numeric,AFR,Africa,Country,ZMB,Zambia,Year,2001,false,,,,,,,,,,,,,7.35,,,,,,7.35,,,EN,2025-12-04T23:00:00.000Z
GHED_OOP_pc_US_SHA2011,Out-of-pocket expenditure (OOP) per capita in US$,numeric,AFR,Africa,Country,GMB,Gambia,Year,2001,false,,,,,,,,,,,,,7.45,,,,,,7.45,,,EN,2025-12-04T23:00:00.000Z
GHED_OOP_pc_US_SHA2011,Out-of-pocket expenditure (OOP) per capita in US$,numeric,EMR,Eastern Mediterranean,Country,PAK,Pakistan,Year,2001,false,,,,,,,,,,,,,7.49,,,,,,7.49,,,EN,2025-12-04T23:00:00.000Z
GHED_OOP_pc_US_SHA2011,Out-of-pocket expenditure (OOP) per capita in US$,numeric,WPR,Western Pacific,Country,VNM,Viet Nam,Year,2001,false,,,,,,,,,,,,,7.59,,,,,,7.59,,,EN,2025-12-04T23:00:00.000Z
GHED_OOP_pc_US_SHA2011,Out-of-pocket expenditure (OOP) per capita in US$,numeric,WPR,Western Pacific,Country,WSM,Samoa,Year,2001,false,,,,,,,,,,,,,7.88,,,,,,7.88,,,EN,2025-12-04T23:00:00.000Z
GHED_OOP_pc_US_SHA2011,Out-of-pocket expenditure (OOP) per capita in US$,numeric,AFR,Africa,Country,BEN,Benin,Year,2001,false,,,,,,,,,,,,,7.98,,,,,,7.98,,,EN,2025-12-04T23:00:00.000Z
GHED_OOP_pc_US_SHA2011,Out-of-pocket expenditure (OOP) per capita in US$,numeric,AMR,Americas,Country,USA,United States of America,Year,2001,false,,,,,,,,,,,,,706.6,,,,,,706.62,,,EN,2025-12-04T23:00:00.000Z
GHED_OOP_pc_US_SHA2011,Out-of-pocket expenditure (OOP) per capita in US$,numeric,AMR,Americas,Country,SLV,El Salvador,Year,2001,false,,,,,,,,,,,,,73.26,,,,,,73.26,,,EN,2025-12-04T23:00:00.000Z
GHED_OOP_pc_US_SHA2011,Out-of-pocket expenditure (OOP) per capita in US$,numeric,EUR,Europe,Country,TKM,Turkmenistan,Year,2001,false,,,,,,,,,,,,,74.04,,,,,,74.04,,,EN,2025-12-04T23:00:00.000Z
GHED_OOP_pc_US_SHA2011,Out-of-pocket expenditure (OOP) per capita in US$,numeric,AMR,Americas,Country,DOM,Dominican Republic,Year,2001,false,,,,,,,,,,,,,78.12,,,,,,78.12,,,EN,2025-12-04T23:00:00.000Z
GHED_OOP_pc_US_SHA2011,Out-of-pocket expenditure (OOP) per capita in US$,numeric,WPR,Western Pacific,Country,BRN,Brunei Darussalam,Year,2001,false,,,,,,,,,,,,,79.68,,,,,,79.68,,,EN,2025-12-04T23:00:00.000Z
GHED_OOP_pc_US_SHA2011,Out-of-pocket expenditure (OOP) per capita in US$,numeric,AFR,Africa,Country,LSO,Lesotho,Year,2001,false,,,,,,,,,,,,,8.01,,,,,,8.01,,,EN,2025-12-04T23:00:00.000Z
GHED_OOP_pc_US_SHA2011,Out-of-pocket expenditure (OOP) per capita in US$,numeric,WPR,Western Pacific,Country,FJI,Fiji,Year,2001,false,,,,,,,,,,,,,8.1,,,,,,8.10,,,EN,2025-12-04T23:00:00.000Z
GHED_OOP_pc_US_SHA2011,Out-of-pocket expenditure (OOP) per capita in US$,numeric,AFR,Africa,Country,ERI,Eritrea,Year,2001,false,,,,,,,,,,,,,8.34,,,,,,8.34,,,EN,2025-12-04T23:00:00.000Z
GHED_OOP_pc_US_SHA2011,Out-of-pocket expenditure (OOP) per capita in US$,numeric,AFR,Africa,Country,GNB,Guinea-Bissau,Year,2001,false,,,,,,,,,,,,,8.57,,,,,,8.57,,,EN,2025-12-04T23:00:00.000Z
GHED_OOP_pc_US_SHA2011,Out-of-pocket expenditure (OOP) per capita in US$,numeric,WPR,Western Pacific,Country,FSM,Micronesia (Federated States of),Year,2001,false,,,,,,,,,,,,,8.72,,,,,,8.72,,,EN,2025-12-04T23:00:00.000Z
GHED_OOP_pc_US_SHA2011,Out-of-pocket expenditure (OOP) per capita in US$,numeric,AFR,Africa,Country,MLI,Mali,Year,2001,false,,,,,,,,,,,,,8.92,,,,,,8.92,,,EN,2025-12-04T23:00:00.000Z
GHED_OOP_pc_US_SHA2011,Out-of-pocket expenditure (OOP) per capita in US$,numeric,AMR,Americas,Country,CRI,Costa Rica,Year,2001,false,,,,,,,,,,,,,81.61,,,,,,81.61,,,EN,2025-12-04T23:00:00.000Z
GHED_OOP_pc_US_SHA2011,Out-of-pocket expenditure (OOP) per capita in US$,numeric,EUR,Europe,Country,POL,Poland,Year,2001,false,,,,,,,,,,,,,81.96,,,,,,81.96,,,EN,2025-12-04T23:00:00.000Z
GHED_OOP_pc_US_SHA2011,Out-of-pocket expenditure (OOP) per capita in US$,numeric,EMR,Eastern Mediterranean,Country,SAU,Saudi Arabia,Year,2001,false,,,,,,,,,,,,,86.94,,,,,,86.94,,,EN,2025-12-04T23:00:00.000Z
GHED_OOP_pc_US_SHA2011,Out-of-pocket expenditure (OOP) per capita in US$,numeric,AFR,Africa,Country,COG,Congo,Year,2001,false,,,,,,,,,,,,,9.3,,,,,,9.30,,,EN,2025-12-04T23:00:00.000Z
GHED_OOP_pc_US_SHA2011,Out-of-pocket expenditure (OOP) per capita in US$,numeric,EMR,Eastern Mediterranean,Country,SDN,Sudan,Year,2001,false,,,,,,,,,,,,,9.46,,,,,,9.46,,,EN,2025-12-04T23:00:00.000Z
GHED_OOP_pc_US_SHA2011,Out-of-pocket expenditure (OOP) per capita in US$,numeric,AMR,Americas,Country,PAN,Panama,Year,2001,false,,,,,,,,,,,,,94.65,,,,,,94.65,,,EN,2025-12-04T23:00:00.000Z
GHED_OOP_pc_US_SHA2011,Out-of-pocket expenditure (OOP) per capita in US$,numeric,AMR,Americas,Country,DMA,Dominica,Year,2001,false,,,,,,,,,,,,,95.26,,,,,,95.26,,,EN,2025-12-04T23:00:00.000Z
GHED_OOP_pc_US_SHA2011,Out-of-pocket expenditure (OOP) per capita in US$,numeric,WPR,Western Pacific,Country,KIR,Kiribati,Year,2000,false,,,,,,,,,,,,,0.099,,,,,,0.10,,,EN,2025-12-04T23:00:00.000Z
GHED_OOP_pc_US_SHA2011,Out-of-pocket expenditure (OOP) per capita in US$,numeric,WPR,Western Pacific,Country,TUV,Tuvalu,Year,2000,false,,,,,,,,,,,,,0.37,,,,,,0.37,,,EN,2025-12-04T23:00:00.000Z
GHED_OOP_pc_US_SHA2011,Out-of-pocket expenditure (OOP) per capita in US$,numeric,AFR,Africa,Country,MWI,Malawi,Year,2000,false,,,,,,,,,,,,,1.48,,,,,,1.48,,,EN,2025-12-04T23:00:00.000Z
GHED_OOP_pc_US_SHA2011,Out-of-pocket expenditure (OOP) per capita in US$,numeric,WPR,Western Pacific,Country,PNG,Papua New Guinea,Year,2000,false,,,,,,,,,,,,,1.78,,,,,,1.78,,,EN,2025-12-04T23:00:00.000Z
GHED_OOP_pc_US_SHA2011,Out-of-pocket expenditure (OOP) per capita in US$,numeric,AFR,Africa,Country,ETH,Ethiopia,Year,2000,false,,,,,,,,,,,,,1.9,,,,,,1.90,,,EN,2025-12-04T23:00:00.000Z
GHED_OOP_pc_US_SHA2011,Out-of-pocket expenditure (OOP) per capita in US$,numeric,EUR,Europe,Country,MDA,Republic of Moldova,Year,2000,false,,,,,,,,,,,,,10.09,,,,,,10.09,,,EN,2025-12-04T23:00:00.000Z
GHED_OOP_pc_US_SHA2011,Out-of-pocket expenditure (OOP) per capita in US$,numeric,AFR,Africa,Country,KEN,Kenya,Year,2000,false,,,,,,,,,,,,,10.19,,,,,,10.19,,,EN,2025-12-04T23:00:00.000Z
GHED_OOP_pc_US_SHA2011,Out-of-pocket expenditure (OOP) per capita in US$,numeric,AFR,Africa,Country,GMB,Gambia,Year,2000,false,,,,,,,,,,,,,10.24,,,,,,10.24,,,EN,2025-12-04T23:00:00.000Z
GHED_OOP_pc_US_SHA2011,Out-of-pocket expenditure (OOP) per capita in US$,numeric,AFR,Africa,Country,NGA,Nigeria,Year,2000,false,,,,,,,,,,,,,10.32,,,,,,10.32,,,EN,2025-12-04T23:00:00.000Z
GHED_OOP_pc_US_SHA2011,Out-of-pocket expenditure (OOP) per capita in US$,numeric,AFR,Africa,Country,GNQ,Equatorial Guinea,Year,2000,false,,,,,,,,,,,,,10.51,,,,,,10.51,,,EN,2025-12-04T23:00:00.000Z
GHED_OOP_pc_US_SHA2011,Out-of-pocket expenditure (OOP) per capita in US$,numeric,AFR,Africa,Country,TGO,Togo,Year,2000,false,,,,,,,,,,,,,10.65,,,,,,10.65,,,EN,2025-12-04T23:00:00.000Z
GHED_OOP_pc_US_SHA2011,Out-of-pocket expenditure (OOP) per capita in US$,numeric,EUR,Europe,Country,SVN,Slovenia,Year,2000,false,,,,,,,,,,,,,105.7,,,,,,105.74,,,EN,2025-12-04T23:00:00.000Z
GHED_OOP_pc_US_SHA2011,Out-of-pocket expenditure (OOP) per capita in US$,numeric,EMR,Eastern Mediterranean,Country,KWT,Kuwait,Year,2000,false,,,,,,,,,,,,,108.4,,,,,,108.40,,,EN,2025-12-04T23:00:00.000Z
GHED_OOP_pc_US_SHA2011,Out-of-pocket expenditure (OOP) per capita in US$,numeric,WPR,Western Pacific,Country,PLW,Palau,Year,2000,false,,,,,,,,,,,,,109.2,,,,,,109.21,,,EN,2025-12-04T23:00:00.000Z
GHED_OOP_pc_US_SHA2011,Out-of-pocket expenditure (OOP) per capita in US$,numeric,WPR,Western Pacific,Country,NRU,Nauru,Year,2000,false,,,,,,,,,,,,,11.84,,,,,,11.84,,,EN,2025-12-04T23:00:00.000Z
GHED_OOP_pc_US_SHA2011,Out-of-pocket expenditure (OOP) per capita in US$,numeric,AFR,Africa,Country,SEN,Senegal,Year,2000,false,,,,,,,,,,,,,11.92,,,,,,11.92,,,EN,2025-12-04T23:00:00.000Z
GHED_OOP_pc_US_SHA2011,Out-of-pocket expenditure (OOP) per capita in US$,numeric,EUR,Europe,Country,CHE,Switzerland,Year,2000,false,,,,,,,,,,,,,1102,,,,,,1101.98,,,EN,2025-12-04T23:00:00.000Z
GHED_OOP_pc_US_SHA2011,Out-of-pocket expenditure (OOP) per capita in US$,numeric,AMR,Americas,Country,BRA,Brazil,Year,2000,false,,,,,,,,,,,,,114.9,,,,,,114.87,,,EN,2025-12-04T23:00:00.000Z
GHED_OOP_pc_US_SHA2011,Out-of-pocket expenditure (OOP) per capita in US$,numeric,AMR,Americas,Country,ATG,Antigua and Barbuda,Year,2000,false,,,,,,,,,,,,,115.6,,,,,,115.59,,,EN,2025-12-04T23:00:00.000Z
GHED_OOP_pc_US_SHA2011,Out-of-pocket expenditure (OOP) per capita in US$,numeric,EMR,Eastern Mediterranean,Country,BHR,Bahrain,Year,2000,false,,,,,,,,,,,,,124.3,,,,,,124.34,,,EN,2025-12-04T23:00:00.000Z
GHED_OOP_pc_US_SHA2011,Out-of-pocket expenditure (OOP) per capita in US$,numeric,EMR,Eastern Mediterranean,Country,LBY,Libya,Year,2000,false,,,,,,,,,,,,,126.7,,,,,,126.75,,,EN,2025-12-04T23:00:00.000Z
GHED_OOP_pc_US_SHA2011,Out-of-pocket expenditure (OOP) per capita in US$,numeric,EUR,Europe,Country,AZE,Azerbaijan,Year,2000,false,,,,,,,,,,,,,13.05,,,,,,13.05,,,EN,2025-12-04T23:00:00.000Z
GHED_OOP_pc_US_SHA2011,Out-of-pocket expenditure (OOP) per capita in US$,numeric,WPR,Western Pacific,Country,PHL,Philippines,Year,2000,false,,,,,,,,,,,,,13.22,,,,,,13.22,,,EN,2025-12-04T23:00:00.000Z
GHED_OOP_pc_US_SHA2011,Out-of-pocket expenditure (OOP) per capita in US$,numeric,WPR,Western Pacific,Country,KHM,Cambodia,Year,2000,false,,,,,,,,,,,,,13.25,,,,,,13.25,,,EN,2025-12-04T23:00:00.000Z
GHED_OOP_pc_US_SHA2011,Out-of-pocket expenditure (OOP) per capita in US$,numeric,SEAR,South-East Asia,Country,IND,India,Year,2000,false,,,,,,,,,,,,,13.25,,,,,,13.25,,,EN,2025-12-04T23:00:00.000Z
GHED_OOP_pc_US_SHA2011,Out-of-pocket expenditure (OOP) per capita in US$,numeric,AMR,Americas,Country,HTI,Haiti,Year,2000,false,,,,,,,,,,,,,13.47,,,,,,13.47,,,EN,2025-12-04T23:00:00.000Z
GHED_OOP_pc_US_SHA2011,Out-of-pocket expenditure (OOP) per capita in US$,numeric,EUR,Europe,Country,ROU,Romania,Year,2000,false,,,,,,,,,,,,,13.57,,,,,,13.57,,,EN,2025-12-04T23:00:00.000Z
GHED_OOP_pc_US_SHA2011,Out-of-pocket expenditure (OOP) per capita in US$,numeric,SEAR,South-East Asia,Country,MDV,Maldives,Year,2000,false,,,,,,,,,,,,,138.5,,,,,,138.50,,,EN,2025-12-04T23:00:00.000Z
GHED_OOP_pc_US_SHA2011,Out-of-pocket expenditure (OOP) per capita in US$,numeric,AFR,Africa,Country,NAM,Namibia,Year,2000,false,,,,,,,,,,,,,14.21,,,,,,14.21,,,EN,2025-12-04T23:00:00.000Z
GHED_OOP_pc_US_SHA2011,Out-of-pocket expenditure (OOP) per capita in US$,numeric,AFR,Africa,Country,SWZ,Eswatini,Year,2000,false,,,,,,,,,,,,,14.25,,,,,,14.25,,,EN,2025-12-04T23:00:00.000Z
GHED_OOP_pc_US_SHA2011,Out-of-pocket expenditure (OOP) per capita in US$,numeric,AMR,Americas,Country,BOL,Bolivia (Plurinational State of),Year,2000,false,,,,,,,,,,,,,14.37,,,,,,14.37,,,EN,2025-12-04T23:00:00.000Z
GHED_OOP_pc_US_SHA2011,Out-of-pocket expenditure (OOP) per capita in US$,numeric,AFR,Africa,Country,GIN,Guinea,Year,2000,false,,,,,,,,,,,,,14.85,,,,,,14.85,,,EN,2025-12-04T23:00:00.000Z
GHED_OOP_pc_US_SHA2011,Out-of-pocket expenditure (OOP) per capita in US$,numeric,AFR,Africa,Country,CPV,Cabo Verde,Year,2000,false,,,,,,,,,,,,,15.04,,,,,,15.04,,,EN,2025-12-04T23:00:00.000Z
GHED_OOP_pc_US_SHA2011,Out-of-pocket expenditure (OOP) per capita in US$,numeric,AFR,Africa,Country,SLE,Sierra Leone,Year,2000,false,,,,,,,,,,,,,15.15,,,,,,15.15,,,EN,2025-12-04T23:00:00.000Z
GHED_OOP_pc_US_SHA2011,Out-of-pocket expenditure (OOP) per capita in US$,numeric,EMR,Eastern Mediterranean,Country,DJI,Djibouti,Year,2000,false,,,,,,,,,,,,,15.75,,,,,,15.75,,,EN,2025-12-04T23:00:00.000Z
GHED_OOP_pc_US_SHA2011,Out-of-pocket expenditure (OOP) per capita in US$,numeric,EUR,Europe,Country,ARM,Armenia,Year,2000,false,,,,,,,,,,,,,15.91,,,,,,15.91,,,EN,2025-12-04T23:00:00.000Z
GHED_OOP_pc_US_SHA2011,Out-of-pocket expenditure (OOP) per capita in US$,numeric,AFR,Africa,Country,DZA,Algeria,Year,2000,false,,,,,,,,,,,,,15.96,,,,,,15.96,,,EN,2025-12-04T23:00:00.000Z
GHED_OOP_pc_US_SHA2011,Out-of-pocket expenditure (OOP) per capita in US$,numeric,AMR,Americas,Country,CHL,Chile,Year,2000,false,,,,,,,,,,,,,151.2,,,,,,151.24,,,EN,2025-12-04T23:00:00.000Z
GHED_OOP_pc_US_SHA2011,Out-of-pocket expenditure (OOP) per capita in US$,numeric,AMR,Americas,Country,TTO,Trinidad and Tobago,Year,2000,false,,,,,,,,,,,,,152.6,,,,,,152.63,,,EN,2025-12-04T23:00:00.000Z
GHED_OOP_pc_US_SHA2011,Out-of-pocket expenditure (OOP) per capita in US$,numeric,AMR,Americas,Country,GRD,Grenada,Year,2000,false,,,,,,,,,,,,,153.8,,,,,,153.79,,,EN,2025-12-04T23:00:00.000Z
GHED_OOP_pc_US_SHA2011,Out-of-pocket expenditure (OOP) per capita in US$,numeric,EMR,Eastern Mediterranean,Country,ARE,United Arab Emirates,Year,2000,false,,,,,,,,,,,,,155.9,,,,,,155.92,,,EN,2025-12-04T23:00:00.000Z
GHED_OOP_pc_US_SHA2011,Out-of-pocket expenditure (OOP) per capita in US$,numeric,EUR,Europe,Country,FRA,France,Year,2000,false,,,,,,,,,,,,,157.2,,,,,,157.24,,,EN,2025-12-04T23:00:00.000Z
GHED_OOP_pc_US_SHA2011,Out-of-pocket expenditure (OOP) per capita in US$,numeric,EUR,Europe,Country,SRB,Serbia,Year,2000,false,,,,,,,,,,,,,16.73,,,,,,16.73,,,EN,2025-12-04T23:00:00.000Z
GHED_OOP_pc_US_SHA2011,Out-of-pocket expenditure (OOP) per capita in US$,numeric,EUR,Europe,Country,UKR,Ukraine,Year,2000,false,,,,,,,,,,,,,16.75,,,,,,16.75,,,EN,2025-12-04T23:00:00.000Z
GHED_OOP_pc_US_SHA2011,Out-of-pocket expenditure (OOP) per capita in US$,numeric,WPR,Western Pacific,Country,NZL,New Zealand,Year,2000,false,,,,,,,,,,,,,162,,,,,,161.95,,,EN,2025-12-04T23:00:00.000Z
GHED_OOP_pc_US_SHA2011,Out-of-pocket expenditure (OOP) per capita in US$,numeric,EMR,Eastern Mediterranean,Country,QAT,Qatar,Year,2000,false,,,,,,,,,,,,,166.1,,,,,,166.12,,,EN,2025-12-04T23:00:00.000Z
GHED_OOP_pc_US_SHA2011,Out-of-pocket expenditure (OOP) per capita in US$,numeric,AMR,Americas,Country,MEX,Mexico,Year,2000,false,,,,,,,,,,,,,166.8,,,,,,166.77,,,EN,2025-12-04T23:00:00.000Z
GHED_OOP_pc_US_SHA2011,Out-of-pocket expenditure (OOP) per capita in US$,numeric,AMR,Americas,Country,LCA,Saint Lucia,Year,2000,false,,,,,,,,,,,,,168.3,,,,,,168.26,,,EN,2025-12-04T23:00:00.000Z
GHED_OOP_pc_US_SHA2011,Out-of-pocket expenditure (OOP) per capita in US$,numeric,SEAR,South-East Asia,Country,LKA,Sri Lanka,Year,2000,false,,,,,,,,,,,,,17.04,,,,,,17.04,,,EN,2025-12-04T23:00:00.000Z
GHED_OOP_pc_US_SHA2011,Out-of-pocket expenditure (OOP) per capita in US$,numeric,AFR,Africa,Country,MRT,Mauritania,Year,2000,false,,,,,,,,,,,,,17.9,,,,,,17.90,,,EN,2025-12-04T23:00:00.000Z
GHED_OOP_pc_US_SHA2011,Out-of-pocket expenditure (OOP) per capita in US$,numeric,EUR,Europe,Country,MLT,Malta,Year,2000,false,,,,,,,,,,,,,170.7,,,,,,170.66,,,EN,2025-12-04T23:00:00.000Z
GHED_OOP_pc_US_SHA2011,Out-of-pocket expenditure (OOP) per capita in US$,numeric,AMR,Americas,Country,URY,Uruguay,Year,2000,false,,,,,,,,,,,,,176,,,,,,175.97,,,EN,2025-12-04T23:00:00.000Z
GHED_OOP_pc_US_SHA2011,Out-of-pocket expenditure (OOP) per capita in US$,numeric,AMR,Americas,Country,COL,Colombia,Year,2000,false,,,,,,,,,,,,,18.44,,,,,,18.44,,,EN,2025-12-04T23:00:00.000Z
GHED_OOP_pc_US_SHA2011,Out-of-pocket expenditure (OOP) per capita in US$,numeric,WPR,Western Pacific,Country,COK,Cook Islands,Year,2000,false,,,,,,,,,,,,,18.7,,,,,,18.70,,,EN,2025-12-04T23:00:00.000Z
GHED_OOP_pc_US_SHA2011,Out-of-pocket expenditure (OOP) per capita in US$,numeric,EUR,Europe,Country,IRL,Ireland,Year,2000,false,,,,,,,,,,,,,189.6,,,,,,189.61,,,EN,2025-12-04T23:00:00.000Z
GHED_OOP_pc_US_SHA2011,Out-of-pocket expenditure (OOP) per capita in US$,numeric,EUR,Europe,Country,AND,Andorra,Year,2000,false,,,,,,,,,,,,,200,,,,,,199.95,,,EN,2025-12-04T23:00:00.000Z
GHED_OOP_pc_US_SHA2011,Out-of-pocket expenditure (OOP) per capita in US$,numeric,AFR,Africa,Country,RWA,Rwanda,Year,2000,false,,,,,,,,,,,,,2.39,,,,,,2.39,,,EN,2025-12-04T23:00:00.000Z
GHED_OOP_pc_US_SHA2011,Out-of-pocket expenditure (OOP) per capita in US$,numeric,WPR,Western Pacific,Country,SLB,Solomon Islands,Year,2000,false,,,,,,,,,,,,,2.48,,,,,,2.48,,,EN,2025-12-04T23:00:00.000Z
GHED_OOP_pc_US_SHA2011,Out-of-pocket expenditure (OOP) per capita in US$,numeric,AFR,Africa,Country,MOZ,Mozambique,Year,2000,false,,,,,,,,,,,,,2.73,,,,,,2.73,,,EN,2025-12-04T23:00:00.000Z
GHED_OOP_pc_US_SHA2011,Out-of-pocket expenditure (OOP) per capita in US$,numeric,AMR,Americas,Country,ARG,Argentina,Year,2000,false,,,,,,,,,,,,,204.4,,,,,,204.38,,,EN,2025-12-04T23:00:00.000Z
GHED_OOP_pc_US_SHA2011,Out-of-pocket expenditure (OOP) per capita in US$,numeric,WPR,Western Pacific,Country,KOR,Republic of Korea,Year,2000,false,,,,,,,,,,,,,205.9,,,,,,205.89,,,EN,2025-12-04T23:00:00.000Z
GHED_OOP_pc_US_SHA2011,Out-of-pocket expenditure (OOP) per capita in US$,numeric,EUR,Europe,Country,MCO,Monaco,Year,2000,false,,,,,,,,,,,,,208.7,,,,,,208.67,,,EN,2025-12-04T23:00:00.000Z
GHED_OOP_pc_US_SHA2011,Out-of-pocket expenditure (OOP) per capita in US$,numeric,SEAR,South-East Asia,Country,THA,Thailand,Year,2000,false,,,,,,,,,,,,,21.27,,,,,,21.27,,,EN,2025-12-04T23:00:00.000Z
GHED_OOP_pc_US_SHA2011,Out-of-pocket expenditure (OOP) per capita in US$,numeric,EUR,Europe,Country,UZB,Uzbekistan,Year,2000,false,,,,,,,,,,,,,21.64,,,,,,21.64,,,EN,2025-12-04T23:00:00.000Z
GHED_OOP_pc_US_SHA2011,Out-of-pocket expenditure (OOP) per capita in US$,numeric,AFR,Africa,Country,STP,Sao Tome and Principe,Year,2000,false,,,,,,,,,,,,,21.76,,,,,,21.76,,,EN,2025-12-04T23:00:00.000Z
GHED_OOP_pc_US_SHA2011,Out-of-pocket expenditure (OOP) per capita in US$,numeric,EUR,Europe,Country,SVK,Slovakia,Year,2000,false,,,,,,,,,,,,,22.06,,,,,,22.06,,,EN,2025-12-04T23:00:00.000Z
GHED_OOP_pc_US_SHA2011,Out-of-pocket expenditure (OOP) per capita in US$,numeric,AFR,Africa,Country,BWA,Botswana,Year,2000,false,,,,,,,,,,,,,22.08,,,,,,22.08,,,EN,2025-12-04T23:00:00.000Z
GHED_OOP_pc_US_SHA2011,Out-of-pocket expenditure (OOP) per capita in US$,numeric,AFR,Africa,Country,CIV,Cote d'Ivoire,Year,2000,false,,,,,,,,,,,,,22.84,,,,,,22.84,,,EN,2025-12-04T23:00:00.000Z
GHED_OOP_pc_US_SHA2011,Out-of-pocket expenditure (OOP) per capita in US$,numeric,EUR,Europe,Country,NLD,Netherlands (Kingdom of the),Year,2000,false,,,,,,,,,,,,,223.7,,,,,,223.74,,,EN,2025-12-04T23:00:00.000Z
GHED_OOP_pc_US_SHA2011,Out-of-pocket expenditure (OOP) per capita in US$,numeric,AMR,Americas,Country,NIC,Nicaragua,Year,2000,false,,,,,,,,,,,,,23.39,,,,,,23.39,,,EN,2025-12-04T23:00:00.000Z
GHED_OOP_pc_US_SHA2011,Out-of-pocket expenditure (OOP) per capita in US$,numeric,EUR,Europe,Country,KAZ,Kazakhstan,Year,2000,false,,,,,,,,,,,,,23.82,,,,,,23.82,,,EN,2025-12-04T23:00:00.000Z
GHED_OOP_pc_US_SHA2011,Out-of-pocket expenditure (OOP) per capita in US$,numeric,AFR,Africa,Country,CMR,Cameroon,Year,2000,false,,,,,,,,,,,,,23.89,,,,,,23.89,,,EN,2025-12-04T23:00:00.000Z
GHED_OOP_pc_US_SHA2011,Out-of-pocket expenditure (OOP) per capita in US$,numeric,AMR,Americas,Country,KNA,Saint Kitts and Nevis,Year,2000,false,,,,,,,,,,,,,235.1,,,,,,235.12,,,EN,2025-12-04T23:00:00.000Z
GHED_OOP_pc_US_SHA2011,Out-of-pocket expenditure (OOP) per capita in US$,numeric,EUR,Europe,Country,ESP,Spain,Year,2000,false,,,,,,,,,,,,,244.5,,,,,,244.53,,,EN,2025-12-04T23:00:00.000Z
GHED_OOP_pc_US_SHA2011,Out-of-pocket expenditure (OOP) per capita in US$,numeric,AMR,Americas,Country,BRB,Barbados,Year,2000,false,,,,,,,,,,,,,245.1,,,,,,245.10,,,EN,2025-12-04T23:00:00.000Z
GHED_OOP_pc_US_SHA2011,Out-of-pocket expenditure (OOP) per capita in US$,numeric,EMR,Eastern Mediterranean,Country,LBN,Lebanon,Year,2000,false,,,,,,,,,,,,,246,,,,,,246.02,,,EN,2025-12-04T23:00:00.000Z
GHED_OOP_pc_US_SHA2011,Out-of-pocket expenditure (OOP) per capita in US$,numeric,AMR,Americas,Country,GUY,Guyana,Year,2000,false,,,,,,,,,,,,,25.11,,,,,,25.11,,,EN,2025-12-04T23:00:00.000Z
GHED_OOP_pc_US_SHA2011,Out-of-pocket expenditure (OOP) per capita in US$,numeric,AMR,Americas,Country,SUR,Suriname,Year,2000,false,,,,,,,,,,,,,25.7,,,,,,25.70,,,EN,2025-12-04T23:00:00.000Z
GHED_OOP_pc_US_SHA2011,Out-of-pocket expenditure (OOP) per capita in US$,numeric,WPR,Western Pacific,Country,CHN,China,Year,2000,false,,,,,,,,,,,,,25.74,,,,,,25.74,,,EN,2025-12-04T23:00:00.000Z
GHED_OOP_pc_US_SHA2011,Out-of-pocket expenditure (OOP) per capita in US$,numeric,EUR,Europe,Country,PRT,Portugal,Year,2000,false,,,,,,,,,,,,,256,,,,,,255.95,,,EN,2025-12-04T23:00:00.000Z
GHED_OOP_pc_US_SHA2011,Out-of-pocket expenditure (OOP) per capita in US$,numeric,AMR,Americas,Country,BHS,Bahamas,Year,2000,false,,,,,,,,,,,,,258.4,,,,,,258.35,,,EN,2025-12-04T23:00:00.000Z
GHED_OOP_pc_US_SHA2011,Out-of-pocket expenditure (OOP) per capita in US$,numeric,EUR,Europe,Country,DEU,Germany,Year,2000,false,,,,,,,,,,,,,275.8,,,,,,275.78,,,EN,2025-12-04T23:00:00.000Z
GHED_OOP_pc_US_SHA2011,Out-of-pocket expenditure (OOP) per capita in US$,numeric,EUR,Europe,Country,RUS,Russian Federation,Year,2000,false,,,,,,,,,,,,,28.76,,,,,,28.76,,,EN,2025-12-04T23:00:00.000Z
GHED_OOP_pc_US_SHA2011,Out-of-pocket expenditure (OOP) per capita in US$,numeric,AMR,Americas,Country,CUB,Cuba,Year,2000,false,,,,,,,,,,,,,29.39,,,,,,29.39,,,EN,2025-12-04T23:00:00.000Z
GHED_OOP_pc_US_SHA2011,Out-of-pocket expenditure (OOP) per capita in US$,numeric,EMR,Eastern Mediterranean,Country,MAR,Morocco,Year,2000,false,,,,,,,,,,,,,29.43,,,,,,29.43,,,EN,2025-12-04T23:00:00.000Z
GHED_OOP_pc_US_SHA2011,Out-of-pocket expenditure (OOP) per capita in US$,numeric,AFR,Africa,Country,BDI,Burundi,Year,2000,false,,,,,,,,,,,,,3.47,,,,,,3.47,,,EN,2025-12-04T23:00:00.000Z
GHED_OOP_pc_US_SHA2011,Out-of-pocket expenditure (OOP) per capita in US$,numeric,SEAR,South-East Asia,Country,BTN,Bhutan,Year,2000,false,,,,,,,,,,,,,3.53,,,,,,3.53,,,EN,2025-12-04T23:00:00.000Z
GHED_OOP_pc_US_SHA2011,Out-of-pocket expenditure (OOP) per capita in US$,numeric,AFR,Africa,Country,AGO,Angola,Year,2000,false,,,,,,,,,,,,,3.59,,,,,,3.59,,,EN,2025-12-04T23:00:00.000Z
GHED_OOP_pc_US_SHA2011,Out-of-pocket expenditure (OOP) per capita in US$,numeric,SEAR,South-East Asia,Country,MMR,Myanmar,Year,2000,false,,,,,,,,,,,,,3.83,,,,,,3.83,,,EN,2025-12-04T23:00:00.000Z
GHED_OOP_pc_US_SHA2011,Out-of-pocket expenditure (OOP) per capita in US$,numeric,AFR,Africa,Country,GHA,Ghana,Year,2000,false,,,,,,,,,,,,,3.98,,,,,,3.98,,,EN,2025-12-04T23:00:00.000Z
GHED_OOP_pc_US_SHA2011,Out-of-pocket expenditure (OOP) per capita in US$,numeric,AMR,Americas,Country,ECU,Ecuador,Year,2000,false,,,,,,,,,,,,,30.58,,,,,,30.58,,,EN,2025-12-04T23:00:00.000Z
GHED_OOP_pc_US_SHA2011,Out-of-pocket expenditure (OOP) per capita in US$,numeric,EMR,Eastern Mediterranean,Country,OMN,Oman,Year,2000,false,,,,,,,,,,,,,30.77,,,,,,30.77,,,EN,2025-12-04T23:00:00.000Z
GHED_OOP_pc_US_SHA2011,Out-of-pocket expenditure (OOP) per capita in US$,numeric,AMR,Americas,Country,HND,Honduras,Year,2000,false,,,,,,,,,,,,,31.47,,,,,,31.47,,,EN,2025-12-04T23:00:00.000Z
GHED_OOP_pc_US_SHA2011,Out-of-pocket expenditure (OOP) per capita in US$,numeric,EUR,Europe,Country,SWE,Sweden,Year,2000,false,,,,,,,,,,,,,314.3,,,,,,314.30,,,EN,2025-12-04T23:00:00.000Z
GHED_OOP_pc_US_SHA2011,Out-of-pocket expenditure (OOP) per capita in US$,numeric,EUR,Europe,Country,GRC,Greece,Year,2000,false,,,,,,,,,,,,,321.2,,,,,,321.16,,,EN,2025-12-04T23:00:00.000Z
GHED_OOP_pc_US_SHA2011,Out-of-pocket expenditure (OOP) per capita in US$,numeric,AMR,Americas,Country,PER,Peru,Year,2000,false,,,,,,,,,,,,,33.69,,,,,,33.69,,,EN,2025-12-04T23:00:00.000Z
GHED_OOP_pc_US_SHA2011,Out-of-pocket expenditure (OOP) per capita in US$,numeric,EUR,Europe,Country,ALB,Albania,Year,2000,false,,,,,,,,,,,,,33.93,,,,,,33.93,,,EN,2025-12-04T23:00:00.000Z
GHED_OOP_pc_US_SHA2011,Out-of-pocket expenditure (OOP) per capita in US$,numeric,AMR,Americas,Country,CAN,Canada,Year,2000,false,,,,,,,,,,,,,330.1,,,,,,330.14,,,EN,2025-12-04T23:00:00.000Z
GHED_OOP_pc_US_SHA2011,Out-of-pocket expenditure (OOP) per capita in US$,numeric,AFR,Africa,Country,ZAF,South Africa,Year,2000,false,,,,,,,,,,,,,34.14,,,,,,34.14,,,EN,2025-12-04T23:00:00.000Z
GHED_OOP_pc_US_SHA2011,Out-of-pocket expenditure (OOP) per capita in US$,numeric,EMR,Eastern Mediterranean,Country,SYR,Syrian Arab Republic,Year,2000,false,,,,,,,,,,,,,34.4,,,,,,34.40,,,EN,2025-12-04T23:00:00.000Z
GHED_OOP_pc_US_SHA2011,Out-of-pocket expenditure (OOP) per capita in US$,numeric,EUR,Europe,Country,CZE,Czechia,Year,2000,false,,,,,,,,,,,,,34.97,,,,,,34.97,,,EN,2025-12-04T23:00:00.000Z
GHED_OOP_pc_US_SHA2011,Out-of-pocket expenditure (OOP) per capita in US$,numeric,WPR,Western Pacific,Country,AUS,Australia,Year,2000,false,,,,,,,,,,,,,341.6,,,,,,341.57,,,EN,2025-12-04T23:00:00.000Z
GHED_OOP_pc_US_SHA2011,Out-of-pocket expenditure (OOP) per capita in US$,numeric,EUR,Europe,Country,GBR,United Kingdom of Great Britain and Northern Ireland,Year,2000,false,,,,,,,,,,,,,368.2,,,,,,368.16,,,EN,2025-12-04T23:00:00.000Z
GHED_OOP_pc_US_SHA2011,Out-of-pocket expenditure (OOP) per capita in US$,numeric,EUR,Europe,Country,TKM,Turkmenistan,Year,2000,false,,,,,,,,,,,,,37.77,,,,,,37.77,,,EN,2025-12-04T23:00:00.000Z
GHED_OOP_pc_US_SHA2011,Out-of-pocket expenditure (OOP) per capita in US$,numeric,AFR,Africa,Country,COM,Comoros,Year,2000,false,,,,,,,,,,,,,37.94,,,,,,37.94,,,EN,2025-12-04T23:00:00.000Z
GHED_OOP_pc_US_SHA2011,Out-of-pocket expenditure (OOP) per capita in US$,numeric,EUR,Europe,Country,FIN,Finland,Year,2000,false,,,,,,,,,,,,,373.4,,,,,,373.44,,,EN,2025-12-04T23:00:00.000Z
GHED_OOP_pc_US_SHA2011,Out-of-pocket expenditure (OOP) per capita in US$,numeric,EUR,Europe,Country,BEL,Belgium,Year,2000,false,,,,,,,,,,,,,373.8,,,,,,373.76,,,EN,2025-12-04T23:00:00.000Z
GHED_OOP_pc_US_SHA2011,Out-of-pocket expenditure (OOP) per capita in US$,numeric,EUR,Europe,Country,BGR,Bulgaria,Year,2000,false,,,,,,,,,,,,,38.16,,,,,,38.16,,,EN,2025-12-04T23:00:00.000Z
GHED_OOP_pc_US_SHA2011,Out-of-pocket expenditure (OOP) per capita in US$,numeric,EUR,Europe,Country,DNK,Denmark,Year,2000,false,,,,,,,,,,,,,382.6,,,,,,382.61,,,EN,2025-12-04T23:00:00.000Z
GHED_OOP_pc_US_SHA2011,Out-of-pocket expenditure (OOP) per capita in US$,numeric,WPR,Western Pacific,Country,SGP,Singapore,Year,2000,false,,,,,,,,,,,,,383.5,,,,,,383.52,,,EN,2025-12-04T23:00:00.000Z
GHED_OOP_pc_US_SHA2011,Out-of-pocket expenditure (OOP) per capita in US$,numeric,WPR,Western Pacific,Country,MHL,Marshall Islands,Year,2000,false,,,,,,,,,,,,,4.37,,,,,,4.37,,,EN,2025-12-04T23:00:00.000Z
GHED_OOP_pc_US_SHA2011,Out-of-pocket expenditure (OOP) per capita in US$,numeric,WPR,Western Pacific,Country,NIU,Niue,Year,2000,false,,,,,,,,,,,,,4.56,,,,,,4.56,,,EN,2025-12-04T23:00:00.000Z
GHED_OOP_pc_US_SHA2011,Out-of-pocket expenditure (OOP) per capita in US$,numeric,SEAR,South-East Asia,Country,NPL,Nepal,Year,2000,false,,,,,,,,,,,,,4.65,,,,,,4.65,,,EN,2025-12-04T23:00:00.000Z
GHED_OOP_pc_US_SHA2011,Out-of-pocket expenditure (OOP) per capita in US$,numeric,EUR,Europe,Country,TJK,Tajikistan,Year,2000,false,,,,,,,,,,,,,4.67,,,,,,4.67,,,EN,2025-12-04T23:00:00.000Z
GHED_OOP_pc_US_SHA2011,Out-of-pocket expenditure (OOP) per capita in US$,numeric,AFR,Africa,Country,TZA,United Republic of Tanzania,Year,2000,false,,,,,,,,,,,,,4.74,,,,,,4.74,,,EN,2025-12-04T23:00:00.000Z
GHED_OOP_pc_US_SHA2011,Out-of-pocket expenditure (OOP) per capita in US$,numeric,AFR,Africa,Country,CAF,Central African Republic,Year,2000,false,,,,,,,,,,,,,4.79,,,,,,4.79,,,EN,2025-12-04T23:00:00.000Z
GHED_OOP_pc_US_SHA2011,Out-of-pocket expenditure (OOP) per capita in US$,numeric,AFR,Africa,Country,MDG,Madagascar,Year,2000,false,,,,,,,,,,,,,4.85,,,,,,4.85,,,EN,2025-12-04T23:00:00.000Z
GHED_OOP_pc_US_SHA2011,Out-of-pocket expenditure (OOP) per capita in US$,numeric,AMR,Americas,Country,VCT,Saint Vincent and the Grenadines,Year,2000,false,,,,,,,,,,,,,40.9,,,,,,40.90,,,EN,2025-12-04T23:00:00.000Z
GHED_OOP_pc_US_SHA2011,Out-of-pocket expenditure (OOP) per capita in US$,numeric,EUR,Europe,Country,ITA,Italy,Year,2000,false,,,,,,,,,,,,,403.4,,,,,,403.38,,,EN,2025-12-04T23:00:00.000Z
GHED_OOP_pc_US_SHA2011,Out-of-pocket expenditure (OOP) per capita in US$,numeric,EUR,Europe,Country,LUX,Luxembourg,Year,2000,false,,,,,,,,,,,,,413.4,,,,,,413.45,,,EN,2025-12-04T23:00:00.000Z
GHED_OOP_pc_US_SHA2011,Out-of-pocket expenditure (OOP) per capita in US$,numeric,EUR,Europe,Country,CYP,Cyprus,Year,2000,false,,,,,,,,,,,,,419.6,,,,,,419.55,,,EN,2025-12-04T23:00:00.000Z
GHED_OOP_pc_US_SHA2011,Out-of-pocket expenditure (OOP) per capita in US$,numeric,EUR,Europe,Country,GEO,Georgia,Year,2000,false,,,,,,,,,,,,,42.32,,,,,,42.32,,,EN,2025-12-04T23:00:00.000Z
GHED_OOP_pc_US_SHA2011,Out-of-pocket expenditure (OOP) per capita in US$,numeric,EUR,Europe,Country,EST,Estonia,Year,2000,false,,,,,,,,,,,,,42.71,,,,,,42.71,,,EN,2025-12-04T23:00:00.000Z
GHED_OOP_pc_US_SHA2011,Out-of-pocket expenditure (OOP) per capita in US$,numeric,EMR,Eastern Mediterranean,Country,TUN,Tunisia,Year,2000,false,,,,,,,,,,,,,42.88,,,,,,42.88,,,EN,2025-12-04T23:00:00.000Z
GHED_OOP_pc_US_SHA2011,Out-of-pocket expenditure (OOP) per capita in US$,numeric,EMR,Eastern Mediterranean,Country,EGY,Egypt,Year,2000,false,,,,,,,,,,,,,43.35,,,,,,43.35,,,EN,2025-12-04T23:00:00.000Z
GHED_OOP_pc_US_SHA2011,Out-of-pocket expenditure (OOP) per capita in US$,numeric,EUR,Europe,Country,AUT,Austria,Year,2000,false,,,,,,,,,,,,,433.5,,,,,,433.55,,,EN,2025-12-04T23:00:00.000Z
GHED_OOP_pc_US_SHA2011,Out-of-pocket expenditure (OOP) per capita in US$,numeric,EUR,Europe,Country,ISR,Israel,Year,2000,false,,,,,,,,,,,,,434.4,,,,,,434.39,,,EN,2025-12-04T23:00:00.000Z
GHED_OOP_pc_US_SHA2011,Out-of-pocket expenditure (OOP) per capita in US$,numeric,WPR,Western Pacific,Country,JPN,Japan,Year,2000,false,,,,,,,,,,,,,437.9,,,,,,437.92,,,EN,2025-12-04T23:00:00.000Z
GHED_OOP_pc_US_SHA2011,Out-of-pocket expenditure (OOP) per capita in US$,numeric,EUR,Europe,Country,BIH,Bosnia and Herzegovina,Year,2000,false,,,,,,,,,,,,,44.75,,,,,,44.75,,,EN,2025-12-04T23:00:00.000Z
GHED_OOP_pc_US_SHA2011,Out-of-pocket expenditure (OOP) per capita in US$,numeric,WPR,Western Pacific,Country,MYS,Malaysia,Year,2000,false,,,,,,,,,,,,,45.52,,,,,,45.52,,,EN,2025-12-04T23:00:00.000Z
GHED_OOP_pc_US_SHA2011,Out-of-pocket expenditure (OOP) per capita in US$,numeric,EMR,Eastern Mediterranean,Country,IRN,Iran (Islamic Republic of),Year,2000,false,,,,,,,,,,,,,47.62,,,,,,47.62,,,EN,2025-12-04T23:00:00.000Z
GHED_OOP_pc_US_SHA2011,Out-of-pocket expenditure (OOP) per capita in US$,numeric,AMR,Americas,Country,GTM,Guatemala,Year,2000,false,,,,,,,,,,,,,49.33,,,,,,49.33,,,EN,2025-12-04T23:00:00.000Z
GHED_OOP_pc_US_SHA2011,Out-of-pocket expenditure (OOP) per capita in US$,numeric,EMR,Eastern Mediterranean,Country,PSE,"occupied Palestinian territory, including east Jerusalem",Year,2000,false,,,,,,,,,,,,,49.87,,,,,,49.87,,,EN,2025-12-04T23:00:00.000Z
GHED_OOP_pc_US_SHA2011,Out-of-pocket expenditure (OOP) per capita in US$,numeric,WPR,Western Pacific,Country,VUT,Vanuatu,Year,2000,false,,,,,,,,,,,,,5.02,,,,,,5.02,,,EN,2025-12-04T23:00:00.000Z
GHED_OOP_pc_US_SHA2011,Out-of-pocket expenditure (OOP) per capita in US$,numeric,SEAR,South-East Asia,Country,BGD,Bangladesh,Year,2000,false,,,,,,,,,,,,,5.12,,,,,,5.12,,,EN,2025-12-04T23:00:00.000Z
GHED_OOP_pc_US_SHA2011,Out-of-pocket expenditure (OOP) per capita in US$,numeric,WPR,Western Pacific,Country,MNG,Mongolia,Year,2000,false,,,,,,,,,,,,,5.21,,,,,,5.21,,,EN,2025-12-04T23:00:00.000Z
GHED_OOP_pc_US_SHA2011,Out-of-pocket expenditure (OOP) per capita in US$,numeric,AFR,Africa,Country,NER,Niger,Year,2000,false,,,,,,,,,,,,,5.46,,,,,,5.46,,,EN,2025-12-04T23:00:00.000Z
GHED_OOP_pc_US_SHA2011,Out-of-pocket expenditure (OOP) per capita in US$,numeric,AFR,Africa,Country,LBR,Liberia,Year,2000,false,,,,,,,,,,,,,5.52,,,,,,5.52,,,EN,2025-12-04T23:00:00.000Z
GHED_OOP_pc_US_SHA2011,Out-of-pocket expenditure (OOP) per capita in US$,numeric,AFR,Africa,Country,TCD,Chad,Year,2000,false,,,,,,,,,,,,,5.66,,,,,,5.66,,,EN,2025-12-04T23:00:00.000Z
GHED_OOP_pc_US_SHA2011,Out-of-pocket expenditure (OOP) per capita in US$,numeric,AFR,Africa,Country,BFA,Burkina Faso,Year,2000,false,,,,,,,,,,,,,5.76,,,,,,5.76,,,EN,2025-12-04T23:00:00.000Z
GHED_OOP_pc_US_SHA2011,Out-of-pocket expenditure (OOP) per capita in US$,numeric,AFR,Africa,Country,MUS,Mauritius,Year,2000,false,,,,,,,,,,,,,51,,,,,,51.00,,,EN,2025-12-04T23:00:00.000Z
GHED_OOP_pc_US_SHA2011,Out-of-pocket expenditure (OOP) per capita in US$,numeric,AMR,Americas,Country,PRY,Paraguay,Year,2000,false,,,,,,,,,,,,,51.3,,,,,,51.30,,,EN,2025-12-04T23:00:00.000Z
GHED_OOP_pc_US_SHA2011,Out-of-pocket expenditure (OOP) per capita in US$,numeric,EUR,Europe,Country,ISL,Iceland,Year,2000,false,,,,,,,,,,,,,514.5,,,,,,514.48,,,EN,2025-12-04T23:00:00.000Z
GHED_OOP_pc_US_SHA2011,Out-of-pocket expenditure (OOP) per capita in US$,numeric,EUR,Europe,Country,NOR,Norway,Year,2000,false,,,,,,,,,,,,,529.1,,,,,,529.08,,,EN,2025-12-04T23:00:00.000Z
GHED_OOP_pc_US_SHA2011,Out-of-pocket expenditure (OOP) per capita in US$,numeric,AMR,Americas,Country,BLZ,Belize,Year,2000,false,,,,,,,,,,,,,53.02,,,,,,53.02,,,EN,2025-12-04T23:00:00.000Z
GHED_OOP_pc_US_SHA2011,Out-of-pocket expenditure (OOP) per capita in US$,numeric,EUR,Europe,Country,HRV,Croatia,Year,2000,false,,,,,,,,,,,,,53.47,,,,,,53.47,,,EN,2025-12-04T23:00:00.000Z
GHED_OOP_pc_US_SHA2011,Out-of-pocket expenditure (OOP) per capita in US$,numeric,EUR,Europe,Country,TUR,Türkiye,Year,2000,false,,,,,,,,,,,,,55.15,,,,,,55.15,,,EN,2025-12-04T23:00:00.000Z
GHED_OOP_pc_US_SHA2011,Out-of-pocket expenditure (OOP) per capita in US$,numeric,EUR,Europe,Country,SMR,San Marino,Year,2000,false,,,,,,,,,,,,,557.2,,,,,,557.22,,,EN,2025-12-04T23:00:00.000Z
GHED_OOP_pc_US_SHA2011,Out-of-pocket expenditure (OOP) per capita in US$,numeric,EUR,Europe,Country,LTU,Lithuania,Year,2000,false,,,,,,,,,,,,,58.97,,,,,,58.97,,,EN,2025-12-04T23:00:00.000Z
GHED_OOP_pc_US_SHA2011,Out-of-pocket expenditure (OOP) per capita in US$,numeric,EMR,Eastern Mediterranean,Country,JOR,Jordan,Year,2000,false,,,,,,,,,,,,,59.17,,,,,,59.17,,,EN,2025-12-04T23:00:00.000Z
GHED_OOP_pc_US_SHA2011,Out-of-pocket expenditure (OOP) per capita in US$,numeric,EUR,Europe,Country,KGZ,Kyrgyzstan,Year,2000,false,,,,,,,,,,,,,6.22,,,,,,6.22,,,EN,2025-12-04T23:00:00.000Z
GHED_OOP_pc_US_SHA2011,Out-of-pocket expenditure (OOP) per capita in US$,numeric,WPR,Western Pacific,Country,LAO,Lao People's Democratic Republic,Year,2000,false,,,,,,,,,,,,,6.32,,,,,,6.32,,,EN,2025-12-04T23:00:00.000Z
GHED_OOP_pc_US_SHA2011,Out-of-pocket expenditure (OOP) per capita in US$,numeric,AFR,Africa,Country,ZMB,Zambia,Year,2000,false,,,,,,,,,,,,,6.74,,,,,,6.74,,,EN,2025-12-04T23:00:00.000Z
GHED_OOP_pc_US_SHA2011,Out-of-pocket expenditure (OOP) per capita in US$,numeric,WPR,Western Pacific,Country,IDN,Indonesia,Year,2000,false,,,,,,,,,,,,,6.96,,,,,,6.96,,,EN,2025-12-04T23:00:00.000Z
GHED_OOP_pc_US_SHA2011,Out-of-pocket expenditure (OOP) per capita in US$,numeric,AFR,Africa,Country,SYC,Seychelles,Year,2000,false,,,,,,,,,,,,,60.86,,,,,,60.86,,,EN,2025-12-04T23:00:00.000Z
GHED_OOP_pc_US_SHA2011,Out-of-pocket expenditure (OOP) per capita in US$,numeric,AFR,Africa,Country,GAB,Gabon,Year,2000,false,,,,,,,,,,,,,65.49,,,,,,65.49,,,EN,2025-12-04T23:00:00.000Z
GHED_OOP_pc_US_SHA2011,Out-of-pocket expenditure (OOP) per capita in US$,numeric,EUR,Europe,Country,MKD,North Macedonia,Year,2000,false,,,,,,,,,,,,,68.47,,,,,,68.47,,,EN,2025-12-04T23:00:00.000Z
GHED_OOP_pc_US_SHA2011,Out-of-pocket expenditure (OOP) per capita in US$,numeric,AMR,Americas,Country,USA,United States of America,Year,2000,false,,,,,,,,,,,,,687.6,,,,,,687.62,,,EN,2025-12-04T23:00:00.000Z
GHED_OOP_pc_US_SHA2011,Out-of-pocket expenditure (OOP) per capita in US$,numeric,AMR,Americas,Country,JAM,Jamaica,Year,2000,false,,,,,,,,,,,,,69.29,,,,,,69.29,,,EN,2025-12-04T23:00:00.000Z
GHED_OOP_pc_US_SHA2011,Out-of-pocket expenditure (OOP) per capita in US$,numeric,AFR,Africa,Country,UGA,Uganda,Year,2000,false,,,,,,,,,,,,,7.07,,,,,,7.07,,,EN,2025-12-04T23:00:00.000Z
GHED_OOP_pc_US_SHA2011,Out-of-pocket expenditure (OOP) per capita in US$,numeric,WPR,Western Pacific,Country,WSM,Samoa,Year,2000,false,,,,,,,,,,,,,7.24,,,,,,7.24,,,EN,2025-12-04T23:00:00.000Z
GHED_OOP_pc_US_SHA2011,Out-of-pocket expenditure (OOP) per capita in US$,numeric,WPR,Western Pacific,Country,VNM,Viet Nam,Year,2000,false,,,,,,,,,,,,,7.29,,,,,,7.29,,,EN,2025-12-04T23:00:00.000Z
GHED_OOP_pc_US_SHA2011,Out-of-pocket expenditure (OOP) per capita in US$,numeric,WPR,Western Pacific,Country,TON,Tonga,Year,2000,false,,,,,,,,,,,,,7.74,,,,,,7.74,,,EN,2025-12-04T23:00:00.000Z
GHED_OOP_pc_US_SHA2011,Out-of-pocket expenditure (OOP) per capita in US$,numeric,WPR,Western Pacific,Country,FSM,Micronesia (Federated States of),Year,2000,false,,,,,,,,,,,,,7.78,,,,,,7.78,,,EN,2025-12-04T23:00:00.000Z
GHED_OOP_pc_US_SHA2011,Out-of-pocket expenditure (OOP) per capita in US$,numeric,AFR,Africa,Country,BEN,Benin,Year,2000,false,,,,,,,,,,,,,7.92,,,,,,7.92,,,EN,2025-12-04T23:00:00.000Z
GHED_OOP_pc_US_SHA2011,Out-of-pocket expenditure (OOP) per capita in US$,numeric,AMR,Americas,Country,SLV,El Salvador,Year,2000,false,,,,,,,,,,,,,70.54,,,,,,70.54,,,EN,2025-12-04T23:00:00.000Z
GHED_OOP_pc_US_SHA2011,Out-of-pocket expenditure (OOP) per capita in US$,numeric,EUR,Europe,Country,POL,Poland,Year,2000,false,,,,,,,,,,,,,74.07,,,,,,74.07,,,EN,2025-12-04T23:00:00.000Z
GHED_OOP_pc_US_SHA2011,Out-of-pocket expenditure (OOP) per capita in US$,numeric,AMR,Americas,Country,DOM,Dominican Republic,Year,2000,false,,,,,,,,,,,,,76.51,,,,,,76.51,,,EN,2025-12-04T23:00:00.000Z
GHED_OOP_pc_US_SHA2011,Out-of-pocket expenditure (OOP) per capita in US$,numeric,AMR,Americas,Country,CRI,Costa Rica,Year,2000,false,,,,,,,,,,,,,79.03,,,,,,79.03,,,EN,2025-12-04T23:00:00.000Z
GHED_OOP_pc_US_SHA2011,Out-of-pocket expenditure (OOP) per capita in US$,numeric,WPR,Western Pacific,Country,FJI,Fiji,Year,2000,false,,,,,,,,,,,,,8.05,,,,,,8.05,,,EN,2025-12-04T23:00:00.000Z
GHED_OOP_pc_US_SHA2011,Out-of-pocket expenditure (OOP) per capita in US$,numeric,AFR,Africa,Country,GNB,Guinea-Bissau,Year,2000,false,,,,,,,,,,,,,8.06,,,,,,8.06,,,EN,2025-12-04T23:00:00.000Z
GHED_OOP_pc_US_SHA2011,Out-of-pocket expenditure (OOP) per capita in US$,numeric,EMR,Eastern Mediterranean,Country,SDN,Sudan,Year,2000,false,,,,,,,,,,,,,8.65,,,,,,8.65,,,EN,2025-12-04T23:00:00.000Z
GHED_OOP_pc_US_SHA2011,Out-of-pocket expenditure (OOP) per capita in US$,numeric,EMR,Eastern Mediterranean,Country,PAK,Pakistan,Year,2000,false,,,,,,,,,,,,,8.81,,,,,,8.81,,,EN,2025-12-04T23:00:00.000Z
GHED_OOP_pc_US_SHA2011,Out-of-pocket expenditure (OOP) per capita in US$,numeric,AFR,Africa,Country,ERI,Eritrea,Year,2000,false,,,,,,,,,,,,,8.95,,,,,,8.95,,,EN,2025-12-04T23:00:00.000Z
GHED_OOP_pc_US_SHA2011,Out-of-pocket expenditure (OOP) per capita in US$,numeric,WPR,Western Pacific,Country,BRN,Brunei Darussalam,Year,2000,false,,,,,,,,,,,,,82.17,,,,,,82.17,,,EN,2025-12-04T23:00:00.000Z
GHED_OOP_pc_US_SHA2011,Out-of-pocket expenditure (OOP) per capita in US$,numeric,AMR,Americas,Country,DMA,Dominica,Year,2000,false,,,,,,,,,,,,,85.54,,,,,,85.54,,,EN,2025-12-04T23:00:00.000Z
GHED_OOP_pc_US_SHA2011,Out-of-pocket expenditure (OOP) per capita in US$,numeric,EUR,Europe,Country,HUN,Hungary,Year,2000,false,,,,,,,,,,,,,85.56,,,,,,85.56,,,EN,2025-12-04T23:00:00.000Z
GHED_OOP_pc_US_SHA2011,Out-of-pocket expenditure (OOP) per capita in US$,numeric,EUR,Europe,Country,LVA,Latvia,Year,2000,false,,,,,,,,,,,,,86.53,,,,,,86.53,,,EN,2025-12-04T23:00:00.000Z
GHED_OOP_pc_US_SHA2011,Out-of-pocket expenditure (OOP) per capita in US$,numeric,EUR,Europe,Country,BLR,Belarus,Year,2000,false,,,,,,,,,,,,,9.13,,,,,,9.13,,,EN,2025-12-04T23:00:00.000Z
GHED_OOP_pc_US_SHA2011,Out-of-pocket expenditure (OOP) per capita in US$,numeric,AFR,Africa,Country,COG,Congo,Year,2000,false,,,,,,,,,,,,,9.14,,,,,,9.14,,,EN,2025-12-04T23:00:00.000Z
GHED_OOP_pc_US_SHA2011,Out-of-pocket expenditure (OOP) per capita in US$,numeric,AFR,Africa,Country,LSO,Lesotho,Year,2000,false,,,,,,,,,,,,,9.42,,,,,,9.42,,,EN,2025-12-04T23:00:00.000Z
GHED_OOP_pc_US_SHA2011,Out-of-pocket expenditure (OOP) per capita in US$,numeric,AFR,Africa,Country,COD,Democratic Republic of the Congo,Year,2000,false,,,,,,,,,,,,,9.47,,,,,,9.47,,,EN,2025-12-04T23:00:00.000Z
GHED_OOP_pc_US_SHA2011,Out-of-pocket expenditure (OOP) per capita in US$,numeric,AFR,Africa,Country,MLI,Mali,Year,2000,false,,,,,,,,,,,,,9.64,,,,,,9.64,,,EN,2025-12-04T23:00:00.000Z
GHED_OOP_pc_US_SHA2011,Out-of-pocket expenditure (OOP) per capita in US$,numeric,EMR,Eastern Mediterranean,Country,YEM,Yemen,Year,2000,false,,,,,,,,,,,,,9.97,,,,,,9.97,,,EN,2025-12-04T23:00:00.000Z
GHED_OOP_pc_US_SHA2011,Out-of-pocket expenditure (OOP) per capita in US$,numeric,EMR,Eastern Mediterranean,Country,SAU,Saudi Arabia,Year,2000,false,,,,,,,,,,,,,91.09,,,,,,91.09,,,EN,2025-12-04T23:00:00.000Z
GHED_OOP_pc_US_SHA2011,Out-of-pocket expenditure (OOP) per capita in US$,numeric,AMR,Americas,Country,PAN,Panama,Year,2000,false,,,,,,,,,,,,,92.34,,,,,,92.34,,,EN,2025-12-04T23:00:00.000Z
